Unity Editor version:    2022.3.59f1 (630718f645a5)
Branch:                  2022.3/staging
Build type:              Release
Batch mode:              YES
macOS version:           Version 15.3.2 (Build 24D81)
Darwin version:          24.3.0
Architecture:            arm64
Running under Rosetta:   NO
Available memory:        16384 MB
Using pre-set license
Pro License: YES

COMMAND LINE ARGUMENTS:
/Applications/Unity/Hub/Editor/2022.3.59f1/Unity.app/Contents/MacOS/Unity
-adb2
-batchMode
-noUpm
-name
AssetImportWorker7
-projectPath
/Users/oliveswarts/Playground_Scene/Final_Playground_Project
-logFile
Logs/AssetImportWorker7.log
-srvPort
51599
Successfully changed project path to: /Users/oliveswarts/Playground_Scene/Final_Playground_Project
/Users/oliveswarts/Playground_Scene/Final_Playground_Project
[UnityMemory] Configuration Parameters - Can be set up in boot.config
    "memorysetup-bucket-allocator-granularity=16"
    "memorysetup-bucket-allocator-bucket-count=8"
    "memorysetup-bucket-allocator-block-size=33554432"
    "memorysetup-bucket-allocator-block-count=8"
    "memorysetup-main-allocator-block-size=16777216"
    "memorysetup-thread-allocator-block-size=16777216"
    "memorysetup-gfx-main-allocator-block-size=16777216"
    "memorysetup-gfx-thread-allocator-block-size=16777216"
    "memorysetup-cache-allocator-block-size=4194304"
    "memorysetup-typetree-allocator-block-size=2097152"
    "memorysetup-profiler-bucket-allocator-granularity=16"
    "memorysetup-profiler-bucket-allocator-bucket-count=8"
    "memorysetup-profiler-bucket-allocator-block-size=33554432"
    "memorysetup-profiler-bucket-allocator-block-count=8"
    "memorysetup-profiler-allocator-block-size=16777216"
    "memorysetup-profiler-editor-allocator-block-size=1048576"
    "memorysetup-temp-allocator-size-main=16777216"
    "memorysetup-job-temp-allocator-block-size=2097152"
    "memorysetup-job-temp-allocator-block-size-background=1048576"
    "memorysetup-job-temp-allocator-reduction-small-platforms=262144"
    "memorysetup-allocator-temp-initial-block-size-main=262144"
    "memorysetup-allocator-temp-initial-block-size-worker=262144"
    "memorysetup-temp-allocator-size-background-worker=32768"
    "memorysetup-temp-allocator-size-job-worker=262144"
    "memorysetup-temp-allocator-size-preload-manager=33554432"
    "memorysetup-temp-allocator-size-nav-mesh-worker=65536"
    "memorysetup-temp-allocator-size-audio-worker=65536"
    "memorysetup-temp-allocator-size-cloud-worker=32768"
    "memorysetup-temp-allocator-size-gi-baking-worker=262144"
    "memorysetup-temp-allocator-size-gfx=262144"
Player connection [8313096256]  Target information:

Player connection [8313096256]  * "[IP] 100.107.30.155 [Port] 0 [Flags] 2 [Guid] 2879806041 [EditorId] 2879806041 [Version] 1048832 [Id] OSXEditor(0,Olives-MacBook-Air.local) [Debug] 1 [PackageName] OSXEditor [ProjectName] Editor" 

Player connection [8313096256] Host joined multi-casting on [225.0.0.222:54997]...
Player connection [8313096256] Host joined alternative multi-casting on [225.0.0.222:34997]...
Input System module state changed to: Initialized.
[PhysX] Initialized MultithreadedTaskDispatcher with 8 workers.
Refreshing native plugins compatible for Editor in 17.45 ms, found 2 plugins.
Preloading 0 native plugins for Editor in 0.00 ms.
Initialize engine version: 2022.3.59f1 (630718f645a5)
[Subsystems] Discovering subsystems at path /Applications/Unity/Hub/Editor/2022.3.59f1/Unity.app/Contents/Resources/UnitySubsystems
[Subsystems] Discovering subsystems at path /Users/oliveswarts/Playground_Scene/Final_Playground_Project/Assets
GfxDevice: creating device client; threaded=0; jobified=0
 preferred device: Apple M3 (high power)
Metal devices available: 1
0: Apple M3 (high power)
Using device Apple M3 (high power)
Initializing Metal device caps: Apple M3
Initialize mono
Mono path[0] = '/Applications/Unity/Hub/Editor/2022.3.59f1/Unity.app/Contents/Managed'
Mono path[1] = '/Applications/Unity/Hub/Editor/2022.3.59f1/Unity.app/Contents/MonoBleedingEdge/lib/mono/unityjit-macos'
Mono config path = '/Applications/Unity/Hub/Editor/2022.3.59f1/Unity.app/Contents/MonoBleedingEdge/etc'
Using monoOptions --debugger-agent=transport=dt_socket,embedding=1,server=y,suspend=n,address=127.0.0.1:56829
Begin MonoManager ReloadAssembly
Registering precompiled unity dll's ...
Register platform support module: /Applications/Unity/Hub/Editor/2022.3.59f1/Unity.app/Contents/PlaybackEngines/MacStandaloneSupport/UnityEditor.OSXStandalone.Extensions.dll
Registered in 0.002030 seconds.
- Loaded All Assemblies, in  0.263 seconds
Native extension for OSXStandalone target not found
Mono: successfully reloaded assembly
- Finished resetting the current domain, in  0.160 seconds
Domain Reload Profiling: 423ms
	BeginReloadAssembly (96ms)
		ExecutionOrderSort (0ms)
		DisableScriptedObjects (0ms)
		BackupInstance (0ms)
		ReleaseScriptingObjects (0ms)
		CreateAndSetChildDomain (1ms)
	RebuildCommonClasses (24ms)
	RebuildNativeTypeToScriptingClass (11ms)
	initialDomainReloadingComplete (34ms)
	LoadAllAssembliesAndSetupDomain (97ms)
		LoadAssemblies (96ms)
		RebuildTransferFunctionScriptingTraits (0ms)
		AnalyzeDomain (97ms)
			TypeCache.Refresh (96ms)
				TypeCache.ScanAssembly (85ms)
			ScanForSourceGeneratedMonoScriptInfo (0ms)
			ResolveRequiredComponents (0ms)
	FinalizeReload (160ms)
		ReleaseScriptCaches (0ms)
		RebuildScriptCaches (0ms)
		SetupLoadedEditorAssemblies (124ms)
			LogAssemblyErrors (0ms)
			InitializePlatformSupportModulesInManaged (4ms)
			SetLoadedEditorAssemblies (4ms)
			RefreshPlugins (0ms)
			BeforeProcessingInitializeOnLoad (1ms)
			ProcessInitializeOnLoadAttributes (88ms)
			ProcessInitializeOnLoadMethodAttributes (27ms)
			AfterProcessingInitializeOnLoad (0ms)
			EditorAssembliesLoaded (0ms)
		ExecutionOrderSort2 (0ms)
		AwakeInstancesAfterBackupRestoration (0ms)
========================================================================
Worker process is ready to serve import requests
Caller must complete domain reload
Begin MonoManager ReloadAssembly
- Loaded All Assemblies, in  0.447 seconds
Native extension for OSXStandalone target not found
Mono: successfully reloaded assembly
- Finished resetting the current domain, in  0.369 seconds
Domain Reload Profiling: 817ms
	BeginReloadAssembly (105ms)
		ExecutionOrderSort (0ms)
		DisableScriptedObjects (5ms)
		BackupInstance (0ms)
		ReleaseScriptingObjects (0ms)
		CreateAndSetChildDomain (33ms)
	RebuildCommonClasses (28ms)
	RebuildNativeTypeToScriptingClass (7ms)
	initialDomainReloadingComplete (20ms)
	LoadAllAssembliesAndSetupDomain (287ms)
		LoadAssemblies (208ms)
		RebuildTransferFunctionScriptingTraits (0ms)
		AnalyzeDomain (124ms)
			TypeCache.Refresh (106ms)
				TypeCache.ScanAssembly (91ms)
			ScanForSourceGeneratedMonoScriptInfo (11ms)
			ResolveRequiredComponents (6ms)
	FinalizeReload (369ms)
		ReleaseScriptCaches (0ms)
		RebuildScriptCaches (0ms)
		SetupLoadedEditorAssemblies (280ms)
			LogAssemblyErrors (0ms)
			InitializePlatformSupportModulesInManaged (2ms)
			SetLoadedEditorAssemblies (2ms)
			RefreshPlugins (0ms)
			BeforeProcessingInitializeOnLoad (40ms)
			ProcessInitializeOnLoadAttributes (196ms)
			ProcessInitializeOnLoadMethodAttributes (39ms)
			AfterProcessingInitializeOnLoad (1ms)
			EditorAssembliesLoaded (0ms)
		ExecutionOrderSort2 (0ms)
		AwakeInstancesAfterBackupRestoration (2ms)
Launching external process: /Applications/Unity/Hub/Editor/2022.3.59f1/Unity.app/Contents/Tools/UnityShaderCompiler
Launched and connected shader compiler UnityShaderCompiler after 0.14 seconds
Refreshing native plugins compatible for Editor in 1.33 ms, found 2 plugins.
Preloading 0 native plugins for Editor in 0.00 ms.
Unloading 4889 Unused Serialized files (Serialized files now loaded: 0)
Unloading 25 unused Assets / (364.1 KB). Loaded Objects now: 5352.
Memory consumption went from 203.7 MB to 203.4 MB.
Total: 2.527334 ms (FindLiveObjects: 0.152625 ms CreateObjectMapping: 0.048541 ms MarkObjects: 2.147000 ms  DeleteObjects: 0.178792 ms)

AssetImportParameters requested are different than current active one (requested -> active):
  custom:container-demuxer-ogg: 62fdf1f143b41e24485cea50d1cbac27 -> 
  custom:video-decoder-ogg-theora: a1e56fd34408186e4bbccfd4996cb3dc -> 
  custom:CustomObjectIndexerAttribute: 72b91833f83ae208fae7752999fa3104 -> 
  custom:container-demuxer-webm: 4f35f7cbe854078d1ac9338744f61a02 -> 
  custom:container-muxer-webm: aa71ff27fc2769a1b78a27578f13a17b -> 
  custom:video-decoder-webm-vp8: 9c59270c3fd7afecdb556c50c9e8de78 -> 
  custom:SearchIndexIgnoredProperties: e643bd26f0fe6173181afceb89e7c659 -> 
  custom:AudioImporter_EditorPlatform: 3918e3fc78b5a79bad01e8451be0beb8 -> 
  custom:framework-osx-AVFoundation: e770b220cccbd017edd2c1fefb359320 -> 
  custom:video-encoder-webm-vp8: eb34c28f22e8b96e1ab97ce403110664 -> 
  custom:audio-decoder-ogg-vorbis: bf7c407c2cedff20999df2af8eb42d56 -> 
  custom:audio-encoder-webm-vorbis: bf7c407c2cedff20999df2af8eb42d56 -> 
========================================================================
Received Import Request.
  Time since last request: 339227.439910 seconds.
  path: Assets/Asset Store/TerrainSampleAssets/Textures/Details/BushDry_MaskMap.tif
  artifactKey: Guid(ba5d550271efae04b84eeb0e550be656) Importer(2089858483,0ecaa5967403d082aa24f35e1b516d23)
Start importing Assets/Asset Store/TerrainSampleAssets/Textures/Details/BushDry_MaskMap.tif using Guid(ba5d550271efae04b84eeb0e550be656) Importer(2089858483,0ecaa5967403d082aa24f35e1b516d23) [PhysX] Initialized MultithreadedTaskDispatcher with 8 workers.
 -> (artifact id: '564002e4a1cdc29ce6de58e789f68b91') in 0.106353 seconds
Number of updated asset objects reloaded before import = 0
Number of asset objects unloaded after import = 1
========================================================================
Received Import Request.
  Time since last request: 0.000079 seconds.
  path: Assets/Asset Store/TerrainSampleAssets/Models/Heather_B.asset
  artifactKey: Guid(fa4ffd32709146c448c403bfd045f3fb) Importer(2089858483,0ecaa5967403d082aa24f35e1b516d23)
Start importing Assets/Asset Store/TerrainSampleAssets/Models/Heather_B.asset using Guid(fa4ffd32709146c448c403bfd045f3fb) Importer(2089858483,0ecaa5967403d082aa24f35e1b516d23) [PhysX] Initialized MultithreadedTaskDispatcher with 8 workers.
 -> (artifact id: '21867ad077f56f01a8e6a3c70158ab1f') in 0.002394 seconds
Number of updated asset objects reloaded before import = 0
Number of asset objects unloaded after import = 1
========================================================================
Received Import Request.
  Time since last request: 0.000056 seconds.
  path: Assets/Asset Store/TerrainSampleAssets/Models/GrassDry_C.asset
  artifactKey: Guid(9a249c33299836d45ae597069d9324e2) Importer(2089858483,0ecaa5967403d082aa24f35e1b516d23)
Start importing Assets/Asset Store/TerrainSampleAssets/Models/GrassDry_C.asset using Guid(9a249c33299836d45ae597069d9324e2) Importer(2089858483,0ecaa5967403d082aa24f35e1b516d23) [PhysX] Initialized MultithreadedTaskDispatcher with 8 workers.
 -> (artifact id: '2cf4d236cd2a4980bbaff0ea73cca283') in 0.001548 seconds
Number of updated asset objects reloaded before import = 0
Number of asset objects unloaded after import = 1
========================================================================
Received Import Request.
  Time since last request: 0.000046 seconds.
  path: Assets/Asset Store/TerrainSampleAssets/Textures/Heightmaps/Default_White.tif
  artifactKey: Guid(63c633526981fac49b5eb44c0212bf2f) Importer(2089858483,0ecaa5967403d082aa24f35e1b516d23)
Start importing Assets/Asset Store/TerrainSampleAssets/Textures/Heightmaps/Default_White.tif using Guid(63c633526981fac49b5eb44c0212bf2f) Importer(2089858483,0ecaa5967403d082aa24f35e1b516d23) [PhysX] Initialized MultithreadedTaskDispatcher with 8 workers.
 -> (artifact id: 'bc6fe9ecfec4c24870bdfed95d3bd607') in 0.004770 seconds
Number of updated asset objects reloaded before import = 0
Number of asset objects unloaded after import = 1
========================================================================
Received Import Request.
  Time since last request: 0.000083 seconds.
  path: Assets/Asset Store/TerrainSampleAssets/Settings/FoliageDiffusionProfile.asset
  artifactKey: Guid(a4f9b0b21cfa10140b76854ccb395dcf) Importer(2089858483,0ecaa5967403d082aa24f35e1b516d23)
Start importing Assets/Asset Store/TerrainSampleAssets/Settings/FoliageDiffusionProfile.asset using Guid(a4f9b0b21cfa10140b76854ccb395dcf) Importer(2089858483,0ecaa5967403d082aa24f35e1b516d23) [PhysX] Initialized MultithreadedTaskDispatcher with 8 workers.
 -> (artifact id: '2ec0da494f8eef57d58b4be69d9d9005') in 0.001703 seconds
Number of updated asset objects reloaded before import = 0
Number of asset objects unloaded after import = 1
========================================================================
Received Import Request.
  Time since last request: 0.000091 seconds.
  path: Assets/Asset Store/TerrainSampleAssets/Models/Bush_B.asset
  artifactKey: Guid(1ea33222cad50ad49aa4978bc84846e4) Importer(2089858483,0ecaa5967403d082aa24f35e1b516d23)
Start importing Assets/Asset Store/TerrainSampleAssets/Models/Bush_B.asset using Guid(1ea33222cad50ad49aa4978bc84846e4) Importer(2089858483,0ecaa5967403d082aa24f35e1b516d23) [PhysX] Initialized MultithreadedTaskDispatcher with 8 workers.
 -> (artifact id: 'c24e6629e962dc61f0de6dfd405e7abb') in 0.002045 seconds
Number of updated asset objects reloaded before import = 0
Number of asset objects unloaded after import = 1
========================================================================
Received Import Request.
  Time since last request: 0.000149 seconds.
  path: Assets/Asset Store/TerrainSampleAssets/Textures/Heightmaps/Errosion02_Heightmap.tif
  artifactKey: Guid(8d909223d66b7cd4d9719d37ee403dff) Importer(2089858483,0ecaa5967403d082aa24f35e1b516d23)
Start importing Assets/Asset Store/TerrainSampleAssets/Textures/Heightmaps/Errosion02_Heightmap.tif using Guid(8d909223d66b7cd4d9719d37ee403dff) Importer(2089858483,0ecaa5967403d082aa24f35e1b516d23) [PhysX] Initialized MultithreadedTaskDispatcher with 8 workers.
 -> (artifact id: 'e06492284f2417693a73d6d276254b5e') in 0.011469 seconds
Number of updated asset objects reloaded before import = 0
Number of asset objects unloaded after import = 1
========================================================================
Received Import Request.
  Time since last request: 0.000048 seconds.
  path: Assets/Asset Store/TerrainSampleAssets/Textures/Heightmaps/Slope03_Heightmap.tiff
  artifactKey: Guid(282e12329d9099343890f875c1429e1a) Importer(2089858483,0ecaa5967403d082aa24f35e1b516d23)
Start importing Assets/Asset Store/TerrainSampleAssets/Textures/Heightmaps/Slope03_Heightmap.tiff using Guid(282e12329d9099343890f875c1429e1a) Importer(2089858483,0ecaa5967403d082aa24f35e1b516d23) [PhysX] Initialized MultithreadedTaskDispatcher with 8 workers.
 -> (artifact id: 'da6b1cc5e35f4698099f5b454fffe80a') in 0.010370 seconds
Number of updated asset objects reloaded before import = 0
Number of asset objects unloaded after import = 1
========================================================================
Received Import Request.
  Time since last request: 0.000040 seconds.
  path: Assets/Asset Store/TerrainSampleAssets/TerrainBrushes/Terrainstamp_Plateau03_Brush.brush
  artifactKey: Guid(387141d2bd04a10459d9a306ca45434f) Importer(2089858483,0ecaa5967403d082aa24f35e1b516d23)
Start importing Assets/Asset Store/TerrainSampleAssets/TerrainBrushes/Terrainstamp_Plateau03_Brush.brush using Guid(387141d2bd04a10459d9a306ca45434f) Importer(2089858483,0ecaa5967403d082aa24f35e1b516d23) [PhysX] Initialized MultithreadedTaskDispatcher with 8 workers.
 -> (artifact id: 'eb953dc58ee09c0a04250d34c6de7689') in 0.010285 seconds
Number of updated asset objects reloaded before import = 0
Number of asset objects unloaded after import = 2
========================================================================
Received Import Request.
  Time since last request: 0.000047 seconds.
  path: Assets/Asset Store/TerrainSampleAssets/Textures/Terrain/Muddy_BaseColor.tif
  artifactKey: Guid(311fa94216ea77342a20e99b01ed6e69) Importer(2089858483,0ecaa5967403d082aa24f35e1b516d23)
Start importing Assets/Asset Store/TerrainSampleAssets/Textures/Terrain/Muddy_BaseColor.tif using Guid(311fa94216ea77342a20e99b01ed6e69) Importer(2089858483,0ecaa5967403d082aa24f35e1b516d23) [PhysX] Initialized MultithreadedTaskDispatcher with 8 workers.
 -> (artifact id: '81ba937c51959fa22ef5e0373bc90e41') in 0.008790 seconds
Number of updated asset objects reloaded before import = 0
Number of asset objects unloaded after import = 1
========================================================================
Received Import Request.
  Time since last request: 0.000038 seconds.
  path: Assets/Asset Store/TerrainSampleAssets/Textures/Details/Bush_A_Normal.tif
  artifactKey: Guid(e1ef57925b58e624bb0ddcc506f28e94) Importer(2089858483,0ecaa5967403d082aa24f35e1b516d23)
Start importing Assets/Asset Store/TerrainSampleAssets/Textures/Details/Bush_A_Normal.tif using Guid(e1ef57925b58e624bb0ddcc506f28e94) Importer(2089858483,0ecaa5967403d082aa24f35e1b516d23) [PhysX] Initialized MultithreadedTaskDispatcher with 8 workers.
 -> (artifact id: '447c56a9ddae8453b3074179dd858af6') in 0.005879 seconds
Number of updated asset objects reloaded before import = 0
Number of asset objects unloaded after import = 1
========================================================================
Received Import Request.
  Time since last request: 0.280935 seconds.
  path: Assets/Asset Store/TerrainSampleAssets/Textures/Details/Materials/BushDry_MaskMap.mat
  artifactKey: Guid(bdce815386b4e4592b79e86d4ad2335c) Importer(2089858483,0ecaa5967403d082aa24f35e1b516d23)
Start importing Assets/Asset Store/TerrainSampleAssets/Textures/Details/Materials/BushDry_MaskMap.mat using Guid(bdce815386b4e4592b79e86d4ad2335c) Importer(2089858483,0ecaa5967403d082aa24f35e1b516d23) [PhysX] Initialized MultithreadedTaskDispatcher with 8 workers.
 -> (artifact id: 'e8f1a10a87afb6228ae419c559fcf1dc') in 0.021299 seconds
Number of updated asset objects reloaded before import = 0
Number of asset objects unloaded after import = 2
========================================================================
Received Import Request.
  Time since last request: 0.000042 seconds.
  path: Assets/Asset Store/TerrainSampleAssets/ShaderGraphs/Subgraphs/URPSSS.shadersubgraph
  artifactKey: Guid(9037b993318fb2a46b314bdf87073500) Importer(2089858483,0ecaa5967403d082aa24f35e1b516d23)
Start importing Assets/Asset Store/TerrainSampleAssets/ShaderGraphs/Subgraphs/URPSSS.shadersubgraph using Guid(9037b993318fb2a46b314bdf87073500) Importer(2089858483,0ecaa5967403d082aa24f35e1b516d23) [PhysX] Initialized MultithreadedTaskDispatcher with 8 workers.
 -> (artifact id: '538b32903283abf3ffd97d0902bfcd7d') in 0.008728 seconds
Number of updated asset objects reloaded before import = 0
Number of asset objects unloaded after import = 1
========================================================================
Received Import Request.
  Time since last request: 0.000129 seconds.
  path: Assets/Asset Store/TerrainSampleAssets/Textures/Heightmaps/Cracked_Earth01_Heightmap.tif
  artifactKey: Guid(fc6089e3bffbdc9489980dbed57a64f6) Importer(2089858483,0ecaa5967403d082aa24f35e1b516d23)
Start importing Assets/Asset Store/TerrainSampleAssets/Textures/Heightmaps/Cracked_Earth01_Heightmap.tif using Guid(fc6089e3bffbdc9489980dbed57a64f6) Importer(2089858483,0ecaa5967403d082aa24f35e1b516d23) [PhysX] Initialized MultithreadedTaskDispatcher with 8 workers.
 -> (artifact id: '6d3ef3ef3c38c9e3a604a331c21d519a') in 0.006124 seconds
Number of updated asset objects reloaded before import = 0
Number of asset objects unloaded after import = 1
========================================================================
Received Import Request.
  Time since last request: 0.000146 seconds.
  path: Assets/Asset Store/TerrainSampleAssets/Prefabs/Heather_A.prefab
  artifactKey: Guid(cce04f533c148314abf74aff71206ec7) Importer(2089858483,0ecaa5967403d082aa24f35e1b516d23)
Start importing Assets/Asset Store/TerrainSampleAssets/Prefabs/Heather_A.prefab using Guid(cce04f533c148314abf74aff71206ec7) Importer(2089858483,0ecaa5967403d082aa24f35e1b516d23) [PhysX] Initialized MultithreadedTaskDispatcher with 8 workers.
 -> (artifact id: 'eef64d73b5dcb75645ced72b8cab11a7') in 0.014394 seconds
Number of updated asset objects reloaded before import = 0
Number of asset objects unloaded after import = 7
========================================================================
Received Import Request.
  Time since last request: 0.000029 seconds.
  path: Assets/Asset Store/TerrainSampleAssets/Textures/Details/Grass_C_Normal.tif
  artifactKey: Guid(ec6838d3bd80287449a69dc40380ebc8) Importer(2089858483,0ecaa5967403d082aa24f35e1b516d23)
Start importing Assets/Asset Store/TerrainSampleAssets/Textures/Details/Grass_C_Normal.tif using Guid(ec6838d3bd80287449a69dc40380ebc8) Importer(2089858483,0ecaa5967403d082aa24f35e1b516d23) [PhysX] Initialized MultithreadedTaskDispatcher with 8 workers.
 -> (artifact id: '4f2dcd0a3e10a0356bba66817da181b1') in 0.005901 seconds
Number of updated asset objects reloaded before import = 0
Number of asset objects unloaded after import = 1
========================================================================
Received Import Request.
  Time since last request: 0.000048 seconds.
  path: Assets/Asset Store/TerrainSampleAssets/Textures/Heightmaps/Slope01_Heightmap.tiff
  artifactKey: Guid(ef9c4dc3cb0fed644b548b70ef4f61a8) Importer(2089858483,0ecaa5967403d082aa24f35e1b516d23)
Start importing Assets/Asset Store/TerrainSampleAssets/Textures/Heightmaps/Slope01_Heightmap.tiff using Guid(ef9c4dc3cb0fed644b548b70ef4f61a8) Importer(2089858483,0ecaa5967403d082aa24f35e1b516d23) [PhysX] Initialized MultithreadedTaskDispatcher with 8 workers.
 -> (artifact id: '6d49a88b13fe9f41edbedce3eb9f4872') in 0.012006 seconds
Number of updated asset objects reloaded before import = 0
Number of asset objects unloaded after import = 1
========================================================================
Received Import Request.
  Time since last request: 0.000131 seconds.
  path: Assets/Asset Store/TerrainSampleAssets/TerrainBrushes/Terrainstamp_Mountain05_Brush.brush
  artifactKey: Guid(c18cd5b317ff2af479fe5b47336cc75c) Importer(2089858483,0ecaa5967403d082aa24f35e1b516d23)
Start importing Assets/Asset Store/TerrainSampleAssets/TerrainBrushes/Terrainstamp_Mountain05_Brush.brush using Guid(c18cd5b317ff2af479fe5b47336cc75c) Importer(2089858483,0ecaa5967403d082aa24f35e1b516d23) [PhysX] Initialized MultithreadedTaskDispatcher with 8 workers.
 -> (artifact id: 'a927d29164d48f4f08c8a8ac5b9fb44f') in 0.008591 seconds
Number of updated asset objects reloaded before import = 0
Number of asset objects unloaded after import = 2
========================================================================
Received Import Request.
  Time since last request: 0.381780 seconds.
  path: Assets/Asset Store/TerrainSampleAssets/Textures/Details/Materials/Bush_A_BaseColor 1.mat
  artifactKey: Guid(cd97a13417b004c84bdab300882ed526) Importer(2089858483,0ecaa5967403d082aa24f35e1b516d23)
Start importing Assets/Asset Store/TerrainSampleAssets/Textures/Details/Materials/Bush_A_BaseColor 1.mat using Guid(cd97a13417b004c84bdab300882ed526) Importer(2089858483,0ecaa5967403d082aa24f35e1b516d23) [PhysX] Initialized MultithreadedTaskDispatcher with 8 workers.
 -> (artifact id: 'cfe287f7c31a37b8ce6ef9e35130ca99') in 0.009800 seconds
Number of updated asset objects reloaded before import = 0
Number of asset objects unloaded after import = 2
========================================================================
Received Import Request.
  Time since last request: 0.000119 seconds.
  path: Assets/Asset Store/TerrainSampleAssets/Textures/Details/Grass_A_Normal.tif
  artifactKey: Guid(9a1568052101f2f48ba76e7342adc3f3) Importer(2089858483,0ecaa5967403d082aa24f35e1b516d23)
Start importing Assets/Asset Store/TerrainSampleAssets/Textures/Details/Grass_A_Normal.tif using Guid(9a1568052101f2f48ba76e7342adc3f3) Importer(2089858483,0ecaa5967403d082aa24f35e1b516d23) [PhysX] Initialized MultithreadedTaskDispatcher with 8 workers.
 -> (artifact id: '9e5b25b2b5dfe787773641a783d05aa1') in 0.008078 seconds
Number of updated asset objects reloaded before import = 0
Number of asset objects unloaded after import = 1
========================================================================
Received Import Request.
  Time since last request: 0.000032 seconds.
  path: Assets/Asset Store/TerrainSampleAssets/TerrainLayers/Snow_TerrainLayer.terrainlayer
  artifactKey: Guid(59b98ca43f27d8c4a89d4058d2a962e5) Importer(2089858483,0ecaa5967403d082aa24f35e1b516d23)
Start importing Assets/Asset Store/TerrainSampleAssets/TerrainLayers/Snow_TerrainLayer.terrainlayer using Guid(59b98ca43f27d8c4a89d4058d2a962e5) Importer(2089858483,0ecaa5967403d082aa24f35e1b516d23) [PhysX] Initialized MultithreadedTaskDispatcher with 8 workers.
 -> (artifact id: '5c53e1d65cf43d4732a7bfa5b77e4993') in 0.014511 seconds
Number of updated asset objects reloaded before import = 0
Number of asset objects unloaded after import = 4
========================================================================
Received Import Request.
  Time since last request: 0.000035 seconds.
  path: Assets/Asset Store/TerrainSampleAssets/TerrainLayers/Heather_TerrainLayer.terrainlayer
  artifactKey: Guid(795e383430200a14bb52726e97a0e7f4) Importer(2089858483,0ecaa5967403d082aa24f35e1b516d23)
Start importing Assets/Asset Store/TerrainSampleAssets/TerrainLayers/Heather_TerrainLayer.terrainlayer using Guid(795e383430200a14bb52726e97a0e7f4) Importer(2089858483,0ecaa5967403d082aa24f35e1b516d23) [PhysX] Initialized MultithreadedTaskDispatcher with 8 workers.
 -> (artifact id: '4835a228b3383bf81b26b28f44c9f3bd') in 0.016497 seconds
Number of updated asset objects reloaded before import = 0
Number of asset objects unloaded after import = 4
========================================================================
Received Import Request.
  Time since last request: 0.000037 seconds.
  path: Assets/Asset Store/TerrainSampleAssets/Textures/Details/Grass_C_BaseColor.tif
  artifactKey: Guid(696617d4dc7551d4cb58b7f30d022160) Importer(2089858483,0ecaa5967403d082aa24f35e1b516d23)
Start importing Assets/Asset Store/TerrainSampleAssets/Textures/Details/Grass_C_BaseColor.tif using Guid(696617d4dc7551d4cb58b7f30d022160) Importer(2089858483,0ecaa5967403d082aa24f35e1b516d23) [PhysX] Initialized MultithreadedTaskDispatcher with 8 workers.
 -> (artifact id: 'bf2b11e73935a2f9c4b4051a5440f19f') in 0.006016 seconds
Number of updated asset objects reloaded before import = 0
Number of asset objects unloaded after import = 1
========================================================================
Received Import Request.
  Time since last request: 0.000126 seconds.
  path: Assets/Asset Store/TerrainSampleAssets/Textures/Terrain/Grass_Moss_BaseColor.tif
  artifactKey: Guid(d44cec25420524046b0137655ed7f307) Importer(2089858483,0ecaa5967403d082aa24f35e1b516d23)
Start importing Assets/Asset Store/TerrainSampleAssets/Textures/Terrain/Grass_Moss_BaseColor.tif using Guid(d44cec25420524046b0137655ed7f307) Importer(2089858483,0ecaa5967403d082aa24f35e1b516d23) [PhysX] Initialized MultithreadedTaskDispatcher with 8 workers.
 -> (artifact id: 'fc1fbc6f08f61da142426dff7adf413c') in 0.008711 seconds
Number of updated asset objects reloaded before import = 0
Number of asset objects unloaded after import = 1
========================================================================
Received Import Request.
  Time since last request: 0.000083 seconds.
  path: Assets/Asset Store/TerrainSampleAssets/Settings/HeightmapTexture.preset
  artifactKey: Guid(3673edd4bef6add4aaf606245092507c) Importer(2089858483,0ecaa5967403d082aa24f35e1b516d23)
Start importing Assets/Asset Store/TerrainSampleAssets/Settings/HeightmapTexture.preset using Guid(3673edd4bef6add4aaf606245092507c) Importer(2089858483,0ecaa5967403d082aa24f35e1b516d23) [PhysX] Initialized MultithreadedTaskDispatcher with 8 workers.
 -> (artifact id: 'd12ad12fbddd077a3c9e8ade52a4d27a') in 0.004356 seconds
Number of updated asset objects reloaded before import = 0
Number of asset objects unloaded after import = 1
========================================================================
Received Import Request.
  Time since last request: 0.389593 seconds.
  path: Assets/Asset Store/TerrainSampleAssets/Models/Plant_B.asset
  artifactKey: Guid(97025d35e5b57294f92451cbaf836c12) Importer(2089858483,0ecaa5967403d082aa24f35e1b516d23)
Start importing Assets/Asset Store/TerrainSampleAssets/Models/Plant_B.asset using Guid(97025d35e5b57294f92451cbaf836c12) Importer(2089858483,0ecaa5967403d082aa24f35e1b516d23) [PhysX] Initialized MultithreadedTaskDispatcher with 8 workers.
 -> (artifact id: 'a9bd7a77baf32f5621d9daa215a7cd2e') in 0.004211 seconds
Number of updated asset objects reloaded before import = 0
Number of asset objects unloaded after import = 1
========================================================================
Received Import Request.
  Time since last request: 0.000182 seconds.
  path: Assets/Asset Store/TerrainSampleAssets/TerrainLayers/Grass_Soil_TerrainLayer.terrainlayer
  artifactKey: Guid(62f82665abc6fbf4e8f7fa058cbd8d6c) Importer(2089858483,0ecaa5967403d082aa24f35e1b516d23)
Start importing Assets/Asset Store/TerrainSampleAssets/TerrainLayers/Grass_Soil_TerrainLayer.terrainlayer using Guid(62f82665abc6fbf4e8f7fa058cbd8d6c) Importer(2089858483,0ecaa5967403d082aa24f35e1b516d23) [PhysX] Initialized MultithreadedTaskDispatcher with 8 workers.
 -> (artifact id: '7ba114adf7fc66d04f8c69bb33e5375f') in 0.014156 seconds
Number of updated asset objects reloaded before import = 0
Number of asset objects unloaded after import = 4
========================================================================
Received Import Request.
  Time since last request: 0.000048 seconds.
  path: Assets/Asset Store/TerrainSampleAssets/TerrainBrushes/Terrainstamp_Crackedground01_Brush.brush
  artifactKey: Guid(a27a2665c8aec334ba8bbba24ee0c827) Importer(2089858483,0ecaa5967403d082aa24f35e1b516d23)
Start importing Assets/Asset Store/TerrainSampleAssets/TerrainBrushes/Terrainstamp_Crackedground01_Brush.brush using Guid(a27a2665c8aec334ba8bbba24ee0c827) Importer(2089858483,0ecaa5967403d082aa24f35e1b516d23) [PhysX] Initialized MultithreadedTaskDispatcher with 8 workers.
 -> (artifact id: '267cafc7e376bd828b80dd02a6570ca8') in 0.003723 seconds
Number of updated asset objects reloaded before import = 0
Number of asset objects unloaded after import = 2
========================================================================
Received Import Request.
  Time since last request: 0.000163 seconds.
  path: Assets/Asset Store/TerrainSampleAssets/Textures/Heightmaps/Mountain05_Heightmap.tif
  artifactKey: Guid(59cf4095c6c8e0f488ebe12abd1e569a) Importer(2089858483,0ecaa5967403d082aa24f35e1b516d23)
Start importing Assets/Asset Store/TerrainSampleAssets/Textures/Heightmaps/Mountain05_Heightmap.tif using Guid(59cf4095c6c8e0f488ebe12abd1e569a) Importer(2089858483,0ecaa5967403d082aa24f35e1b516d23) [PhysX] Initialized MultithreadedTaskDispatcher with 8 workers.
 -> (artifact id: '244a4a83795031af7ca47a0034e2ea46') in 0.009567 seconds
Number of updated asset objects reloaded before import = 0
Number of asset objects unloaded after import = 1
========================================================================
Received Import Request.
  Time since last request: 0.000109 seconds.
  path: Assets/Asset Store/TerrainSampleAssets/Textures/Terrain/Pebbles_B_MaskMap.tif
  artifactKey: Guid(5c4a8c65594fb714388c177bbed315bc) Importer(2089858483,0ecaa5967403d082aa24f35e1b516d23)
Start importing Assets/Asset Store/TerrainSampleAssets/Textures/Terrain/Pebbles_B_MaskMap.tif using Guid(5c4a8c65594fb714388c177bbed315bc) Importer(2089858483,0ecaa5967403d082aa24f35e1b516d23) [PhysX] Initialized MultithreadedTaskDispatcher with 8 workers.
 -> (artifact id: '0b7107a24b12000093af7c1633880631') in 0.009053 seconds
Number of updated asset objects reloaded before import = 0
Number of asset objects unloaded after import = 1
========================================================================
Received Import Request.
  Time since last request: 0.000064 seconds.
  path: Assets/Asset Store/TerrainSampleAssets/Textures/Terrain/Rock_MaskMap.tif
  artifactKey: Guid(30b51375156b10e4780537d5793a26c9) Importer(2089858483,0ecaa5967403d082aa24f35e1b516d23)
Start importing Assets/Asset Store/TerrainSampleAssets/Textures/Terrain/Rock_MaskMap.tif using Guid(30b51375156b10e4780537d5793a26c9) Importer(2089858483,0ecaa5967403d082aa24f35e1b516d23) [PhysX] Initialized MultithreadedTaskDispatcher with 8 workers.
 -> (artifact id: '4e185983d56db8c0d2cf895e366c4475') in 0.009933 seconds
Number of updated asset objects reloaded before import = 0
Number of asset objects unloaded after import = 1
========================================================================
Received Import Request.
  Time since last request: 0.000047 seconds.
  path: Assets/Asset Store/TerrainSampleAssets/TerrainLayers/Pebbles_B_TerrainLayer.terrainlayer
  artifactKey: Guid(d1685375fd84e62439c572449faa4657) Importer(2089858483,0ecaa5967403d082aa24f35e1b516d23)
Start importing Assets/Asset Store/TerrainSampleAssets/TerrainLayers/Pebbles_B_TerrainLayer.terrainlayer using Guid(d1685375fd84e62439c572449faa4657) Importer(2089858483,0ecaa5967403d082aa24f35e1b516d23) [PhysX] Initialized MultithreadedTaskDispatcher with 8 workers.
 -> (artifact id: 'fa9f0061dd2fac45a17eb149a33d73f9') in 0.011883 seconds
Number of updated asset objects reloaded before import = 0
Number of asset objects unloaded after import = 4
========================================================================
Received Import Request.
  Time since last request: 0.390115 seconds.
  path: Assets/Asset Store/TerrainSampleAssets/Textures/Details/Bush_A_MaskMap.tif
  artifactKey: Guid(0e1771a5cd057014db71494d5a458d40) Importer(2089858483,0ecaa5967403d082aa24f35e1b516d23)
Start importing Assets/Asset Store/TerrainSampleAssets/Textures/Details/Bush_A_MaskMap.tif using Guid(0e1771a5cd057014db71494d5a458d40) Importer(2089858483,0ecaa5967403d082aa24f35e1b516d23) [PhysX] Initialized MultithreadedTaskDispatcher with 8 workers.
 -> (artifact id: '52604c001175cd0a76a046a159cfac2f') in 0.012804 seconds
Number of updated asset objects reloaded before import = 0
Number of asset objects unloaded after import = 1
========================================================================
Received Import Request.
  Time since last request: 0.000080 seconds.
  path: Assets/Asset Store/TerrainSampleAssets/Textures/Details/BushDry_BaseColor.tif
  artifactKey: Guid(a366a386d5147ee47b6111652608c240) Importer(2089858483,0ecaa5967403d082aa24f35e1b516d23)
Start importing Assets/Asset Store/TerrainSampleAssets/Textures/Details/BushDry_BaseColor.tif using Guid(a366a386d5147ee47b6111652608c240) Importer(2089858483,0ecaa5967403d082aa24f35e1b516d23) [PhysX] Initialized MultithreadedTaskDispatcher with 8 workers.
 -> (artifact id: 'ed1c5a6680b27bace519fe4ca0640cd2') in 0.007853 seconds
Number of updated asset objects reloaded before import = 0
Number of asset objects unloaded after import = 1
========================================================================
Received Import Request.
  Time since last request: 0.000062 seconds.
  path: Assets/Asset Store/TerrainSampleAssets/Textures/Terrain/Grass_A_Normal.tif
  artifactKey: Guid(a8a2fc863627f464e838ba616a1d5789) Importer(2089858483,0ecaa5967403d082aa24f35e1b516d23)
Start importing Assets/Asset Store/TerrainSampleAssets/Textures/Terrain/Grass_A_Normal.tif using Guid(a8a2fc863627f464e838ba616a1d5789) Importer(2089858483,0ecaa5967403d082aa24f35e1b516d23) [PhysX] Initialized MultithreadedTaskDispatcher with 8 workers.
 -> (artifact id: '3b672307a8b24fd6d0526f5cf66b569e') in 0.012887 seconds
Number of updated asset objects reloaded before import = 0
Number of asset objects unloaded after import = 1
========================================================================
Received Import Request.
  Time since last request: 0.000047 seconds.
  path: Assets/Asset Store/TerrainSampleAssets/TerrainBrushes/Terrainstamp_Erode02_Brush.brush
  artifactKey: Guid(b4f1a8962849d1e418cbb0637143dc00) Importer(2089858483,0ecaa5967403d082aa24f35e1b516d23)
Start importing Assets/Asset Store/TerrainSampleAssets/TerrainBrushes/Terrainstamp_Erode02_Brush.brush using Guid(b4f1a8962849d1e418cbb0637143dc00) Importer(2089858483,0ecaa5967403d082aa24f35e1b516d23) [PhysX] Initialized MultithreadedTaskDispatcher with 8 workers.
 -> (artifact id: '55184ffb8469f063c0685bddd8291b97') in 0.007561 seconds
Number of updated asset objects reloaded before import = 0
Number of asset objects unloaded after import = 2
========================================================================
Received Import Request.
  Time since last request: 0.000032 seconds.
  path: Assets/Asset Store/TerrainSampleAssets/Textures/Terrain/Tidal_Pools_BaseColor.tif
  artifactKey: Guid(65c50b065f264b042a12153fb6454aa5) Importer(2089858483,0ecaa5967403d082aa24f35e1b516d23)
Start importing Assets/Asset Store/TerrainSampleAssets/Textures/Terrain/Tidal_Pools_BaseColor.tif using Guid(65c50b065f264b042a12153fb6454aa5) Importer(2089858483,0ecaa5967403d082aa24f35e1b516d23) [PhysX] Initialized MultithreadedTaskDispatcher with 8 workers.
 -> (artifact id: '3cd762b34def18eb100194c96c268d87') in 0.007235 seconds
Number of updated asset objects reloaded before import = 0
Number of asset objects unloaded after import = 1
========================================================================
Received Import Request.
  Time since last request: 0.000056 seconds.
  path: Assets/Asset Store/TerrainSampleAssets/Textures/Heightmaps/Errosion01_Heightmap.tif
  artifactKey: Guid(228af47692a8c7c49b93049646ac6c46) Importer(2089858483,0ecaa5967403d082aa24f35e1b516d23)
Start importing Assets/Asset Store/TerrainSampleAssets/Textures/Heightmaps/Errosion01_Heightmap.tif using Guid(228af47692a8c7c49b93049646ac6c46) Importer(2089858483,0ecaa5967403d082aa24f35e1b516d23) [PhysX] Initialized MultithreadedTaskDispatcher with 8 workers.
 -> (artifact id: 'ff6de6541eec662b1e8efaa511ea0c2a') in 0.012082 seconds
Number of updated asset objects reloaded before import = 0
Number of asset objects unloaded after import = 1
========================================================================
Received Import Request.
  Time since last request: 0.000072 seconds.
  path: Assets/Asset Store/TerrainSampleAssets/Textures/Details/Bush_A_BaseColor.tif
  artifactKey: Guid(eb04da16cbc16c9488332336fb11b965) Importer(2089858483,0ecaa5967403d082aa24f35e1b516d23)
Start importing Assets/Asset Store/TerrainSampleAssets/Textures/Details/Bush_A_BaseColor.tif using Guid(eb04da16cbc16c9488332336fb11b965) Importer(2089858483,0ecaa5967403d082aa24f35e1b516d23) [PhysX] Initialized MultithreadedTaskDispatcher with 8 workers.
 -> (artifact id: '65c55099a82a75d488bdc326dccc55ac') in 0.005387 seconds
Number of updated asset objects reloaded before import = 0
Number of asset objects unloaded after import = 1
========================================================================
Received Import Request.
  Time since last request: 0.393463 seconds.
  path: Assets/Asset Store/TerrainSampleAssets/TerrainBrushes/Terrainstamp_Ridge04_Brush.brush
  artifactKey: Guid(913af1c64ea139348925340c09459a50) Importer(2089858483,0ecaa5967403d082aa24f35e1b516d23)
Start importing Assets/Asset Store/TerrainSampleAssets/TerrainBrushes/Terrainstamp_Ridge04_Brush.brush using Guid(913af1c64ea139348925340c09459a50) Importer(2089858483,0ecaa5967403d082aa24f35e1b516d23) [PhysX] Initialized MultithreadedTaskDispatcher with 8 workers.
 -> (artifact id: 'bf1e8ff4ec7f623dd7586f3d50db96e4') in 0.014336 seconds
Number of updated asset objects reloaded before import = 0
Number of asset objects unloaded after import = 2
========================================================================
Received Import Request.
  Time since last request: 0.000044 seconds.
  path: Assets/Asset Store/TerrainSampleAssets/Textures/Heightmaps/Ridge05_Heightmap.tif
  artifactKey: Guid(d5746b47e7c4501479a9aaa297c095e3) Importer(2089858483,0ecaa5967403d082aa24f35e1b516d23)
Start importing Assets/Asset Store/TerrainSampleAssets/Textures/Heightmaps/Ridge05_Heightmap.tif using Guid(d5746b47e7c4501479a9aaa297c095e3) Importer(2089858483,0ecaa5967403d082aa24f35e1b516d23) [PhysX] Initialized MultithreadedTaskDispatcher with 8 workers.
 -> (artifact id: '615d842a954583d6e2db5d53b1afbeb8') in 0.011986 seconds
Number of updated asset objects reloaded before import = 0
Number of asset objects unloaded after import = 1
========================================================================
Received Import Request.
  Time since last request: 0.000044 seconds.
  path: Assets/Asset Store/TerrainSampleAssets/TerrainBrushes/Terrainstamp_Erode01_Brush.brush
  artifactKey: Guid(7ee3d567366c781458dc63f069654dff) Importer(2089858483,0ecaa5967403d082aa24f35e1b516d23)
Start importing Assets/Asset Store/TerrainSampleAssets/TerrainBrushes/Terrainstamp_Erode01_Brush.brush using Guid(7ee3d567366c781458dc63f069654dff) Importer(2089858483,0ecaa5967403d082aa24f35e1b516d23) [PhysX] Initialized MultithreadedTaskDispatcher with 8 workers.
 -> (artifact id: '816bff106e63fe6cceb0dd49cc90bec1') in 0.007396 seconds
Number of updated asset objects reloaded before import = 0
Number of asset objects unloaded after import = 2
========================================================================
Received Import Request.
  Time since last request: 0.000129 seconds.
  path: Assets/Asset Store/TerrainSampleAssets/Textures/Heightmaps/Mountain07_Heightmap.tif
  artifactKey: Guid(ce420f179549a9c4f9a08a26260e8d18) Importer(2089858483,0ecaa5967403d082aa24f35e1b516d23)
Start importing Assets/Asset Store/TerrainSampleAssets/Textures/Heightmaps/Mountain07_Heightmap.tif using Guid(ce420f179549a9c4f9a08a26260e8d18) Importer(2089858483,0ecaa5967403d082aa24f35e1b516d23) [PhysX] Initialized MultithreadedTaskDispatcher with 8 workers.
 -> (artifact id: 'e068dcdf82fb38ee397f4a1639acfa89') in 0.011813 seconds
Number of updated asset objects reloaded before import = 0
Number of asset objects unloaded after import = 1
========================================================================
Received Import Request.
  Time since last request: 0.000078 seconds.
  path: Assets/Asset Store/TerrainSampleAssets/Prefabs/GrassDry_C.prefab
  artifactKey: Guid(8aa8def6286fc784ba128570ec475974) Importer(2089858483,0ecaa5967403d082aa24f35e1b516d23)
Start importing Assets/Asset Store/TerrainSampleAssets/Prefabs/GrassDry_C.prefab using Guid(8aa8def6286fc784ba128570ec475974) Importer(2089858483,0ecaa5967403d082aa24f35e1b516d23) [PhysX] Initialized MultithreadedTaskDispatcher with 8 workers.
 -> (artifact id: 'af6d7cb6e4ba5bac07959145b0827cf3') in 0.003232 seconds
Number of updated asset objects reloaded before import = 0
Number of asset objects unloaded after import = 7
========================================================================
Received Import Request.
  Time since last request: 0.000148 seconds.
  path: Assets/Asset Store/TerrainSampleAssets/TerrainBrushes/Terrainstamp_Canyon01_Brush.brush
  artifactKey: Guid(9b1536174e1306f4eb016fe953e5a678) Importer(2089858483,0ecaa5967403d082aa24f35e1b516d23)
Start importing Assets/Asset Store/TerrainSampleAssets/TerrainBrushes/Terrainstamp_Canyon01_Brush.brush using Guid(9b1536174e1306f4eb016fe953e5a678) Importer(2089858483,0ecaa5967403d082aa24f35e1b516d23) [PhysX] Initialized MultithreadedTaskDispatcher with 8 workers.
 -> (artifact id: 'afa183cbf8afa88147906b6dc9a80057') in 0.003511 seconds
Number of updated asset objects reloaded before import = 0
Number of asset objects unloaded after import = 2
========================================================================
Received Import Request.
  Time since last request: 0.000050 seconds.
  path: Assets/Asset Store/TerrainSampleAssets/ShaderGraphs/Subgraphs/DistanceCutoff.shadersubgraph
  artifactKey: Guid(6c605407cd6fa244f8ff68955ae4b09f) Importer(2089858483,0ecaa5967403d082aa24f35e1b516d23)
Start importing Assets/Asset Store/TerrainSampleAssets/ShaderGraphs/Subgraphs/DistanceCutoff.shadersubgraph using Guid(6c605407cd6fa244f8ff68955ae4b09f) Importer(2089858483,0ecaa5967403d082aa24f35e1b516d23) [PhysX] Initialized MultithreadedTaskDispatcher with 8 workers.
 -> (artifact id: '8d3159be6d253e59a40322d6a201b1d9') in 0.005304 seconds
Number of updated asset objects reloaded before import = 0
Number of asset objects unloaded after import = 1
========================================================================
Received Import Request.
  Time since last request: 0.401245 seconds.
  path: Assets/Asset Store/TerrainSampleAssets/Textures/Details/GrassDry_Normal.tif
  artifactKey: Guid(17cc5677d5a413843b9003e53261c859) Importer(2089858483,0ecaa5967403d082aa24f35e1b516d23)
Start importing Assets/Asset Store/TerrainSampleAssets/Textures/Details/GrassDry_Normal.tif using Guid(17cc5677d5a413843b9003e53261c859) Importer(2089858483,0ecaa5967403d082aa24f35e1b516d23) [PhysX] Initialized MultithreadedTaskDispatcher with 8 workers.
 -> (artifact id: '3040fff630f2de9c4b05e8664b8bb3eb') in 0.010440 seconds
Number of updated asset objects reloaded before import = 0
Number of asset objects unloaded after import = 1
========================================================================
Received Import Request.
  Time since last request: 0.000092 seconds.
  path: Assets/Asset Store/TerrainSampleAssets/TerrainBrushes/Terrainstamp_Flatmountain01_Brush.brush
  artifactKey: Guid(5ca44fb774755d14f93870431e58a1e2) Importer(2089858483,0ecaa5967403d082aa24f35e1b516d23)
Start importing Assets/Asset Store/TerrainSampleAssets/TerrainBrushes/Terrainstamp_Flatmountain01_Brush.brush using Guid(5ca44fb774755d14f93870431e58a1e2) Importer(2089858483,0ecaa5967403d082aa24f35e1b516d23) [PhysX] Initialized MultithreadedTaskDispatcher with 8 workers.
 -> (artifact id: '7a4eb52494f0543bbd0867c6d85a6409') in 0.009109 seconds
Number of updated asset objects reloaded before import = 0
Number of asset objects unloaded after import = 2
========================================================================
Received Import Request.
  Time since last request: 0.000057 seconds.
  path: Assets/Asset Store/TerrainSampleAssets/TerrainBrushes/Terrainstamp_Canyon05_Brush.brush
  artifactKey: Guid(ceb297a70ecfb74479647a7e0e433265) Importer(2089858483,0ecaa5967403d082aa24f35e1b516d23)
Start importing Assets/Asset Store/TerrainSampleAssets/TerrainBrushes/Terrainstamp_Canyon05_Brush.brush using Guid(ceb297a70ecfb74479647a7e0e433265) Importer(2089858483,0ecaa5967403d082aa24f35e1b516d23) [PhysX] Initialized MultithreadedTaskDispatcher with 8 workers.
 -> (artifact id: '43fa24ba4d89d52ac52cab52afdb7185') in 0.008338 seconds
Number of updated asset objects reloaded before import = 0
Number of asset objects unloaded after import = 2
========================================================================
Received Import Request.
  Time since last request: 0.000046 seconds.
  path: Assets/Asset Store/LowPolyTropicalEnvironment_LITE/Prefabs/Chest_01.prefab
  artifactKey: Guid(2269c5cfaa7f7314bba868f540b5ddad) Importer(815301076,1909f56bfc062723c751e8b465ee728b)
Start importing Assets/Asset Store/LowPolyTropicalEnvironment_LITE/Prefabs/Chest_01.prefab using Guid(2269c5cfaa7f7314bba868f540b5ddad) Importer(815301076,1909f56bfc062723c751e8b465ee728b) [PhysX] Initialized MultithreadedTaskDispatcher with 8 workers.
[PhysX] Initialized MultithreadedTaskDispatcher with 8 workers.
 -> (artifact id: 'ff92c2f183d5068018a82d2ce8afdb1b') in 0.851158 seconds
Number of updated asset objects reloaded before import = 0
Number of asset objects unloaded after import = 79
========================================================================
Received Import Request.
  Time since last request: 0.000042 seconds.
  path: Assets/Asset Store/TerrainSampleAssets/Materials/Grass.asset
  artifactKey: Guid(fc123ab8f2eb56945b5849155624e2c0) Importer(2089858483,0ecaa5967403d082aa24f35e1b516d23)
Start importing Assets/Asset Store/TerrainSampleAssets/Materials/Grass.asset using Guid(fc123ab8f2eb56945b5849155624e2c0) Importer(2089858483,0ecaa5967403d082aa24f35e1b516d23) [PhysX] Initialized MultithreadedTaskDispatcher with 8 workers.
 -> (artifact id: 'eab53bb191ff2ec2db1e82f8850dd9ac') in 0.009014 seconds
Number of updated asset objects reloaded before import = 0
Number of asset objects unloaded after import = 6
========================================================================
Received Import Request.
  Time since last request: 0.000028 seconds.
  path: Assets/Asset Store/TerrainSampleAssets/Textures/Terrain/Grass_B_MaskMap.tif
  artifactKey: Guid(0f48eac8617d0de4cbc056e1734e798b) Importer(2089858483,0ecaa5967403d082aa24f35e1b516d23)
Start importing Assets/Asset Store/TerrainSampleAssets/Textures/Terrain/Grass_B_MaskMap.tif using Guid(0f48eac8617d0de4cbc056e1734e798b) Importer(2089858483,0ecaa5967403d082aa24f35e1b516d23) [PhysX] Initialized MultithreadedTaskDispatcher with 8 workers.
 -> (artifact id: 'b1cd1cc1c3cb9ceae50deab7bd2aacec') in 0.010406 seconds
Number of updated asset objects reloaded before import = 0
Number of asset objects unloaded after import = 1
========================================================================
Received Import Request.
  Time since last request: 0.000087 seconds.
  path: Assets/Asset Store/TerrainSampleAssets/Models/Grass_C.asset
  artifactKey: Guid(e4775a09ccd762a42b26cb448a2763f0) Importer(2089858483,0ecaa5967403d082aa24f35e1b516d23)
Start importing Assets/Asset Store/TerrainSampleAssets/Models/Grass_C.asset using Guid(e4775a09ccd762a42b26cb448a2763f0) Importer(2089858483,0ecaa5967403d082aa24f35e1b516d23) [PhysX] Initialized MultithreadedTaskDispatcher with 8 workers.
 -> (artifact id: '2c0040aebcba4024616d3f1011ae32ff') in 0.001785 seconds
Number of updated asset objects reloaded before import = 0
Number of asset objects unloaded after import = 1
========================================================================
Received Import Request.
  Time since last request: 0.000091 seconds.
  path: Assets/Asset Store/TerrainSampleAssets/Textures/Heightmaps/Island01_Heightmap.tif
  artifactKey: Guid(043a3cc82df9fb94aba4f90d2009efc7) Importer(2089858483,0ecaa5967403d082aa24f35e1b516d23)
Start importing Assets/Asset Store/TerrainSampleAssets/Textures/Heightmaps/Island01_Heightmap.tif using Guid(043a3cc82df9fb94aba4f90d2009efc7) Importer(2089858483,0ecaa5967403d082aa24f35e1b516d23) [PhysX] Initialized MultithreadedTaskDispatcher with 8 workers.
 -> (artifact id: '2049fa66b1f71343a55d7c12d91deee4') in 0.006369 seconds
Number of updated asset objects reloaded before import = 0
Number of asset objects unloaded after import = 1
========================================================================
Received Import Request.
  Time since last request: 0.000068 seconds.
  path: Assets/Asset Store/TerrainSampleAssets/Textures/Heightmaps/Ridge04_Heightmap.tif
  artifactKey: Guid(440810c88740a8045949d48b489e443b) Importer(2089858483,0ecaa5967403d082aa24f35e1b516d23)
Start importing Assets/Asset Store/TerrainSampleAssets/Textures/Heightmaps/Ridge04_Heightmap.tif using Guid(440810c88740a8045949d48b489e443b) Importer(2089858483,0ecaa5967403d082aa24f35e1b516d23) [PhysX] Initialized MultithreadedTaskDispatcher with 8 workers.
 -> (artifact id: 'f6e3dfa72a55ade322beaca2ca5b8259') in 0.007122 seconds
Number of updated asset objects reloaded before import = 0
Number of asset objects unloaded after import = 1
========================================================================
Received Import Request.
  Time since last request: 0.138059 seconds.
  path: Assets/Course Library/_Source_Files/Materials/SimplePeople_RoadWorker_White.mat
  artifactKey: Guid(7cbaac20d34fa5d4eb775ebf3e14e643) Importer(2089858483,0ecaa5967403d082aa24f35e1b516d23)
Start importing Assets/Course Library/_Source_Files/Materials/SimplePeople_RoadWorker_White.mat using Guid(7cbaac20d34fa5d4eb775ebf3e14e643) Importer(2089858483,0ecaa5967403d082aa24f35e1b516d23) [PhysX] Initialized MultithreadedTaskDispatcher with 8 workers.
 -> (artifact id: '82ae67e6c3c37910d9e6b5e0f2ebd909') in 0.005707 seconds
Number of updated asset objects reloaded before import = 0
Number of asset objects unloaded after import = 2
========================================================================
Received Import Request.
  Time since last request: 0.000097 seconds.
  path: Assets/Asset Store/TerrainSampleAssets/Textures/Details/Fern_Normal.tif
  artifactKey: Guid(8cb2914aba3e5d545bb189195869f9f4) Importer(2089858483,0ecaa5967403d082aa24f35e1b516d23)
Start importing Assets/Asset Store/TerrainSampleAssets/Textures/Details/Fern_Normal.tif using Guid(8cb2914aba3e5d545bb189195869f9f4) Importer(2089858483,0ecaa5967403d082aa24f35e1b516d23) [PhysX] Initialized MultithreadedTaskDispatcher with 8 workers.
 -> (artifact id: 'f4ccf1a75291ed49b340acf45544449c') in 0.005271 seconds
Number of updated asset objects reloaded before import = 0
Number of asset objects unloaded after import = 1
========================================================================
Received Import Request.
  Time since last request: 0.000094 seconds.
  path: Assets/Asset Store/TerrainSampleAssets/Textures/Details/Grass_C_MaskMap.tif
  artifactKey: Guid(20e5036a7508c01479cdb7338b1c86cc) Importer(2089858483,0ecaa5967403d082aa24f35e1b516d23)
Start importing Assets/Asset Store/TerrainSampleAssets/Textures/Details/Grass_C_MaskMap.tif using Guid(20e5036a7508c01479cdb7338b1c86cc) Importer(2089858483,0ecaa5967403d082aa24f35e1b516d23) [PhysX] Initialized MultithreadedTaskDispatcher with 8 workers.
 -> (artifact id: '2852d37fd4d0b40a35f9a567748cd2ae') in 0.005321 seconds
Number of updated asset objects reloaded before import = 0
Number of asset objects unloaded after import = 1
========================================================================
Received Import Request.
  Time since last request: 0.000086 seconds.
  path: Assets/Asset Store/TerrainSampleAssets/Textures/Terrain/Grass_Dry_MaskMap.tif
  artifactKey: Guid(9f2c593ad6e69ad4ab880e57ce9b69d6) Importer(2089858483,0ecaa5967403d082aa24f35e1b516d23)
Start importing Assets/Asset Store/TerrainSampleAssets/Textures/Terrain/Grass_Dry_MaskMap.tif using Guid(9f2c593ad6e69ad4ab880e57ce9b69d6) Importer(2089858483,0ecaa5967403d082aa24f35e1b516d23) [PhysX] Initialized MultithreadedTaskDispatcher with 8 workers.
 -> (artifact id: '19dce9a9735194b9bba5770a7d6ecd0d') in 0.007731 seconds
Number of updated asset objects reloaded before import = 0
Number of asset objects unloaded after import = 1
========================================================================
Received Import Request.
  Time since last request: 0.000075 seconds.
  path: Assets/Asset Store/TerrainSampleAssets/Textures/Heightmaps/Slope02_Heightmap.tiff
  artifactKey: Guid(da02531a879811e48a7f7766744588c8) Importer(2089858483,0ecaa5967403d082aa24f35e1b516d23)
Start importing Assets/Asset Store/TerrainSampleAssets/Textures/Heightmaps/Slope02_Heightmap.tiff using Guid(da02531a879811e48a7f7766744588c8) Importer(2089858483,0ecaa5967403d082aa24f35e1b516d23) [PhysX] Initialized MultithreadedTaskDispatcher with 8 workers.
 -> (artifact id: '8c1ac4d8240119228db45f53901d9952') in 0.010511 seconds
Number of updated asset objects reloaded before import = 0
Number of asset objects unloaded after import = 1
========================================================================
Received Import Request.
  Time since last request: 0.000029 seconds.
  path: Assets/Asset Store/LowPolyTropicalEnvironment_LITE/Prefabs/Plank_01.prefab
  artifactKey: Guid(c95646f11c8203b438f9c638247c3121) Importer(2089858483,0ecaa5967403d082aa24f35e1b516d23)
Start importing Assets/Asset Store/LowPolyTropicalEnvironment_LITE/Prefabs/Plank_01.prefab using Guid(c95646f11c8203b438f9c638247c3121) Importer(2089858483,0ecaa5967403d082aa24f35e1b516d23) [PhysX] Initialized MultithreadedTaskDispatcher with 8 workers.
 -> (artifact id: '799d2274945d4414dc9b08a177685ff4') in 0.002903 seconds
Number of updated asset objects reloaded before import = 0
Number of asset objects unloaded after import = 16
========================================================================
Received Import Request.
  Time since last request: 0.000090 seconds.
  path: Assets/Asset Store/TerrainSampleAssets/TerrainBrushes/Terrainstamp_Mountain07_Brush.brush
  artifactKey: Guid(6f360df90c5a57042ba4b09cb3249ffc) Importer(2089858483,0ecaa5967403d082aa24f35e1b516d23)
Start importing Assets/Asset Store/TerrainSampleAssets/TerrainBrushes/Terrainstamp_Mountain07_Brush.brush using Guid(6f360df90c5a57042ba4b09cb3249ffc) Importer(2089858483,0ecaa5967403d082aa24f35e1b516d23) [PhysX] Initialized MultithreadedTaskDispatcher with 8 workers.
 -> (artifact id: 'c8aef623d7f8a65df8bbfaa4579440b7') in 0.005049 seconds
Number of updated asset objects reloaded before import = 0
Number of asset objects unloaded after import = 2
========================================================================
Received Import Request.
  Time since last request: 0.000058 seconds.
  path: Assets/Asset Store/LowPolyTropicalEnvironment_LITE/Terrain/TerrainLayer/Grass_Lite.terrainlayer
  artifactKey: Guid(e0f44849b8579184abc1a4c0038e1545) Importer(2089858483,0ecaa5967403d082aa24f35e1b516d23)
Start importing Assets/Asset Store/LowPolyTropicalEnvironment_LITE/Terrain/TerrainLayer/Grass_Lite.terrainlayer using Guid(e0f44849b8579184abc1a4c0038e1545) Importer(2089858483,0ecaa5967403d082aa24f35e1b516d23) [PhysX] Initialized MultithreadedTaskDispatcher with 8 workers.
 -> (artifact id: '9ea2a88a8f1845e1fffc26f87bd1f5f5') in 0.006454 seconds
Number of updated asset objects reloaded before import = 0
Number of asset objects unloaded after import = 3
========================================================================
Received Import Request.
  Time since last request: 0.000108 seconds.
  path: Assets/Asset Store/TerrainSampleAssets/ShaderGraphs/Subgraphs/RandomFromPosition.shadersubgraph
  artifactKey: Guid(1d3c53100af6f1c4b8e84deb9f652a6f) Importer(2089858483,0ecaa5967403d082aa24f35e1b516d23)
Start importing Assets/Asset Store/TerrainSampleAssets/ShaderGraphs/Subgraphs/RandomFromPosition.shadersubgraph using Guid(1d3c53100af6f1c4b8e84deb9f652a6f) Importer(2089858483,0ecaa5967403d082aa24f35e1b516d23) [PhysX] Initialized MultithreadedTaskDispatcher with 8 workers.
 -> (artifact id: 'c98e958300ac5dfa3d37137ea61dfc33') in 0.003661 seconds
Number of updated asset objects reloaded before import = 0
Number of asset objects unloaded after import = 1
========================================================================
Received Import Request.
  Time since last request: 0.000095 seconds.
  path: Assets/Asset Store/LowPolyTropicalEnvironment_LITE/Textures/TropicalEnvironmentLite_Texture_01.png
  artifactKey: Guid(f7a888e855cafde4e95acf76bec4fd87) Importer(2089858483,0ecaa5967403d082aa24f35e1b516d23)
Start importing Assets/Asset Store/LowPolyTropicalEnvironment_LITE/Textures/TropicalEnvironmentLite_Texture_01.png using Guid(f7a888e855cafde4e95acf76bec4fd87) Importer(2089858483,0ecaa5967403d082aa24f35e1b516d23) [PhysX] Initialized MultithreadedTaskDispatcher with 8 workers.
 -> (artifact id: '84b21036060963dadfd0fe5edcf4f0d3') in 0.005267 seconds
Number of updated asset objects reloaded before import = 0
Number of asset objects unloaded after import = 1
========================================================================
Received Import Request.
  Time since last request: 0.000041 seconds.
  path: Assets/Asset Store/TerrainSampleAssets/Textures/Heightmaps/Plateau02_Heightmap.tif
  artifactKey: Guid(7fce2600db05ae54ea39d9e5681232cc) Importer(2089858483,0ecaa5967403d082aa24f35e1b516d23)
Start importing Assets/Asset Store/TerrainSampleAssets/Textures/Heightmaps/Plateau02_Heightmap.tif using Guid(7fce2600db05ae54ea39d9e5681232cc) Importer(2089858483,0ecaa5967403d082aa24f35e1b516d23) [PhysX] Initialized MultithreadedTaskDispatcher with 8 workers.
 -> (artifact id: '78d45433dab3f1827f79b23db515646c') in 0.007778 seconds
Number of updated asset objects reloaded before import = 0
Number of asset objects unloaded after import = 1
========================================================================
Received Import Request.
  Time since last request: 0.000106 seconds.
  path: Assets/Asset Store/TerrainSampleAssets/Textures/Details/Fern_BaseColor.tif
  artifactKey: Guid(f3661c5aa3d7dc141aebd059ea67047b) Importer(2089858483,0ecaa5967403d082aa24f35e1b516d23)
Start importing Assets/Asset Store/TerrainSampleAssets/Textures/Details/Fern_BaseColor.tif using Guid(f3661c5aa3d7dc141aebd059ea67047b) Importer(2089858483,0ecaa5967403d082aa24f35e1b516d23) [PhysX] Initialized MultithreadedTaskDispatcher with 8 workers.
 -> (artifact id: 'dc5e949901fcda10b810f4ce97c11161') in 0.005100 seconds
Number of updated asset objects reloaded before import = 0
Number of asset objects unloaded after import = 1
========================================================================
Received Import Request.
  Time since last request: 0.000042 seconds.
  path: Assets/Course Library/_Source_Files/Materials/SimplePeople_RoadWorker_Brown.mat
  artifactKey: Guid(90dcbab6fadc3d84db8a80a47e8012cf) Importer(2089858483,0ecaa5967403d082aa24f35e1b516d23)
Start importing Assets/Course Library/_Source_Files/Materials/SimplePeople_RoadWorker_Brown.mat using Guid(90dcbab6fadc3d84db8a80a47e8012cf) Importer(2089858483,0ecaa5967403d082aa24f35e1b516d23) [PhysX] Initialized MultithreadedTaskDispatcher with 8 workers.
 -> (artifact id: 'd7cc59f66622234db85129449c25b087') in 0.003387 seconds
Number of updated asset objects reloaded before import = 0
Number of asset objects unloaded after import = 2
========================================================================
Received Import Request.
  Time since last request: 0.000165 seconds.
  path: Assets/Asset Store/LowPolyTropicalEnvironment_LITE/Textures/TropicalEnvironmentLite_GodRay_01.png
  artifactKey: Guid(ccc9a153c19263c4e8fd12f031a3b53e) Importer(2089858483,0ecaa5967403d082aa24f35e1b516d23)
Start importing Assets/Asset Store/LowPolyTropicalEnvironment_LITE/Textures/TropicalEnvironmentLite_GodRay_01.png using Guid(ccc9a153c19263c4e8fd12f031a3b53e) Importer(2089858483,0ecaa5967403d082aa24f35e1b516d23) [PhysX] Initialized MultithreadedTaskDispatcher with 8 workers.
 -> (artifact id: '16a2135bb0c0db72c79684996b097ffe') in 0.007875 seconds
Number of updated asset objects reloaded before import = 0
Number of asset objects unloaded after import = 1
========================================================================
Received Import Request.
  Time since last request: 0.000039 seconds.
  path: Assets/Asset Store/TerrainSampleAssets/Prefabs/Fern_C.prefab
  artifactKey: Guid(4786e2698ac97a949a9209febfcbd49b) Importer(2089858483,0ecaa5967403d082aa24f35e1b516d23)
Start importing Assets/Asset Store/TerrainSampleAssets/Prefabs/Fern_C.prefab using Guid(4786e2698ac97a949a9209febfcbd49b) Importer(2089858483,0ecaa5967403d082aa24f35e1b516d23) [PhysX] Initialized MultithreadedTaskDispatcher with 8 workers.
 -> (artifact id: '480ea287dff1e25900f67c7704f8f589') in 0.003373 seconds
Number of updated asset objects reloaded before import = 0
Number of asset objects unloaded after import = 7
========================================================================
Received Import Request.
  Time since last request: 0.000058 seconds.
  path: Assets/Asset Store/LowPolyTropicalEnvironment_LITE/Models/Rock_01.fbx
  artifactKey: Guid(10b9468aff5374f48b06046e1d16e6ca) Importer(2089858483,0ecaa5967403d082aa24f35e1b516d23)
Start importing Assets/Asset Store/LowPolyTropicalEnvironment_LITE/Models/Rock_01.fbx using Guid(10b9468aff5374f48b06046e1d16e6ca) Importer(2089858483,0ecaa5967403d082aa24f35e1b516d23) [PhysX] Initialized MultithreadedTaskDispatcher with 8 workers.
 -> (artifact id: '35a023903f4694a5a84feb8f54c4993a') in 0.016688 seconds
Number of updated asset objects reloaded before import = 0
Number of asset objects unloaded after import = 15
========================================================================
Received Import Request.
  Time since last request: 0.000050 seconds.
  path: Assets/Asset Store/TerrainSampleAssets/Textures/Terrain/Grass_Moss_MaskMap.tif
  artifactKey: Guid(2d41276a33f8bc949b93fed615e212c4) Importer(2089858483,0ecaa5967403d082aa24f35e1b516d23)
Start importing Assets/Asset Store/TerrainSampleAssets/Textures/Terrain/Grass_Moss_MaskMap.tif using Guid(2d41276a33f8bc949b93fed615e212c4) Importer(2089858483,0ecaa5967403d082aa24f35e1b516d23) [PhysX] Initialized MultithreadedTaskDispatcher with 8 workers.
 -> (artifact id: 'fd0221f262a2195a38cc8b845b76dfb3') in 0.008491 seconds
Number of updated asset objects reloaded before import = 0
Number of asset objects unloaded after import = 1
========================================================================
Received Import Request.
  Time since last request: 0.000104 seconds.
  path: Assets/Asset Store/TerrainSampleAssets/ShaderGraphs/CustomFunctions/CustomLighting.hlsl
  artifactKey: Guid(5f245f896176c8142bea5666a89372dc) Importer(2089858483,0ecaa5967403d082aa24f35e1b516d23)
Start importing Assets/Asset Store/TerrainSampleAssets/ShaderGraphs/CustomFunctions/CustomLighting.hlsl using Guid(5f245f896176c8142bea5666a89372dc) Importer(2089858483,0ecaa5967403d082aa24f35e1b516d23) [PhysX] Initialized MultithreadedTaskDispatcher with 8 workers.
 -> (artifact id: 'a755fc279be8f71ba7329ea07f09bb06') in 0.001547 seconds
Number of updated asset objects reloaded before import = 0
Number of asset objects unloaded after import = 1
========================================================================
Received Import Request.
  Time since last request: 0.000036 seconds.
  path: Assets/Asset Store/LowPolyTropicalEnvironment_LITE/Models/PirateSword_01.fbx
  artifactKey: Guid(83d544c86a936044cbca247beeaa4c1d) Importer(2089858483,0ecaa5967403d082aa24f35e1b516d23)
Start importing Assets/Asset Store/LowPolyTropicalEnvironment_LITE/Models/PirateSword_01.fbx using Guid(83d544c86a936044cbca247beeaa4c1d) Importer(2089858483,0ecaa5967403d082aa24f35e1b516d23) [PhysX] Initialized MultithreadedTaskDispatcher with 8 workers.
 -> (artifact id: 'ea36db6ca46213b3928a48e9c44d44af') in 0.007847 seconds
Number of updated asset objects reloaded before import = 0
Number of asset objects unloaded after import = 15
========================================================================
Received Import Request.
  Time since last request: 0.000133 seconds.
  path: Assets/Asset Store/LowPolyTropicalEnvironment_LITE/Models/Chest_01.fbx
  artifactKey: Guid(150ba11dd01b4424181fe89bbac97410) Importer(2089858483,0ecaa5967403d082aa24f35e1b516d23)
Start importing Assets/Asset Store/LowPolyTropicalEnvironment_LITE/Models/Chest_01.fbx using Guid(150ba11dd01b4424181fe89bbac97410) Importer(2089858483,0ecaa5967403d082aa24f35e1b516d23) [PhysX] Initialized MultithreadedTaskDispatcher with 8 workers.
 -> (artifact id: '54ca2156f1dfe4827dcb433fd40d58b0') in 0.008163 seconds
Number of updated asset objects reloaded before import = 0
Number of asset objects unloaded after import = 20
========================================================================
Received Import Request.
  Time since last request: 0.000032 seconds.
  path: Assets/Asset Store/LowPolyTropicalEnvironment_LITE/Prefabs/Chest_01.prefab
  artifactKey: Guid(2269c5cfaa7f7314bba868f540b5ddad) Importer(2089858483,0ecaa5967403d082aa24f35e1b516d23)
Start importing Assets/Asset Store/LowPolyTropicalEnvironment_LITE/Prefabs/Chest_01.prefab using Guid(2269c5cfaa7f7314bba868f540b5ddad) Importer(2089858483,0ecaa5967403d082aa24f35e1b516d23) [PhysX] Initialized MultithreadedTaskDispatcher with 8 workers.
 -> (artifact id: 'eb46c66a4fa7b6d3abab1e545a4ecf01') in 0.002473 seconds
Number of updated asset objects reloaded before import = 0
Number of asset objects unloaded after import = 40
========================================================================
Received Import Request.
  Time since last request: 0.000029 seconds.
  path: Assets/Asset Store/LowPolyTropicalEnvironment_LITE/Models/Pier_02.fbx
  artifactKey: Guid(5fad09914995871439e31efe5b1b7887) Importer(2089858483,0ecaa5967403d082aa24f35e1b516d23)
Start importing Assets/Asset Store/LowPolyTropicalEnvironment_LITE/Models/Pier_02.fbx using Guid(5fad09914995871439e31efe5b1b7887) Importer(2089858483,0ecaa5967403d082aa24f35e1b516d23) [PhysX] Initialized MultithreadedTaskDispatcher with 8 workers.
 -> (artifact id: '6ec14d48c74ff24a49bb804357a953f2') in 0.006452 seconds
Number of updated asset objects reloaded before import = 0
Number of asset objects unloaded after import = 15
========================================================================
Received Import Request.
  Time since last request: 0.000034 seconds.
  path: Assets/Course Library/_Source_Files/Materials/SimplePeople_BusinessMan_Black.mat
  artifactKey: Guid(632309c76598ef2439d70d47bb507f87) Importer(2089858483,0ecaa5967403d082aa24f35e1b516d23)
Start importing Assets/Course Library/_Source_Files/Materials/SimplePeople_BusinessMan_Black.mat using Guid(632309c76598ef2439d70d47bb507f87) Importer(2089858483,0ecaa5967403d082aa24f35e1b516d23) [PhysX] Initialized MultithreadedTaskDispatcher with 8 workers.
 -> (artifact id: 'c3c72f37b70df0e9258d0870be1eb4bb') in 0.003718 seconds
Number of updated asset objects reloaded before import = 0
Number of asset objects unloaded after import = 2
========================================================================
Received Import Request.
  Time since last request: 0.000028 seconds.
  path: Assets/Course Library/_Source_Files/Materials/SimplePeople_BusinessMan_Brown.mat
  artifactKey: Guid(af9d542d86ca4fc4f842a8266577ae5e) Importer(2089858483,0ecaa5967403d082aa24f35e1b516d23)
Start importing Assets/Course Library/_Source_Files/Materials/SimplePeople_BusinessMan_Brown.mat using Guid(af9d542d86ca4fc4f842a8266577ae5e) Importer(2089858483,0ecaa5967403d082aa24f35e1b516d23) [PhysX] Initialized MultithreadedTaskDispatcher with 8 workers.
 -> (artifact id: '7025793352df71b3c1e7c34f2c459dff') in 0.005240 seconds
Number of updated asset objects reloaded before import = 0
Number of asset objects unloaded after import = 2
========================================================================
Received Import Request.
  Time since last request: 0.000112 seconds.
  path: Assets/Course Library/_Source_Files/Materials/SimpleFarmer_FarmersDaughter_White.mat
  artifactKey: Guid(56ebc0202fbc1a24a960ec004e48a858) Importer(2089858483,0ecaa5967403d082aa24f35e1b516d23)
Start importing Assets/Course Library/_Source_Files/Materials/SimpleFarmer_FarmersDaughter_White.mat using Guid(56ebc0202fbc1a24a960ec004e48a858) Importer(2089858483,0ecaa5967403d082aa24f35e1b516d23) [PhysX] Initialized MultithreadedTaskDispatcher with 8 workers.
 -> (artifact id: '2dceb048d53dad7127f1eaa885db9528') in 0.003550 seconds
Number of updated asset objects reloaded before import = 0
Number of asset objects unloaded after import = 2
========================================================================
Received Import Request.
  Time since last request: 0.000122 seconds.
  path: Assets/Asset Store/LowPolyTropicalEnvironment_LITE/Materials/TropicalEnvironmentLite_Water.mat
  artifactKey: Guid(555be96f1d043af4e91b0c58b7911767) Importer(2089858483,0ecaa5967403d082aa24f35e1b516d23)
Start importing Assets/Asset Store/LowPolyTropicalEnvironment_LITE/Materials/TropicalEnvironmentLite_Water.mat using Guid(555be96f1d043af4e91b0c58b7911767) Importer(2089858483,0ecaa5967403d082aa24f35e1b516d23) [PhysX] Initialized MultithreadedTaskDispatcher with 8 workers.
 -> (artifact id: 'd863194c9dd826d69c897b41ee2fb368') in 0.002497 seconds
Number of updated asset objects reloaded before import = 0
Number of asset objects unloaded after import = 1
========================================================================
Received Import Request.
  Time since last request: 0.000130 seconds.
  path: Assets/Asset Store/LowPolyTropicalEnvironment_LITE/Models/Barrel_04.fbx
  artifactKey: Guid(05b8d3faa6a97524ea4a2260b027738f) Importer(2089858483,0ecaa5967403d082aa24f35e1b516d23)
Start importing Assets/Asset Store/LowPolyTropicalEnvironment_LITE/Models/Barrel_04.fbx using Guid(05b8d3faa6a97524ea4a2260b027738f) Importer(2089858483,0ecaa5967403d082aa24f35e1b516d23) [PhysX] Initialized MultithreadedTaskDispatcher with 8 workers.
 -> (artifact id: '8e31f5bc5bdbd15bd5e5f54f7a530e7b') in 0.007936 seconds
Number of updated asset objects reloaded before import = 0
Number of asset objects unloaded after import = 20
========================================================================
Received Import Request.
  Time since last request: 0.000040 seconds.
  path: Assets/Asset Store/TerrainSampleAssets/Prefabs/Plant_C.prefab
  artifactKey: Guid(d9246f89c4014f749b69f6e963372434) Importer(2089858483,0ecaa5967403d082aa24f35e1b516d23)
Start importing Assets/Asset Store/TerrainSampleAssets/Prefabs/Plant_C.prefab using Guid(d9246f89c4014f749b69f6e963372434) Importer(2089858483,0ecaa5967403d082aa24f35e1b516d23) [PhysX] Initialized MultithreadedTaskDispatcher with 8 workers.
 -> (artifact id: 'fe2d9d30c82bc3477af963f07fb21eb9') in 0.003304 seconds
Number of updated asset objects reloaded before import = 0
Number of asset objects unloaded after import = 7
========================================================================
Received Import Request.
  Time since last request: 0.000114 seconds.
  path: Assets/Asset Store/LowPolyTropicalEnvironment_LITE/Materials/TropicalEnvironmentLite_GodRay_01.mat
  artifactKey: Guid(3c59c19b70a12684ca1e12dd020e2c20) Importer(2089858483,0ecaa5967403d082aa24f35e1b516d23)
Start importing Assets/Asset Store/LowPolyTropicalEnvironment_LITE/Materials/TropicalEnvironmentLite_GodRay_01.mat using Guid(3c59c19b70a12684ca1e12dd020e2c20) Importer(2089858483,0ecaa5967403d082aa24f35e1b516d23) [PhysX] Initialized MultithreadedTaskDispatcher with 8 workers.
 -> (artifact id: 'ac74e021a5f20e0adc7db837e406e1ba') in 0.072860 seconds
Number of updated asset objects reloaded before import = 0
Number of asset objects unloaded after import = 2
========================================================================
Received Import Request.
  Time since last request: 0.000074 seconds.
  path: Assets/Asset Store/LowPolyTropicalEnvironment_LITE/Prefabs/Pier_02.prefab
  artifactKey: Guid(c4ce77fae258db1419fe426be4a51bbb) Importer(2089858483,0ecaa5967403d082aa24f35e1b516d23)
Start importing Assets/Asset Store/LowPolyTropicalEnvironment_LITE/Prefabs/Pier_02.prefab using Guid(c4ce77fae258db1419fe426be4a51bbb) Importer(2089858483,0ecaa5967403d082aa24f35e1b516d23) [PhysX] Initialized MultithreadedTaskDispatcher with 8 workers.
 -> (artifact id: '72b79ce7cdf0b1f034c76d472d9a60e6') in 0.003694 seconds
Number of updated asset objects reloaded before import = 0
Number of asset objects unloaded after import = 16
========================================================================
Received Import Request.
  Time since last request: 0.104094 seconds.
  path: Assets/Asset Store/TerrainSampleAssets/Textures/Details/Grass_A_MaskMap.tif
  artifactKey: Guid(e9a1c1b060b9b2c4989233f1037f9d5d) Importer(2089858483,0ecaa5967403d082aa24f35e1b516d23)
Start importing Assets/Asset Store/TerrainSampleAssets/Textures/Details/Grass_A_MaskMap.tif using Guid(e9a1c1b060b9b2c4989233f1037f9d5d) Importer(2089858483,0ecaa5967403d082aa24f35e1b516d23) [PhysX] Initialized MultithreadedTaskDispatcher with 8 workers.
 -> (artifact id: '0d3dc191d1bce26bd37cfdfe24e2f8cb') in 0.006081 seconds
Number of updated asset objects reloaded before import = 0
Number of asset objects unloaded after import = 1
========================================================================
Received Import Request.
  Time since last request: 0.000076 seconds.
  path: Assets/Asset Store/TerrainSampleAssets/Materials/BushDry.asset
  artifactKey: Guid(238ad6ea99d845f498c3a2334f75358a) Importer(2089858483,0ecaa5967403d082aa24f35e1b516d23)
Start importing Assets/Asset Store/TerrainSampleAssets/Materials/BushDry.asset using Guid(238ad6ea99d845f498c3a2334f75358a) Importer(2089858483,0ecaa5967403d082aa24f35e1b516d23) [PhysX] Initialized MultithreadedTaskDispatcher with 8 workers.
 -> (artifact id: '407e568ab81417204ccb4fd0ea3ca5b0') in 0.012778 seconds
Number of updated asset objects reloaded before import = 0
Number of asset objects unloaded after import = 6
========================================================================
Received Import Request.
  Time since last request: 0.000027 seconds.
  path: Assets/Asset Store/TerrainSampleAssets/Models/Heather_A.asset
  artifactKey: Guid(211a44eba6f5ca34ea3d3ac34bbc3469) Importer(2089858483,0ecaa5967403d082aa24f35e1b516d23)
Start importing Assets/Asset Store/TerrainSampleAssets/Models/Heather_A.asset using Guid(211a44eba6f5ca34ea3d3ac34bbc3469) Importer(2089858483,0ecaa5967403d082aa24f35e1b516d23) [PhysX] Initialized MultithreadedTaskDispatcher with 8 workers.
 -> (artifact id: '532061955d317a8b98ef5946beab7af5') in 0.001669 seconds
Number of updated asset objects reloaded before import = 0
Number of asset objects unloaded after import = 1
========================================================================
Received Import Request.
  Time since last request: 0.000051 seconds.
  path: Assets/Asset Store/TerrainSampleAssets/TerrainBrushes/Terrainstamp_Ridge03_Brush.brush
  artifactKey: Guid(7d08355cc5be1584f858af2f22f8bbbb) Importer(2089858483,0ecaa5967403d082aa24f35e1b516d23)
Start importing Assets/Asset Store/TerrainSampleAssets/TerrainBrushes/Terrainstamp_Ridge03_Brush.brush using Guid(7d08355cc5be1584f858af2f22f8bbbb) Importer(2089858483,0ecaa5967403d082aa24f35e1b516d23) [PhysX] Initialized MultithreadedTaskDispatcher with 8 workers.
 -> (artifact id: 'b12c5a8b3e0b5154d96abc2a4c55887c') in 0.007734 seconds
Number of updated asset objects reloaded before import = 0
Number of asset objects unloaded after import = 2
========================================================================
Received Import Request.
  Time since last request: 0.000037 seconds.
  path: Assets/Asset Store/TerrainSampleAssets/Textures/Terrain/Pebbles_A_MaskMap.tif
  artifactKey: Guid(8abd4e7f6f86e8b4cb4820fea28b8f34) Importer(2089858483,0ecaa5967403d082aa24f35e1b516d23)
Start importing Assets/Asset Store/TerrainSampleAssets/Textures/Terrain/Pebbles_A_MaskMap.tif using Guid(8abd4e7f6f86e8b4cb4820fea28b8f34) Importer(2089858483,0ecaa5967403d082aa24f35e1b516d23) [PhysX] Initialized MultithreadedTaskDispatcher with 8 workers.
 -> (artifact id: 'f5c101e1c0ee860de27fe25a740c5fe0') in 0.010347 seconds
Number of updated asset objects reloaded before import = 0
Number of asset objects unloaded after import = 1
========================================================================
Received Import Request.
  Time since last request: 0.000043 seconds.
  path: Assets/Asset Store/TerrainSampleAssets/Textures/Terrain/Sand_Normal.tif
  artifactKey: Guid(83f03b3c2b2d5df40898d8c2123239ae) Importer(2089858483,0ecaa5967403d082aa24f35e1b516d23)
Start importing Assets/Asset Store/TerrainSampleAssets/Textures/Terrain/Sand_Normal.tif using Guid(83f03b3c2b2d5df40898d8c2123239ae) Importer(2089858483,0ecaa5967403d082aa24f35e1b516d23) [PhysX] Initialized MultithreadedTaskDispatcher with 8 workers.
 -> (artifact id: '5a7878c1a95a41e6683de3bdb7a0190a') in 0.007390 seconds
Number of updated asset objects reloaded before import = 0
Number of asset objects unloaded after import = 1
========================================================================
Received Import Request.
  Time since last request: 0.000072 seconds.
  path: Assets/Asset Store/TerrainSampleAssets/TerrainBrushes/Terrainstamp_Mountain06_Brush.brush
  artifactKey: Guid(1f59549ee2c7eab4d833e1b9cd1bb76b) Importer(2089858483,0ecaa5967403d082aa24f35e1b516d23)
Start importing Assets/Asset Store/TerrainSampleAssets/TerrainBrushes/Terrainstamp_Mountain06_Brush.brush using Guid(1f59549ee2c7eab4d833e1b9cd1bb76b) Importer(2089858483,0ecaa5967403d082aa24f35e1b516d23) [PhysX] Initialized MultithreadedTaskDispatcher with 8 workers.
 -> (artifact id: 'e655bada8e847453721f1beff18063a2') in 0.004428 seconds
Number of updated asset objects reloaded before import = 0
Number of asset objects unloaded after import = 2
========================================================================
Received Import Request.
  Time since last request: 0.000029 seconds.
  path: Assets/Asset Store/TerrainSampleAssets/TerrainBrushes/Terrainstamp_Slope01_Brush.brush
  artifactKey: Guid(d09f2ace661e1be4a8b5e60d52ab9e37) Importer(2089858483,0ecaa5967403d082aa24f35e1b516d23)
Start importing Assets/Asset Store/TerrainSampleAssets/TerrainBrushes/Terrainstamp_Slope01_Brush.brush using Guid(d09f2ace661e1be4a8b5e60d52ab9e37) Importer(2089858483,0ecaa5967403d082aa24f35e1b516d23) [PhysX] Initialized MultithreadedTaskDispatcher with 8 workers.
 -> (artifact id: '562447ebfc0e16378a28794c911cce74') in 0.006562 seconds
Number of updated asset objects reloaded before import = 0
Number of asset objects unloaded after import = 2
========================================================================
Received Import Request.
  Time since last request: 0.000108 seconds.
  path: Assets/Asset Store/TerrainSampleAssets/Textures/Terrain/Pebbles_A_BaseColor.tif
  artifactKey: Guid(5f61aa5f60d405a4b9f08becbe25d4c2) Importer(2089858483,0ecaa5967403d082aa24f35e1b516d23)
Start importing Assets/Asset Store/TerrainSampleAssets/Textures/Terrain/Pebbles_A_BaseColor.tif using Guid(5f61aa5f60d405a4b9f08becbe25d4c2) Importer(2089858483,0ecaa5967403d082aa24f35e1b516d23) [PhysX] Initialized MultithreadedTaskDispatcher with 8 workers.
 -> (artifact id: 'ae2114ea998a7bc1fa410612051446d6') in 0.008706 seconds
Number of updated asset objects reloaded before import = 0
Number of asset objects unloaded after import = 1
========================================================================
Received Import Request.
  Time since last request: 0.000030 seconds.
  path: Assets/Asset Store/TerrainSampleAssets/Textures/Terrain/Tidal_Pools_Normal.tif
  artifactKey: Guid(28b218fb0e12c994d8f0b586f65545f2) Importer(2089858483,0ecaa5967403d082aa24f35e1b516d23)
Start importing Assets/Asset Store/TerrainSampleAssets/Textures/Terrain/Tidal_Pools_Normal.tif using Guid(28b218fb0e12c994d8f0b586f65545f2) Importer(2089858483,0ecaa5967403d082aa24f35e1b516d23) [PhysX] Initialized MultithreadedTaskDispatcher with 8 workers.
 -> (artifact id: 'bbd40333a2575db203fcff9dd38051d6') in 0.008336 seconds
Number of updated asset objects reloaded before import = 0
Number of asset objects unloaded after import = 1
========================================================================
Received Import Request.
  Time since last request: 0.000070 seconds.
  path: Assets/Asset Store/TerrainSampleAssets/Textures/Details/Grass_A_BaseColor.tif
  artifactKey: Guid(9bf68c6e5059e7549b60e91ca11987a6) Importer(2089858483,0ecaa5967403d082aa24f35e1b516d23)
Start importing Assets/Asset Store/TerrainSampleAssets/Textures/Details/Grass_A_BaseColor.tif using Guid(9bf68c6e5059e7549b60e91ca11987a6) Importer(2089858483,0ecaa5967403d082aa24f35e1b516d23) [PhysX] Initialized MultithreadedTaskDispatcher with 8 workers.
 -> (artifact id: '4633c387bd1b95ad808ba95404169d8b') in 0.006887 seconds
Number of updated asset objects reloaded before import = 0
Number of asset objects unloaded after import = 1
========================================================================
Received Import Request.
  Time since last request: 0.000061 seconds.
  path: Assets/Asset Store/TerrainSampleAssets/TerrainLayers/Soil_Rocks_TerrainLayer.terrainlayer
  artifactKey: Guid(73f0b5ac607c28d4696a6dd09a1de66a) Importer(2089858483,0ecaa5967403d082aa24f35e1b516d23)
Start importing Assets/Asset Store/TerrainSampleAssets/TerrainLayers/Soil_Rocks_TerrainLayer.terrainlayer using Guid(73f0b5ac607c28d4696a6dd09a1de66a) Importer(2089858483,0ecaa5967403d082aa24f35e1b516d23) [PhysX] Initialized MultithreadedTaskDispatcher with 8 workers.
 -> (artifact id: '3999917406bfe71130993445e6cf9125') in 0.011099 seconds
Number of updated asset objects reloaded before import = 0
Number of asset objects unloaded after import = 4
========================================================================
Received Import Request.
  Time since last request: 0.000033 seconds.
  path: Assets/Asset Store/TerrainSampleAssets/Prefabs/Bush_B.prefab
  artifactKey: Guid(b273de0d6e5818a4cb3195ce4f376ccb) Importer(2089858483,0ecaa5967403d082aa24f35e1b516d23)
Start importing Assets/Asset Store/TerrainSampleAssets/Prefabs/Bush_B.prefab using Guid(b273de0d6e5818a4cb3195ce4f376ccb) Importer(2089858483,0ecaa5967403d082aa24f35e1b516d23) [PhysX] Initialized MultithreadedTaskDispatcher with 8 workers.
 -> (artifact id: '8aa2b612be1906edd608d76550f9f393') in 0.003243 seconds
Number of updated asset objects reloaded before import = 0
Number of asset objects unloaded after import = 7
========================================================================
Received Import Request.
  Time since last request: 0.000090 seconds.
  path: Assets/Asset Store/TerrainSampleAssets/Textures/Details/Plant_Normal.tif
  artifactKey: Guid(bcd36bed575f11d42bc048f705b8b6a5) Importer(2089858483,0ecaa5967403d082aa24f35e1b516d23)
Start importing Assets/Asset Store/TerrainSampleAssets/Textures/Details/Plant_Normal.tif using Guid(bcd36bed575f11d42bc048f705b8b6a5) Importer(2089858483,0ecaa5967403d082aa24f35e1b516d23) [PhysX] Initialized MultithreadedTaskDispatcher with 8 workers.
 -> (artifact id: 'b85e06dd987238d7ddc89169dd70a345') in 0.006582 seconds
Number of updated asset objects reloaded before import = 0
Number of asset objects unloaded after import = 1
========================================================================
Received Import Request.
  Time since last request: 0.000090 seconds.
  path: Assets/Asset Store/TerrainSampleAssets/TerrainBrushes/Terrainstamp_Mountain02_Brush.brush
  artifactKey: Guid(8569f88df55a4b64b997e64b2aa69432) Importer(2089858483,0ecaa5967403d082aa24f35e1b516d23)
Start importing Assets/Asset Store/TerrainSampleAssets/TerrainBrushes/Terrainstamp_Mountain02_Brush.brush using Guid(8569f88df55a4b64b997e64b2aa69432) Importer(2089858483,0ecaa5967403d082aa24f35e1b516d23) [PhysX] Initialized MultithreadedTaskDispatcher with 8 workers.
 -> (artifact id: 'e4649feaf84b0097ce3cdc60b67b9f8a') in 0.004031 seconds
Number of updated asset objects reloaded before import = 0
Number of asset objects unloaded after import = 2
========================================================================
Received Import Request.
  Time since last request: 0.000114 seconds.
  path: Assets/Asset Store/TerrainSampleAssets/Textures/Terrain/Pebbles_B_BaseColor.tif
  artifactKey: Guid(2dd80f1b9b10057439e2db179b557ebc) Importer(2089858483,0ecaa5967403d082aa24f35e1b516d23)
Start importing Assets/Asset Store/TerrainSampleAssets/Textures/Terrain/Pebbles_B_BaseColor.tif using Guid(2dd80f1b9b10057439e2db179b557ebc) Importer(2089858483,0ecaa5967403d082aa24f35e1b516d23) [PhysX] Initialized MultithreadedTaskDispatcher with 8 workers.
 -> (artifact id: '7fbf6625b1de2af4f6f08e3024ae6c94') in 0.005690 seconds
Number of updated asset objects reloaded before import = 0
Number of asset objects unloaded after import = 1
========================================================================
Received Import Request.
  Time since last request: 0.000034 seconds.
  path: Assets/Asset Store/TerrainSampleAssets/Textures/Heightmaps/Ridge06_Heightmap.tif
  artifactKey: Guid(deb3fcdbaaa2cf64f90d5a341ffd9939) Importer(2089858483,0ecaa5967403d082aa24f35e1b516d23)
Start importing Assets/Asset Store/TerrainSampleAssets/Textures/Heightmaps/Ridge06_Heightmap.tif using Guid(deb3fcdbaaa2cf64f90d5a341ffd9939) Importer(2089858483,0ecaa5967403d082aa24f35e1b516d23) [PhysX] Initialized MultithreadedTaskDispatcher with 8 workers.
 -> (artifact id: 'e5c33f3f435353b45a92fe0c7e6930fc') in 0.008594 seconds
Number of updated asset objects reloaded before import = 0
Number of asset objects unloaded after import = 1
========================================================================
Received Import Request.
  Time since last request: 0.000089 seconds.
  path: Assets/Asset Store/TerrainSampleAssets/TerrainBrushes/Terrainstamp_Mountain08_Brush.brush
  artifactKey: Guid(f3ac69de155752e498f0f9864e41e7a1) Importer(2089858483,0ecaa5967403d082aa24f35e1b516d23)
Start importing Assets/Asset Store/TerrainSampleAssets/TerrainBrushes/Terrainstamp_Mountain08_Brush.brush using Guid(f3ac69de155752e498f0f9864e41e7a1) Importer(2089858483,0ecaa5967403d082aa24f35e1b516d23) [PhysX] Initialized MultithreadedTaskDispatcher with 8 workers.
 -> (artifact id: 'abb970910411c8a1ea3fa9e3678ddb05') in 0.009858 seconds
Number of updated asset objects reloaded before import = 0
Number of asset objects unloaded after import = 2
========================================================================
Received Import Request.
  Time since last request: 0.000034 seconds.
  path: Assets/Asset Store/TerrainSampleAssets/Textures/Heightmaps/Mountain02_Heightmap.tif
  artifactKey: Guid(5b7433cfa322cdb4ba853ecd73127975) Importer(2089858483,0ecaa5967403d082aa24f35e1b516d23)
Start importing Assets/Asset Store/TerrainSampleAssets/Textures/Heightmaps/Mountain02_Heightmap.tif using Guid(5b7433cfa322cdb4ba853ecd73127975) Importer(2089858483,0ecaa5967403d082aa24f35e1b516d23) [PhysX] Initialized MultithreadedTaskDispatcher with 8 workers.
 -> (artifact id: '61438ac4560d588dc4551b6adecc0f1d') in 0.005475 seconds
Number of updated asset objects reloaded before import = 0
Number of asset objects unloaded after import = 1
========================================================================
Received Import Request.
  Time since last request: 0.000107 seconds.
  path: Assets/Asset Store/TerrainSampleAssets/ThirdPartyNotices.txt
  artifactKey: Guid(408677bd09874114a90a745e08fd2112) Importer(2089858483,0ecaa5967403d082aa24f35e1b516d23)
Start importing Assets/Asset Store/TerrainSampleAssets/ThirdPartyNotices.txt using Guid(408677bd09874114a90a745e08fd2112) Importer(2089858483,0ecaa5967403d082aa24f35e1b516d23) [PhysX] Initialized MultithreadedTaskDispatcher with 8 workers.
 -> (artifact id: 'b530fb5754d24b151fa7d736808d4ec7') in 0.001889 seconds
Number of updated asset objects reloaded before import = 0
Number of asset objects unloaded after import = 1
========================================================================
Received Import Request.
  Time since last request: 0.000042 seconds.
  path: Assets/Asset Store/TerrainSampleAssets/TerrainBrushes/Terrainstamp_Volcano01_Brush.brush
  artifactKey: Guid(e5a2f11e9d7a4da4caf17b3e59800215) Importer(2089858483,0ecaa5967403d082aa24f35e1b516d23)
Start importing Assets/Asset Store/TerrainSampleAssets/TerrainBrushes/Terrainstamp_Volcano01_Brush.brush using Guid(e5a2f11e9d7a4da4caf17b3e59800215) Importer(2089858483,0ecaa5967403d082aa24f35e1b516d23) [PhysX] Initialized MultithreadedTaskDispatcher with 8 workers.
 -> (artifact id: '05e612094ce06f4e89ddde31e76e0c25') in 0.004858 seconds
Number of updated asset objects reloaded before import = 0
Number of asset objects unloaded after import = 2
========================================================================
Received Import Request.
  Time since last request: 0.000091 seconds.
  path: Assets/Asset Store/TerrainSampleAssets/Textures/Details/GrassDry_Thickness.tif
  artifactKey: Guid(77efac6da14b90f48895b89d90b5ef3f) Importer(2089858483,0ecaa5967403d082aa24f35e1b516d23)
Start importing Assets/Asset Store/TerrainSampleAssets/Textures/Details/GrassDry_Thickness.tif using Guid(77efac6da14b90f48895b89d90b5ef3f) Importer(2089858483,0ecaa5967403d082aa24f35e1b516d23) [PhysX] Initialized MultithreadedTaskDispatcher with 8 workers.
 -> (artifact id: '967eadc318f7f7d5dfbdf015a134ca0e') in 0.006270 seconds
Number of updated asset objects reloaded before import = 0
Number of asset objects unloaded after import = 1
========================================================================
Received Import Request.
  Time since last request: 0.000086 seconds.
  path: Assets/Asset Store/TerrainSampleAssets/Prefabs/GrassDry_B.prefab
  artifactKey: Guid(3d4dd2affe15db043a6502ae256cd0d4) Importer(2089858483,0ecaa5967403d082aa24f35e1b516d23)
Start importing Assets/Asset Store/TerrainSampleAssets/Prefabs/GrassDry_B.prefab using Guid(3d4dd2affe15db043a6502ae256cd0d4) Importer(2089858483,0ecaa5967403d082aa24f35e1b516d23) [PhysX] Initialized MultithreadedTaskDispatcher with 8 workers.
 -> (artifact id: '821f80489635a64ed08893fe2e66f9d3') in 0.003211 seconds
Number of updated asset objects reloaded before import = 0
Number of asset objects unloaded after import = 7
========================================================================
Received Import Request.
  Time since last request: 0.000028 seconds.
  path: Assets/Asset Store/TerrainSampleAssets/TerrainBrushes/Terrainstamp_Plateau02_Brush.brush
  artifactKey: Guid(11e6706e84aaff345ac7f2478d9d88a3) Importer(2089858483,0ecaa5967403d082aa24f35e1b516d23)
Start importing Assets/Asset Store/TerrainSampleAssets/TerrainBrushes/Terrainstamp_Plateau02_Brush.brush using Guid(11e6706e84aaff345ac7f2478d9d88a3) Importer(2089858483,0ecaa5967403d082aa24f35e1b516d23) [PhysX] Initialized MultithreadedTaskDispatcher with 8 workers.
 -> (artifact id: 'fc6947952bf714a4a94b0df905efc36a') in 0.002882 seconds
Number of updated asset objects reloaded before import = 0
Number of asset objects unloaded after import = 2
========================================================================
Received Import Request.
  Time since last request: 0.000084 seconds.
  path: Assets/Asset Store/TerrainSampleAssets/Textures/Terrain/Black_Sand_MaskMap.tif
  artifactKey: Guid(33e332af78571f249aa14092c01288cb) Importer(2089858483,0ecaa5967403d082aa24f35e1b516d23)
Start importing Assets/Asset Store/TerrainSampleAssets/Textures/Terrain/Black_Sand_MaskMap.tif using Guid(33e332af78571f249aa14092c01288cb) Importer(2089858483,0ecaa5967403d082aa24f35e1b516d23) [PhysX] Initialized MultithreadedTaskDispatcher with 8 workers.
 -> (artifact id: '940d6178991db96c4975375972caf800') in 0.006368 seconds
Number of updated asset objects reloaded before import = 0
Number of asset objects unloaded after import = 1
========================================================================
Received Import Request.
  Time since last request: 0.000100 seconds.
  path: Assets/Asset Store/TerrainSampleAssets/Textures/Terrain/Grass_A_MaskMap.tif
  artifactKey: Guid(bd4c61d030690814097a2076498d1c75) Importer(2089858483,0ecaa5967403d082aa24f35e1b516d23)
Start importing Assets/Asset Store/TerrainSampleAssets/Textures/Terrain/Grass_A_MaskMap.tif using Guid(bd4c61d030690814097a2076498d1c75) Importer(2089858483,0ecaa5967403d082aa24f35e1b516d23) [PhysX] Initialized MultithreadedTaskDispatcher with 8 workers.
 -> (artifact id: 'b7bc13f89221cc660390d78a1b9c2abd') in 0.007705 seconds
Number of updated asset objects reloaded before import = 0
Number of asset objects unloaded after import = 1
========================================================================
Received Import Request.
  Time since last request: 0.000106 seconds.
  path: Assets/Asset Store/TerrainSampleAssets/Textures/Terrain/Grass_B_BaseColor.tif
  artifactKey: Guid(e318f31bebce62d48a648da3f8ba56c9) Importer(2089858483,0ecaa5967403d082aa24f35e1b516d23)
Start importing Assets/Asset Store/TerrainSampleAssets/Textures/Terrain/Grass_B_BaseColor.tif using Guid(e318f31bebce62d48a648da3f8ba56c9) Importer(2089858483,0ecaa5967403d082aa24f35e1b516d23) [PhysX] Initialized MultithreadedTaskDispatcher with 8 workers.
 -> (artifact id: 'b8725ed483e7bacdf6d7c4d29d35bc92') in 0.005877 seconds
Number of updated asset objects reloaded before import = 0
Number of asset objects unloaded after import = 1
========================================================================
Received Import Request.
  Time since last request: 0.000098 seconds.
  path: Assets/Asset Store/TerrainSampleAssets/Textures/Details/Grass_C_Thickness.tif
  artifactKey: Guid(5ac60e8e8739b1f4daeb70e1c662df49) Importer(2089858483,0ecaa5967403d082aa24f35e1b516d23)
Start importing Assets/Asset Store/TerrainSampleAssets/Textures/Details/Grass_C_Thickness.tif using Guid(5ac60e8e8739b1f4daeb70e1c662df49) Importer(2089858483,0ecaa5967403d082aa24f35e1b516d23) [PhysX] Initialized MultithreadedTaskDispatcher with 8 workers.
 -> (artifact id: 'a32c8938e1d261597361cfd78b868ac0') in 0.004969 seconds
Number of updated asset objects reloaded before import = 0
Number of asset objects unloaded after import = 1
========================================================================
Received Import Request.
  Time since last request: 0.000093 seconds.
  path: Assets/Asset Store/TerrainSampleAssets/TerrainBrushes/Terrainstamp_Mountain10_Brush.brush
  artifactKey: Guid(a84a003f62212dd48b832a72ba178a49) Importer(2089858483,0ecaa5967403d082aa24f35e1b516d23)
Start importing Assets/Asset Store/TerrainSampleAssets/TerrainBrushes/Terrainstamp_Mountain10_Brush.brush using Guid(a84a003f62212dd48b832a72ba178a49) Importer(2089858483,0ecaa5967403d082aa24f35e1b516d23) [PhysX] Initialized MultithreadedTaskDispatcher with 8 workers.
 -> (artifact id: '5016d98f0bb37fd8323268acae1fadc1') in 0.006582 seconds
Number of updated asset objects reloaded before import = 0
Number of asset objects unloaded after import = 2
========================================================================
Received Import Request.
  Time since last request: 0.000026 seconds.
  path: Assets/Asset Store/TerrainSampleAssets/TerrainBrushes/Terrainstamp_Crackedground02_Brush.brush
  artifactKey: Guid(61e8c4f14d0453448b7e510f7f96990c) Importer(2089858483,0ecaa5967403d082aa24f35e1b516d23)
Start importing Assets/Asset Store/TerrainSampleAssets/TerrainBrushes/Terrainstamp_Crackedground02_Brush.brush using Guid(61e8c4f14d0453448b7e510f7f96990c) Importer(2089858483,0ecaa5967403d082aa24f35e1b516d23) [PhysX] Initialized MultithreadedTaskDispatcher with 8 workers.
 -> (artifact id: 'd417e29fb129098ae2f7e0ad549715b9') in 0.003078 seconds
Number of updated asset objects reloaded before import = 0
Number of asset objects unloaded after import = 2
========================================================================
Received Import Request.
  Time since last request: 0.000066 seconds.
  path: Assets/Asset Store/TerrainSampleAssets/Prefabs/Plant_B.prefab
  artifactKey: Guid(0a701dc0b49cb264c88918e012866821) Importer(2089858483,0ecaa5967403d082aa24f35e1b516d23)
Start importing Assets/Asset Store/TerrainSampleAssets/Prefabs/Plant_B.prefab using Guid(0a701dc0b49cb264c88918e012866821) Importer(2089858483,0ecaa5967403d082aa24f35e1b516d23) [PhysX] Initialized MultithreadedTaskDispatcher with 8 workers.
 -> (artifact id: 'd439669957126f6c6b3fe283ebf2b15d') in 0.002925 seconds
Number of updated asset objects reloaded before import = 0
Number of asset objects unloaded after import = 7
========================================================================
Received Import Request.
  Time since last request: 0.000097 seconds.
  path: Assets/Asset Store/TerrainSampleAssets/Textures/Heightmaps/Mountain06_Heightmap.tif
  artifactKey: Guid(b44a453c2397af74cb81885989043518) Importer(2089858483,0ecaa5967403d082aa24f35e1b516d23)
Start importing Assets/Asset Store/TerrainSampleAssets/Textures/Heightmaps/Mountain06_Heightmap.tif using Guid(b44a453c2397af74cb81885989043518) Importer(2089858483,0ecaa5967403d082aa24f35e1b516d23) [PhysX] Initialized MultithreadedTaskDispatcher with 8 workers.
 -> (artifact id: 'e3a962775cf0aa89f34821f021896479') in 0.005267 seconds
Number of updated asset objects reloaded before import = 0
Number of asset objects unloaded after import = 1
========================================================================
Received Import Request.
  Time since last request: 0.000062 seconds.
  path: Assets/Asset Store/TerrainSampleAssets/Textures/Heightmaps/Mountain01_Heightmap.tif
  artifactKey: Guid(6cfb129191988d84eafe31848415a233) Importer(2089858483,0ecaa5967403d082aa24f35e1b516d23)
Start importing Assets/Asset Store/TerrainSampleAssets/Textures/Heightmaps/Mountain01_Heightmap.tif using Guid(6cfb129191988d84eafe31848415a233) Importer(2089858483,0ecaa5967403d082aa24f35e1b516d23) [PhysX] Initialized MultithreadedTaskDispatcher with 8 workers.
 -> (artifact id: 'e85e280a5f860fcb247e4075fa9135d8') in 0.008377 seconds
Number of updated asset objects reloaded before import = 0
Number of asset objects unloaded after import = 1
========================================================================
Received Import Request.
  Time since last request: 0.000158 seconds.
  path: Assets/Asset Store/TerrainSampleAssets/Textures/Details/Materials/Bush_A_Normal.mat
  artifactKey: Guid(e6f9ad1ed740b49ef8102dbad95f543e) Importer(2089858483,0ecaa5967403d082aa24f35e1b516d23)
Start importing Assets/Asset Store/TerrainSampleAssets/Textures/Details/Materials/Bush_A_Normal.mat using Guid(e6f9ad1ed740b49ef8102dbad95f543e) Importer(2089858483,0ecaa5967403d082aa24f35e1b516d23) [PhysX] Initialized MultithreadedTaskDispatcher with 8 workers.
 -> (artifact id: '197a05f2d43ebbf1e09ef6f3c5d14089') in 0.003104 seconds
Number of updated asset objects reloaded before import = 0
Number of asset objects unloaded after import = 2
========================================================================
Received Import Request.
  Time since last request: 0.000103 seconds.
  path: Assets/Asset Store/TerrainSampleAssets/Textures/Heightmaps/Mountain08_Heightmap.tif
  artifactKey: Guid(d5428cdc2df49fc4a9aa5bbbcfcfe0e0) Importer(2089858483,0ecaa5967403d082aa24f35e1b516d23)
Start importing Assets/Asset Store/TerrainSampleAssets/Textures/Heightmaps/Mountain08_Heightmap.tif using Guid(d5428cdc2df49fc4a9aa5bbbcfcfe0e0) Importer(2089858483,0ecaa5967403d082aa24f35e1b516d23) [PhysX] Initialized MultithreadedTaskDispatcher with 8 workers.
 -> (artifact id: '2ac3c2dffafff95f596e430f3119a856') in 0.007316 seconds
Number of updated asset objects reloaded before import = 0
Number of asset objects unloaded after import = 1
========================================================================
Received Import Request.
  Time since last request: 0.000046 seconds.
  path: Assets/Asset Store/TerrainSampleAssets/Prefabs/Bush_A.prefab
  artifactKey: Guid(0ec1c69bd47ad864f96cc2b516f6cd4b) Importer(2089858483,0ecaa5967403d082aa24f35e1b516d23)
Start importing Assets/Asset Store/TerrainSampleAssets/Prefabs/Bush_A.prefab using Guid(0ec1c69bd47ad864f96cc2b516f6cd4b) Importer(2089858483,0ecaa5967403d082aa24f35e1b516d23) [PhysX] Initialized MultithreadedTaskDispatcher with 8 workers.
 -> (artifact id: 'f5d5cbc6f9e9a50d318125858dc9ea54') in 0.003350 seconds
Number of updated asset objects reloaded before import = 0
Number of asset objects unloaded after import = 7
========================================================================
Received Import Request.
  Time since last request: 0.000143 seconds.
  path: Assets/Asset Store/TerrainSampleAssets/Textures/Details/Grass_A_Thickness.tif
  artifactKey: Guid(5bdbe53dce2414e458937234dce49479) Importer(2089858483,0ecaa5967403d082aa24f35e1b516d23)
Start importing Assets/Asset Store/TerrainSampleAssets/Textures/Details/Grass_A_Thickness.tif using Guid(5bdbe53dce2414e458937234dce49479) Importer(2089858483,0ecaa5967403d082aa24f35e1b516d23) [PhysX] Initialized MultithreadedTaskDispatcher with 8 workers.
 -> (artifact id: '4b28088383fa77c8decb091d0cb71f61') in 0.006502 seconds
Number of updated asset objects reloaded before import = 0
Number of asset objects unloaded after import = 1
========================================================================
Received Import Request.
  Time since last request: 0.000118 seconds.
  path: Assets/Asset Store/TerrainSampleAssets/Textures/Terrain/Grass_Moss_Normal.tif
  artifactKey: Guid(2114e87dbc5872042860b1588217688e) Importer(2089858483,0ecaa5967403d082aa24f35e1b516d23)
Start importing Assets/Asset Store/TerrainSampleAssets/Textures/Terrain/Grass_Moss_Normal.tif using Guid(2114e87dbc5872042860b1588217688e) Importer(2089858483,0ecaa5967403d082aa24f35e1b516d23) [PhysX] Initialized MultithreadedTaskDispatcher with 8 workers.
 -> (artifact id: '514d078eeb3a362fe024ef2a76845582') in 0.008981 seconds
Number of updated asset objects reloaded before import = 0
Number of asset objects unloaded after import = 1
========================================================================
Received Import Request.
  Time since last request: 0.000041 seconds.
  path: Assets/Asset Store/TerrainSampleAssets/Prefabs/Grass_B.prefab
  artifactKey: Guid(7b3e6db10d22f504dbc606110b2cb5e7) Importer(2089858483,0ecaa5967403d082aa24f35e1b516d23)
Start importing Assets/Asset Store/TerrainSampleAssets/Prefabs/Grass_B.prefab using Guid(7b3e6db10d22f504dbc606110b2cb5e7) Importer(2089858483,0ecaa5967403d082aa24f35e1b516d23) [PhysX] Initialized MultithreadedTaskDispatcher with 8 workers.
 -> (artifact id: 'f3bf4c6f5c211830d5b6d76ddbb53f81') in 0.003787 seconds
Number of updated asset objects reloaded before import = 0
Number of asset objects unloaded after import = 7
========================================================================
Received Import Request.
  Time since last request: 0.000097 seconds.
  path: Assets/Asset Store/TerrainSampleAssets/Models/Fern_A.asset
  artifactKey: Guid(2532d22dd52b5854189d40a50540b705) Importer(2089858483,0ecaa5967403d082aa24f35e1b516d23)
Start importing Assets/Asset Store/TerrainSampleAssets/Models/Fern_A.asset using Guid(2532d22dd52b5854189d40a50540b705) Importer(2089858483,0ecaa5967403d082aa24f35e1b516d23) [PhysX] Initialized MultithreadedTaskDispatcher with 8 workers.
 -> (artifact id: 'aa997e0b5dc41f5e902b948081ecd0a0') in 0.001597 seconds
Number of updated asset objects reloaded before import = 0
Number of asset objects unloaded after import = 1
========================================================================
Received Import Request.
  Time since last request: 0.000110 seconds.
  path: Assets/Asset Store/TerrainSampleAssets/Textures/Terrain/Grass_B_Normal.tif
  artifactKey: Guid(eb70932bab3d971408c011dbb45767a9) Importer(2089858483,0ecaa5967403d082aa24f35e1b516d23)
Start importing Assets/Asset Store/TerrainSampleAssets/Textures/Terrain/Grass_B_Normal.tif using Guid(eb70932bab3d971408c011dbb45767a9) Importer(2089858483,0ecaa5967403d082aa24f35e1b516d23) [PhysX] Initialized MultithreadedTaskDispatcher with 8 workers.
 -> (artifact id: '4a73764f389182642a31de7c6069738a') in 0.008022 seconds
Number of updated asset objects reloaded before import = 0
Number of asset objects unloaded after import = 1
========================================================================
Received Import Request.
  Time since last request: 0.000106 seconds.
  path: Assets/Asset Store/TerrainSampleAssets/TerrainBrushes/Terrainstamp_Softpeaks01_Brush.brush
  artifactKey: Guid(7eae67bc3f75e02478ed0f5c2d4498cf) Importer(2089858483,0ecaa5967403d082aa24f35e1b516d23)
Start importing Assets/Asset Store/TerrainSampleAssets/TerrainBrushes/Terrainstamp_Softpeaks01_Brush.brush using Guid(7eae67bc3f75e02478ed0f5c2d4498cf) Importer(2089858483,0ecaa5967403d082aa24f35e1b516d23) [PhysX] Initialized MultithreadedTaskDispatcher with 8 workers.
 -> (artifact id: '398141066d161e28ebccb707dd430736') in 0.003198 seconds
Number of updated asset objects reloaded before import = 0
Number of asset objects unloaded after import = 2
========================================================================
Received Import Request.
  Time since last request: 0.000059 seconds.
  path: Assets/Asset Store/TerrainSampleAssets/Textures/Heightmaps/Plateau03_Heightmap.tif
  artifactKey: Guid(116d48bc82e4c0a4683cbd79927b4596) Importer(2089858483,0ecaa5967403d082aa24f35e1b516d23)
Start importing Assets/Asset Store/TerrainSampleAssets/Textures/Heightmaps/Plateau03_Heightmap.tif using Guid(116d48bc82e4c0a4683cbd79927b4596) Importer(2089858483,0ecaa5967403d082aa24f35e1b516d23) [PhysX] Initialized MultithreadedTaskDispatcher with 8 workers.
 -> (artifact id: 'edf4a863100bef741d4fb2af4dda73cc') in 0.005101 seconds
Number of updated asset objects reloaded before import = 0
Number of asset objects unloaded after import = 1
========================================================================
Received Import Request.
  Time since last request: 0.000040 seconds.
  path: Assets/Asset Store/TerrainSampleAssets/Textures/Details/GrassDry_BaseColor.tif
  artifactKey: Guid(3785d5abd275c7147a10aa4bf8720df4) Importer(2089858483,0ecaa5967403d082aa24f35e1b516d23)
Start importing Assets/Asset Store/TerrainSampleAssets/Textures/Details/GrassDry_BaseColor.tif using Guid(3785d5abd275c7147a10aa4bf8720df4) Importer(2089858483,0ecaa5967403d082aa24f35e1b516d23) [PhysX] Initialized MultithreadedTaskDispatcher with 8 workers.
 -> (artifact id: '0bcf4d311990cc146a1f1ed6129d145f') in 0.006690 seconds
Number of updated asset objects reloaded before import = 0
Number of asset objects unloaded after import = 1
========================================================================
Received Import Request.
  Time since last request: 0.000299 seconds.
  path: Assets/Asset Store/TerrainSampleAssets/Textures/Terrain/Pebbles_C_Normal.tif
  artifactKey: Guid(297a3ddfc901318499e15b3a0c8ec74d) Importer(2089858483,0ecaa5967403d082aa24f35e1b516d23)
Start importing Assets/Asset Store/TerrainSampleAssets/Textures/Terrain/Pebbles_C_Normal.tif using Guid(297a3ddfc901318499e15b3a0c8ec74d) Importer(2089858483,0ecaa5967403d082aa24f35e1b516d23) [PhysX] Initialized MultithreadedTaskDispatcher with 8 workers.
 -> (artifact id: 'd91cbee90e18449c111ece3117472308') in 0.006299 seconds
Number of updated asset objects reloaded before import = 0
Number of asset objects unloaded after import = 1
========================================================================
Received Import Request.
  Time since last request: 0.000086 seconds.
  path: Assets/Asset Store/TerrainSampleAssets/TerrainLayers/Grass_Moss_TerrainLayer.terrainlayer
  artifactKey: Guid(d25c8def728088547ae6a1024dd9b481) Importer(2089858483,0ecaa5967403d082aa24f35e1b516d23)
Start importing Assets/Asset Store/TerrainSampleAssets/TerrainLayers/Grass_Moss_TerrainLayer.terrainlayer using Guid(d25c8def728088547ae6a1024dd9b481) Importer(2089858483,0ecaa5967403d082aa24f35e1b516d23) [PhysX] Initialized MultithreadedTaskDispatcher with 8 workers.
 -> (artifact id: 'e5e4765ccb139fc416e0c21a46107ad2') in 0.007474 seconds
Number of updated asset objects reloaded before import = 0
Number of asset objects unloaded after import = 4
========================================================================
Received Import Request.
  Time since last request: 0.000137 seconds.
  path: Assets/Asset Store/TerrainSampleAssets/Textures/Terrain/Grass_Dry_BaseColor.tif
  artifactKey: Guid(7e6fff2112f33d748962082012d11cce) Importer(2089858483,0ecaa5967403d082aa24f35e1b516d23)
Start importing Assets/Asset Store/TerrainSampleAssets/Textures/Terrain/Grass_Dry_BaseColor.tif using Guid(7e6fff2112f33d748962082012d11cce) Importer(2089858483,0ecaa5967403d082aa24f35e1b516d23) [PhysX] Initialized MultithreadedTaskDispatcher with 8 workers.
 -> (artifact id: 'c6a2a3ed5b8f7a58fdf75abcacc9be22') in 0.007421 seconds
Number of updated asset objects reloaded before import = 0
Number of asset objects unloaded after import = 1
========================================================================
Received Import Request.
  Time since last request: 0.000047 seconds.
  path: Assets/Asset Store/TerrainSampleAssets/Models/Plant_C.asset
  artifactKey: Guid(c671cabf34dd5314ca28492ced9c9001) Importer(2089858483,0ecaa5967403d082aa24f35e1b516d23)
Start importing Assets/Asset Store/TerrainSampleAssets/Models/Plant_C.asset using Guid(c671cabf34dd5314ca28492ced9c9001) Importer(2089858483,0ecaa5967403d082aa24f35e1b516d23) [PhysX] Initialized MultithreadedTaskDispatcher with 8 workers.
 -> (artifact id: 'a3a6eaec05dbbc0e92dc241c1233c35b') in 0.001473 seconds
Number of updated asset objects reloaded before import = 0
Number of asset objects unloaded after import = 1
========================================================================
Received Import Request.
  Time since last request: 0.000081 seconds.
  path: Assets/Asset Store/TerrainSampleAssets/TerrainLayers/Rock_TerrainLayer.terrainlayer
  artifactKey: Guid(c997c17aa360cb749a27932fe3bdfcce) Importer(2089858483,0ecaa5967403d082aa24f35e1b516d23)
Start importing Assets/Asset Store/TerrainSampleAssets/TerrainLayers/Rock_TerrainLayer.terrainlayer using Guid(c997c17aa360cb749a27932fe3bdfcce) Importer(2089858483,0ecaa5967403d082aa24f35e1b516d23) [PhysX] Initialized MultithreadedTaskDispatcher with 8 workers.
 -> (artifact id: 'ac08b4a35dc273148a2f29a066e76f90') in 0.006697 seconds
Number of updated asset objects reloaded before import = 0
Number of asset objects unloaded after import = 4
========================================================================
Received Import Request.
  Time since last request: 0.000032 seconds.
  path: Assets/Asset Store/TerrainSampleAssets/Textures/Terrain/Grass_Dry_Normal.tif
  artifactKey: Guid(d835c61db4c94444eabef9cf95e8a7c4) Importer(2089858483,0ecaa5967403d082aa24f35e1b516d23)
Start importing Assets/Asset Store/TerrainSampleAssets/Textures/Terrain/Grass_Dry_Normal.tif using Guid(d835c61db4c94444eabef9cf95e8a7c4) Importer(2089858483,0ecaa5967403d082aa24f35e1b516d23) [PhysX] Initialized MultithreadedTaskDispatcher with 8 workers.
 -> (artifact id: '3d3ad9438b43ecd31df87cfa43d3e5f2') in 0.007035 seconds
Number of updated asset objects reloaded before import = 0
Number of asset objects unloaded after import = 1
========================================================================
Received Import Request.
  Time since last request: 0.000152 seconds.
  path: Assets/Asset Store/TerrainSampleAssets/Textures/Heightmaps/Slope04_Heightmap.tiff
  artifactKey: Guid(bac2ee7bfc3dea8438d082adcfe5219b) Importer(2089858483,0ecaa5967403d082aa24f35e1b516d23)
Start importing Assets/Asset Store/TerrainSampleAssets/Textures/Heightmaps/Slope04_Heightmap.tiff using Guid(bac2ee7bfc3dea8438d082adcfe5219b) Importer(2089858483,0ecaa5967403d082aa24f35e1b516d23) [PhysX] Initialized MultithreadedTaskDispatcher with 8 workers.
 -> (artifact id: '3d5d82e7709aef21aeba5fe97817ad27') in 0.007583 seconds
Number of updated asset objects reloaded before import = 0
Number of asset objects unloaded after import = 1
========================================================================
Received Import Request.
  Time since last request: 0.000077 seconds.
  path: Assets/Asset Store/TerrainSampleAssets/Textures/Terrain/Heather_Normal.tif
  artifactKey: Guid(c8b8fa1b153cfd3428c4c5c2fded152e) Importer(2089858483,0ecaa5967403d082aa24f35e1b516d23)
Start importing Assets/Asset Store/TerrainSampleAssets/Textures/Terrain/Heather_Normal.tif using Guid(c8b8fa1b153cfd3428c4c5c2fded152e) Importer(2089858483,0ecaa5967403d082aa24f35e1b516d23) [PhysX] Initialized MultithreadedTaskDispatcher with 8 workers.
 -> (artifact id: 'ac838002522033aa2f210aa02d07a87d') in 0.007504 seconds
Number of updated asset objects reloaded before import = 0
Number of asset objects unloaded after import = 1
========================================================================
Received Prepare
Caller must complete domain reload
Begin MonoManager ReloadAssembly
Thread 0x32dcc7000 may have been prematurely finalized
- Loaded All Assemblies, in  0.238 seconds
Native extension for OSXStandalone target not found
Mono: successfully reloaded assembly
- Finished resetting the current domain, in  0.773 seconds
Domain Reload Profiling: 1011ms
	BeginReloadAssembly (102ms)
		ExecutionOrderSort (0ms)
		DisableScriptedObjects (7ms)
		BackupInstance (0ms)
		ReleaseScriptingObjects (0ms)
		CreateAndSetChildDomain (48ms)
	RebuildCommonClasses (20ms)
	RebuildNativeTypeToScriptingClass (7ms)
	initialDomainReloadingComplete (12ms)
	LoadAllAssembliesAndSetupDomain (97ms)
		LoadAssemblies (111ms)
		RebuildTransferFunctionScriptingTraits (0ms)
		AnalyzeDomain (11ms)
			TypeCache.Refresh (4ms)
				TypeCache.ScanAssembly (0ms)
			ScanForSourceGeneratedMonoScriptInfo (0ms)
			ResolveRequiredComponents (6ms)
	FinalizeReload (773ms)
		ReleaseScriptCaches (0ms)
		RebuildScriptCaches (0ms)
		SetupLoadedEditorAssemblies (217ms)
			LogAssemblyErrors (0ms)
			InitializePlatformSupportModulesInManaged (3ms)
			SetLoadedEditorAssemblies (2ms)
			RefreshPlugins (0ms)
			BeforeProcessingInitializeOnLoad (34ms)
			ProcessInitializeOnLoadAttributes (147ms)
			ProcessInitializeOnLoadMethodAttributes (32ms)
			AfterProcessingInitializeOnLoad (1ms)
			EditorAssembliesLoaded (0ms)
		ExecutionOrderSort2 (0ms)
		AwakeInstancesAfterBackupRestoration (9ms)
Refreshing native plugins compatible for Editor in 0.81 ms, found 2 plugins.
Preloading 0 native plugins for Editor in 0.00 ms.
Unloading 4738 Unused Serialized files (Serialized files now loaded: 0)
Unloading 20 unused Assets / (346.2 KB). Loaded Objects now: 5403.
Memory consumption went from 194.5 MB to 194.1 MB.
Total: 2.656667 ms (FindLiveObjects: 0.170500 ms CreateObjectMapping: 0.051417 ms MarkObjects: 2.298625 ms  DeleteObjects: 0.135667 ms)

Prepare: number of updated asset objects reloaded= 0
AssetImportParameters requested are different than current active one (requested -> active):
  custom:container-demuxer-ogg: 62fdf1f143b41e24485cea50d1cbac27 -> 
  custom:video-decoder-ogg-theora: a1e56fd34408186e4bbccfd4996cb3dc -> 
  custom:CustomObjectIndexerAttribute: 72b91833f83ae208fae7752999fa3104 -> 
  custom:container-demuxer-webm: 4f35f7cbe854078d1ac9338744f61a02 -> 
  custom:container-muxer-webm: aa71ff27fc2769a1b78a27578f13a17b -> 
  custom:video-decoder-webm-vp8: 9c59270c3fd7afecdb556c50c9e8de78 -> 
  custom:SearchIndexIgnoredProperties: e643bd26f0fe6173181afceb89e7c659 -> 
  custom:AudioImporter_EditorPlatform: 3918e3fc78b5a79bad01e8451be0beb8 -> 
  custom:framework-osx-AVFoundation: e770b220cccbd017edd2c1fefb359320 -> 
  custom:video-encoder-webm-vp8: eb34c28f22e8b96e1ab97ce403110664 -> 
  custom:audio-decoder-ogg-vorbis: bf7c407c2cedff20999df2af8eb42d56 -> 
  custom:audio-encoder-webm-vorbis: bf7c407c2cedff20999df2af8eb42d56 -> 
========================================================================
Received Prepare
Caller must complete domain reload
Begin MonoManager ReloadAssembly
Thread 0x16d5ab000 may have been prematurely finalized
- Loaded All Assemblies, in  0.213 seconds
Native extension for OSXStandalone target not found
Mono: successfully reloaded assembly
- Finished resetting the current domain, in  0.727 seconds
Domain Reload Profiling: 940ms
	BeginReloadAssembly (73ms)
		ExecutionOrderSort (0ms)
		DisableScriptedObjects (2ms)
		BackupInstance (0ms)
		ReleaseScriptingObjects (0ms)
		CreateAndSetChildDomain (24ms)
	RebuildCommonClasses (19ms)
	RebuildNativeTypeToScriptingClass (7ms)
	initialDomainReloadingComplete (11ms)
	LoadAllAssembliesAndSetupDomain (104ms)
		LoadAssemblies (119ms)
		RebuildTransferFunctionScriptingTraits (0ms)
		AnalyzeDomain (10ms)
			TypeCache.Refresh (4ms)
				TypeCache.ScanAssembly (0ms)
			ScanForSourceGeneratedMonoScriptInfo (0ms)
			ResolveRequiredComponents (6ms)
	FinalizeReload (727ms)
		ReleaseScriptCaches (0ms)
		RebuildScriptCaches (0ms)
		SetupLoadedEditorAssemblies (206ms)
			LogAssemblyErrors (0ms)
			InitializePlatformSupportModulesInManaged (2ms)
			SetLoadedEditorAssemblies (2ms)
			RefreshPlugins (0ms)
			BeforeProcessingInitializeOnLoad (32ms)
			ProcessInitializeOnLoadAttributes (140ms)
			ProcessInitializeOnLoadMethodAttributes (29ms)
			AfterProcessingInitializeOnLoad (1ms)
			EditorAssembliesLoaded (0ms)
		ExecutionOrderSort2 (0ms)
		AwakeInstancesAfterBackupRestoration (8ms)
Refreshing native plugins compatible for Editor in 0.76 ms, found 2 plugins.
Preloading 0 native plugins for Editor in 0.00 ms.
Unloading 4737 Unused Serialized files (Serialized files now loaded: 0)
Unloading 20 unused Assets / (346.3 KB). Loaded Objects now: 5407.
Memory consumption went from 198.2 MB to 197.8 MB.
Total: 2.447041 ms (FindLiveObjects: 0.155250 ms CreateObjectMapping: 0.052583 ms MarkObjects: 2.081959 ms  DeleteObjects: 0.156708 ms)

Prepare: number of updated asset objects reloaded= 0
AssetImportParameters requested are different than current active one (requested -> active):
  custom:container-demuxer-ogg: 62fdf1f143b41e24485cea50d1cbac27 -> 
  custom:video-decoder-ogg-theora: a1e56fd34408186e4bbccfd4996cb3dc -> 
  custom:CustomObjectIndexerAttribute: 72b91833f83ae208fae7752999fa3104 -> 
  custom:container-demuxer-webm: 4f35f7cbe854078d1ac9338744f61a02 -> 
  custom:container-muxer-webm: aa71ff27fc2769a1b78a27578f13a17b -> 
  custom:video-decoder-webm-vp8: 9c59270c3fd7afecdb556c50c9e8de78 -> 
  custom:SearchIndexIgnoredProperties: e643bd26f0fe6173181afceb89e7c659 -> 
  custom:AudioImporter_EditorPlatform: 3918e3fc78b5a79bad01e8451be0beb8 -> 
  custom:framework-osx-AVFoundation: e770b220cccbd017edd2c1fefb359320 -> 
  custom:video-encoder-webm-vp8: eb34c28f22e8b96e1ab97ce403110664 -> 
  custom:audio-decoder-ogg-vorbis: bf7c407c2cedff20999df2af8eb42d56 -> 
  custom:audio-encoder-webm-vorbis: bf7c407c2cedff20999df2af8eb42d56 -> 
