Unity Editor version:    2022.3.59f1 (630718f645a5)
Branch:                  2022.3/staging
Build type:              Release
Batch mode:              YES
macOS version:           Version 15.3.2 (Build 24D81)
Darwin version:          24.3.0
Architecture:            arm64
Running under Rosetta:   NO
Available memory:        16384 MB
Using pre-set license
Pro License: YES

COMMAND LINE ARGUMENTS:
/Applications/Unity/Hub/Editor/2022.3.59f1/Unity.app/Contents/MacOS/Unity
-adb2
-batchMode
-noUpm
-name
AssetImportWorker0
-projectPath
/Users/oliveswarts/Playground_Scene/Final_Playground_Project
-logFile
Logs/AssetImportWorker0.log
-srvPort
51599
Successfully changed project path to: /Users/oliveswarts/Playground_Scene/Final_Playground_Project
/Users/oliveswarts/Playground_Scene/Final_Playground_Project
[UnityMemory] Configuration Parameters - Can be set up in boot.config
    "memorysetup-bucket-allocator-granularity=16"
    "memorysetup-bucket-allocator-bucket-count=8"
    "memorysetup-bucket-allocator-block-size=33554432"
    "memorysetup-bucket-allocator-block-count=8"
    "memorysetup-main-allocator-block-size=16777216"
    "memorysetup-thread-allocator-block-size=16777216"
    "memorysetup-gfx-main-allocator-block-size=16777216"
    "memorysetup-gfx-thread-allocator-block-size=16777216"
    "memorysetup-cache-allocator-block-size=4194304"
    "memorysetup-typetree-allocator-block-size=2097152"
    "memorysetup-profiler-bucket-allocator-granularity=16"
    "memorysetup-profiler-bucket-allocator-bucket-count=8"
    "memorysetup-profiler-bucket-allocator-block-size=33554432"
    "memorysetup-profiler-bucket-allocator-block-count=8"
    "memorysetup-profiler-allocator-block-size=16777216"
    "memorysetup-profiler-editor-allocator-block-size=1048576"
    "memorysetup-temp-allocator-size-main=16777216"
    "memorysetup-job-temp-allocator-block-size=2097152"
    "memorysetup-job-temp-allocator-block-size-background=1048576"
    "memorysetup-job-temp-allocator-reduction-small-platforms=262144"
    "memorysetup-allocator-temp-initial-block-size-main=262144"
    "memorysetup-allocator-temp-initial-block-size-worker=262144"
    "memorysetup-temp-allocator-size-background-worker=32768"
    "memorysetup-temp-allocator-size-job-worker=262144"
    "memorysetup-temp-allocator-size-preload-manager=33554432"
    "memorysetup-temp-allocator-size-nav-mesh-worker=65536"
    "memorysetup-temp-allocator-size-audio-worker=65536"
    "memorysetup-temp-allocator-size-cloud-worker=32768"
    "memorysetup-temp-allocator-size-gi-baking-worker=262144"
    "memorysetup-temp-allocator-size-gfx=262144"
Player connection [8313096256]  Target information:

Player connection [8313096256]  * "[IP] 100.107.30.155 [Port] 0 [Flags] 2 [Guid] 1047498519 [EditorId] 1047498519 [Version] 1048832 [Id] OSXEditor(0,Olives-MacBook-Air.local) [Debug] 1 [PackageName] OSXEditor [ProjectName] Editor" 

Player connection [8313096256] Host joined multi-casting on [225.0.0.222:54997]...
Player connection [8313096256] Host joined alternative multi-casting on [225.0.0.222:34997]...
Input System module state changed to: Initialized.
[PhysX] Initialized MultithreadedTaskDispatcher with 8 workers.
Refreshing native plugins compatible for Editor in 12.81 ms, found 2 plugins.
Preloading 0 native plugins for Editor in 0.00 ms.
Initialize engine version: 2022.3.59f1 (630718f645a5)
[Subsystems] Discovering subsystems at path /Applications/Unity/Hub/Editor/2022.3.59f1/Unity.app/Contents/Resources/UnitySubsystems
[Subsystems] Discovering subsystems at path /Users/oliveswarts/Playground_Scene/Final_Playground_Project/Assets
GfxDevice: creating device client; threaded=0; jobified=0
 preferred device: Apple M3 (high power)
Metal devices available: 1
0: Apple M3 (high power)
Using device Apple M3 (high power)
Initializing Metal device caps: Apple M3
Initialize mono
Mono path[0] = '/Applications/Unity/Hub/Editor/2022.3.59f1/Unity.app/Contents/Managed'
Mono path[1] = '/Applications/Unity/Hub/Editor/2022.3.59f1/Unity.app/Contents/MonoBleedingEdge/lib/mono/unityjit-macos'
Mono config path = '/Applications/Unity/Hub/Editor/2022.3.59f1/Unity.app/Contents/MonoBleedingEdge/etc'
Using monoOptions --debugger-agent=transport=dt_socket,embedding=1,server=y,suspend=n,address=127.0.0.1:56558
Begin MonoManager ReloadAssembly
Registering precompiled unity dll's ...
Register platform support module: /Applications/Unity/Hub/Editor/2022.3.59f1/Unity.app/Contents/PlaybackEngines/MacStandaloneSupport/UnityEditor.OSXStandalone.Extensions.dll
Registered in 0.000882 seconds.
- Loaded All Assemblies, in  0.207 seconds
Native extension for OSXStandalone target not found
Mono: successfully reloaded assembly
- Finished resetting the current domain, in  0.125 seconds
Domain Reload Profiling: 333ms
	BeginReloadAssembly (78ms)
		ExecutionOrderSort (0ms)
		DisableScriptedObjects (0ms)
		BackupInstance (0ms)
		ReleaseScriptingObjects (0ms)
		CreateAndSetChildDomain (0ms)
	RebuildCommonClasses (19ms)
	RebuildNativeTypeToScriptingClass (7ms)
	initialDomainReloadingComplete (24ms)
	LoadAllAssembliesAndSetupDomain (80ms)
		LoadAssemblies (80ms)
		RebuildTransferFunctionScriptingTraits (0ms)
		AnalyzeDomain (77ms)
			TypeCache.Refresh (76ms)
				TypeCache.ScanAssembly (69ms)
			ScanForSourceGeneratedMonoScriptInfo (0ms)
			ResolveRequiredComponents (0ms)
	FinalizeReload (126ms)
		ReleaseScriptCaches (0ms)
		RebuildScriptCaches (0ms)
		SetupLoadedEditorAssemblies (98ms)
			LogAssemblyErrors (0ms)
			InitializePlatformSupportModulesInManaged (5ms)
			SetLoadedEditorAssemblies (3ms)
			RefreshPlugins (0ms)
			BeforeProcessingInitializeOnLoad (1ms)
			ProcessInitializeOnLoadAttributes (67ms)
			ProcessInitializeOnLoadMethodAttributes (22ms)
			AfterProcessingInitializeOnLoad (0ms)
			EditorAssembliesLoaded (0ms)
		ExecutionOrderSort2 (0ms)
		AwakeInstancesAfterBackupRestoration (0ms)
========================================================================
Worker process is ready to serve import requests
Caller must complete domain reload
Begin MonoManager ReloadAssembly
- Loaded All Assemblies, in  0.345 seconds
Native extension for OSXStandalone target not found
Mono: successfully reloaded assembly
- Finished resetting the current domain, in  0.287 seconds
Domain Reload Profiling: 632ms
	BeginReloadAssembly (58ms)
		ExecutionOrderSort (0ms)
		DisableScriptedObjects (2ms)
		BackupInstance (0ms)
		ReleaseScriptingObjects (0ms)
		CreateAndSetChildDomain (14ms)
	RebuildCommonClasses (18ms)
	RebuildNativeTypeToScriptingClass (6ms)
	initialDomainReloadingComplete (18ms)
	LoadAllAssembliesAndSetupDomain (244ms)
		LoadAssemblies (167ms)
		RebuildTransferFunctionScriptingTraits (0ms)
		AnalyzeDomain (102ms)
			TypeCache.Refresh (87ms)
				TypeCache.ScanAssembly (77ms)
			ScanForSourceGeneratedMonoScriptInfo (9ms)
			ResolveRequiredComponents (5ms)
	FinalizeReload (287ms)
		ReleaseScriptCaches (0ms)
		RebuildScriptCaches (0ms)
		SetupLoadedEditorAssemblies (215ms)
			LogAssemblyErrors (0ms)
			InitializePlatformSupportModulesInManaged (2ms)
			SetLoadedEditorAssemblies (2ms)
			RefreshPlugins (0ms)
			BeforeProcessingInitializeOnLoad (29ms)
			ProcessInitializeOnLoadAttributes (150ms)
			ProcessInitializeOnLoadMethodAttributes (31ms)
			AfterProcessingInitializeOnLoad (1ms)
			EditorAssembliesLoaded (0ms)
		ExecutionOrderSort2 (0ms)
		AwakeInstancesAfterBackupRestoration (2ms)
Launching external process: /Applications/Unity/Hub/Editor/2022.3.59f1/Unity.app/Contents/Tools/UnityShaderCompiler
Launched and connected shader compiler UnityShaderCompiler after 0.02 seconds
Refreshing native plugins compatible for Editor in 0.52 ms, found 2 plugins.
Preloading 0 native plugins for Editor in 0.00 ms.
Unloading 4889 Unused Serialized files (Serialized files now loaded: 0)
Unloading 25 unused Assets / (363.9 KB). Loaded Objects now: 5349.
Memory consumption went from 202.8 MB to 202.4 MB.
Total: 2.301042 ms (FindLiveObjects: 0.142958 ms CreateObjectMapping: 0.050958 ms MarkObjects: 1.946000 ms  DeleteObjects: 0.160625 ms)

AssetImportParameters requested are different than current active one (requested -> active):
  custom:container-demuxer-ogg: 62fdf1f143b41e24485cea50d1cbac27 -> 
  custom:video-decoder-ogg-theora: a1e56fd34408186e4bbccfd4996cb3dc -> 
  custom:CustomObjectIndexerAttribute: 72b91833f83ae208fae7752999fa3104 -> 
  custom:container-demuxer-webm: 4f35f7cbe854078d1ac9338744f61a02 -> 
  custom:container-muxer-webm: aa71ff27fc2769a1b78a27578f13a17b -> 
  custom:video-decoder-webm-vp8: 9c59270c3fd7afecdb556c50c9e8de78 -> 
  custom:SearchIndexIgnoredProperties: e643bd26f0fe6173181afceb89e7c659 -> 
  custom:AudioImporter_EditorPlatform: 3918e3fc78b5a79bad01e8451be0beb8 -> 
  custom:framework-osx-AVFoundation: e770b220cccbd017edd2c1fefb359320 -> 
  custom:video-encoder-webm-vp8: eb34c28f22e8b96e1ab97ce403110664 -> 
  custom:audio-decoder-ogg-vorbis: bf7c407c2cedff20999df2af8eb42d56 -> 
  custom:audio-encoder-webm-vorbis: bf7c407c2cedff20999df2af8eb42d56 -> 
========================================================================
Received Import Request.
  Time since last request: 337406.808806 seconds.
  path: Assets/Prefabs/Player.prefab
  artifactKey: Guid(d358a99e7ce2c41abb662ad25c97c1c0) Importer(815301076,1909f56bfc062723c751e8b465ee728b)
Start importing Assets/Prefabs/Player.prefab using Guid(d358a99e7ce2c41abb662ad25c97c1c0) Importer(815301076,1909f56bfc062723c751e8b465ee728b) [PhysX] Initialized MultithreadedTaskDispatcher with 8 workers.
[PhysX] Initialized MultithreadedTaskDispatcher with 8 workers.
 -> (artifact id: '946806b868e2157786417006de86af28') in 0.147836 seconds
Number of updated asset objects reloaded before import = 0
Number of asset objects unloaded after import = 30
========================================================================
Received Import Request.
  Time since last request: 396.282667 seconds.
  path: Assets/Course Library/Characters/Town/SimplePeople_Man_Business_Black.prefab
  artifactKey: Guid(2f8d00bf5057f624e949aef802595da9) Importer(815301076,1909f56bfc062723c751e8b465ee728b)
Start importing Assets/Course Library/Characters/Town/SimplePeople_Man_Business_Black.prefab using Guid(2f8d00bf5057f624e949aef802595da9) Importer(815301076,1909f56bfc062723c751e8b465ee728b) [PhysX] Initialized MultithreadedTaskDispatcher with 8 workers.
[PhysX] Initialized MultithreadedTaskDispatcher with 8 workers.
 -> (artifact id: 'b657cf5e7a2f4023e12246359ba12f53') in 0.073600 seconds
Number of updated asset objects reloaded before import = 0
Number of asset objects unloaded after import = 405
========================================================================
Received Import Request.
  Time since last request: 20.580304 seconds.
  path: Assets/Readme.asset
  artifactKey: Guid(8105016687592461f977c054a80ce2f2) Importer(2089858483,3d70f49cd1c2eb9ae422958d1c652c6b)
Start importing Assets/Readme.asset using Guid(8105016687592461f977c054a80ce2f2) Importer(2089858483,3d70f49cd1c2eb9ae422958d1c652c6b) [PhysX] Initialized MultithreadedTaskDispatcher with 8 workers.
 -> (artifact id: 'f18ad4aa61962ee3dd0247250c6c7e4b') in 0.089827 seconds
Number of updated asset objects reloaded before import = 0
Number of asset objects unloaded after import = 1
========================================================================
Received Import Request.
  Time since last request: 0.000476 seconds.
  path: Assets/TerrainSampleAssets/Materials/BushDry.asset
  artifactKey: Guid(238ad6ea99d845f498c3a2334f75358a) Importer(2089858483,0ecaa5967403d082aa24f35e1b516d23)
Start importing Assets/TerrainSampleAssets/Materials/BushDry.asset using Guid(238ad6ea99d845f498c3a2334f75358a) Importer(2089858483,0ecaa5967403d082aa24f35e1b516d23) [PhysX] Initialized MultithreadedTaskDispatcher with 8 workers.
 -> (artifact id: '23af03fb74e42ff11e347b0132c09263') in 0.028902 seconds
Number of updated asset objects reloaded before import = 0
Number of asset objects unloaded after import = 6
========================================================================
Received Import Request.
  Time since last request: 0.000047 seconds.
  path: Assets/TerrainSampleAssets/Models/Heather_A.asset
  artifactKey: Guid(211a44eba6f5ca34ea3d3ac34bbc3469) Importer(2089858483,0ecaa5967403d082aa24f35e1b516d23)
Start importing Assets/TerrainSampleAssets/Models/Heather_A.asset using Guid(211a44eba6f5ca34ea3d3ac34bbc3469) Importer(2089858483,0ecaa5967403d082aa24f35e1b516d23) [PhysX] Initialized MultithreadedTaskDispatcher with 8 workers.
 -> (artifact id: 'a923a7c0aac0f0d18fb351d7f3935b1e') in 0.003013 seconds
Number of updated asset objects reloaded before import = 0
Number of asset objects unloaded after import = 1
========================================================================
Received Import Request.
  Time since last request: 0.000105 seconds.
  path: Assets/Course Library/Particles/FX_WaterSplatter.prefab
  artifactKey: Guid(263867d4955e3644f9a1dfa779ab7d1e) Importer(2089858483,0ecaa5967403d082aa24f35e1b516d23)
Start importing Assets/Course Library/Particles/FX_WaterSplatter.prefab using Guid(263867d4955e3644f9a1dfa779ab7d1e) Importer(2089858483,0ecaa5967403d082aa24f35e1b516d23) [PhysX] Initialized MultithreadedTaskDispatcher with 8 workers.
 -> (artifact id: '4f513d9eda4045bf8dd5ea6ddb3136ad') in 0.057824 seconds
Number of updated asset objects reloaded before import = 0
Number of asset objects unloaded after import = 6
========================================================================
Received Import Request.
  Time since last request: 0.000248 seconds.
  path: Assets/Course Library/Particles/FX_Dust_Prefab_02.prefab
  artifactKey: Guid(cd427f0dc853ec74a9ba1c5ff0e48ca2) Importer(2089858483,3d70f49cd1c2eb9ae422958d1c652c6b)
Start importing Assets/Course Library/Particles/FX_Dust_Prefab_02.prefab using Guid(cd427f0dc853ec74a9ba1c5ff0e48ca2) Importer(2089858483,3d70f49cd1c2eb9ae422958d1c652c6b) [PhysX] Initialized MultithreadedTaskDispatcher with 8 workers.
 -> (artifact id: '2cb3cfad68214077bf439b73de405463') in 0.007244 seconds
Number of updated asset objects reloaded before import = 0
Number of asset objects unloaded after import = 7
========================================================================
Received Import Request.
  Time since last request: 0.005301 seconds.
  path: Assets/Settings/SampleSceneProfile.asset
  artifactKey: Guid(a6560a915ef98420e9faacc1c7438823) Importer(2089858483,3d70f49cd1c2eb9ae422958d1c652c6b)
Start importing Assets/Settings/SampleSceneProfile.asset using Guid(a6560a915ef98420e9faacc1c7438823) Importer(2089858483,3d70f49cd1c2eb9ae422958d1c652c6b) [PhysX] Initialized MultithreadedTaskDispatcher with 8 workers.
 -> (artifact id: 'd5fe6f3cdcaab3c44aeb46f9f8309b2b') in 0.002924 seconds
Number of updated asset objects reloaded before import = 0
Number of asset objects unloaded after import = 3
========================================================================
Received Import Request.
  Time since last request: 0.001156 seconds.
  path: Assets/Materials/Blue_dark.mat
  artifactKey: Guid(a2315026169ea42158802adf90940aa7) Importer(2089858483,0ecaa5967403d082aa24f35e1b516d23)
Start importing Assets/Materials/Blue_dark.mat using Guid(a2315026169ea42158802adf90940aa7) Importer(2089858483,0ecaa5967403d082aa24f35e1b516d23) [PhysX] Initialized MultithreadedTaskDispatcher with 8 workers.
 -> (artifact id: 'f249d9f376923b275a93fb5af6cfc752') in 0.005496 seconds
Number of updated asset objects reloaded before import = 0
Number of asset objects unloaded after import = 1
========================================================================
Received Import Request.
  Time since last request: 0.000501 seconds.
  path: Assets/TerrainSampleAssets/Models/Heather_B.asset
  artifactKey: Guid(fa4ffd32709146c448c403bfd045f3fb) Importer(2089858483,0ecaa5967403d082aa24f35e1b516d23)
Start importing Assets/TerrainSampleAssets/Models/Heather_B.asset using Guid(fa4ffd32709146c448c403bfd045f3fb) Importer(2089858483,0ecaa5967403d082aa24f35e1b516d23) [PhysX] Initialized MultithreadedTaskDispatcher with 8 workers.
 -> (artifact id: '4af53c82c049af3864e6917a3b3a7d8d') in 0.002120 seconds
Number of updated asset objects reloaded before import = 0
Number of asset objects unloaded after import = 1
========================================================================
Received Import Request.
  Time since last request: 0.000206 seconds.
  path: Assets/TerrainSampleAssets/Models/Grass_B.asset
  artifactKey: Guid(255522b0d4257624f93e110d4a6135ed) Importer(2089858483,3d70f49cd1c2eb9ae422958d1c652c6b)
Start importing Assets/TerrainSampleAssets/Models/Grass_B.asset using Guid(255522b0d4257624f93e110d4a6135ed) Importer(2089858483,3d70f49cd1c2eb9ae422958d1c652c6b) [PhysX] Initialized MultithreadedTaskDispatcher with 8 workers.
 -> (artifact id: '60a8f8f8b1df59f5c69b5adea577e94c') in 0.002690 seconds
Number of updated asset objects reloaded before import = 0
Number of asset objects unloaded after import = 0
========================================================================
Received Import Request.
  Time since last request: 0.000212 seconds.
  path: Assets/Materials/Purple_light.mat
  artifactKey: Guid(001aefa0075324ce8a96a707a310b04c) Importer(2089858483,0ecaa5967403d082aa24f35e1b516d23)
Start importing Assets/Materials/Purple_light.mat using Guid(001aefa0075324ce8a96a707a310b04c) Importer(2089858483,0ecaa5967403d082aa24f35e1b516d23) [PhysX] Initialized MultithreadedTaskDispatcher with 8 workers.
 -> (artifact id: 'fd3a9af4ac271c2a8c7f493364f16c98') in 0.003229 seconds
Number of updated asset objects reloaded before import = 0
Number of asset objects unloaded after import = 1
========================================================================
Received Import Request.
  Time since last request: 0.000315 seconds.
  path: Assets/TerrainSampleAssets/Materials/Plant.asset
  artifactKey: Guid(f53f3a3078db3cd4a9bcd875d3b2a557) Importer(2089858483,0ecaa5967403d082aa24f35e1b516d23)
Start importing Assets/TerrainSampleAssets/Materials/Plant.asset using Guid(f53f3a3078db3cd4a9bcd875d3b2a557) Importer(2089858483,0ecaa5967403d082aa24f35e1b516d23) [PhysX] Initialized MultithreadedTaskDispatcher with 8 workers.
 -> (artifact id: 'd74adbdd3da52097015fe70980e71f8e') in 0.018673 seconds
Number of updated asset objects reloaded before import = 0
Number of asset objects unloaded after import = 6
========================================================================
Received Import Request.
  Time since last request: 0.000814 seconds.
  path: Assets/TerrainSampleAssets/Prefabs/Grass_D.prefab
  artifactKey: Guid(4dfd50a1f648e984f8188be70774f281) Importer(2089858483,0ecaa5967403d082aa24f35e1b516d23)
Start importing Assets/TerrainSampleAssets/Prefabs/Grass_D.prefab using Guid(4dfd50a1f648e984f8188be70774f281) Importer(2089858483,0ecaa5967403d082aa24f35e1b516d23) [PhysX] Initialized MultithreadedTaskDispatcher with 8 workers.
 -> (artifact id: 'd0d1ffbff1cc9e17db49dc72ce14fd35') in 0.005584 seconds
Number of updated asset objects reloaded before import = 0
Number of asset objects unloaded after import = 7
========================================================================
Received Import Request.
  Time since last request: 0.001757 seconds.
  path: Assets/Settings/URP-Performant.asset
  artifactKey: Guid(d0e2fc18fe036412f8223b3b3d9ad574) Importer(2089858483,3d70f49cd1c2eb9ae422958d1c652c6b)
Start importing Assets/Settings/URP-Performant.asset using Guid(d0e2fc18fe036412f8223b3b3d9ad574) Importer(2089858483,3d70f49cd1c2eb9ae422958d1c652c6b) [PhysX] Initialized MultithreadedTaskDispatcher with 8 workers.
 -> (artifact id: '989a6256e85a57755ae201204bc20ed5') in 0.007440 seconds
Number of updated asset objects reloaded before import = 0
Number of asset objects unloaded after import = 1
========================================================================
Received Import Request.
  Time since last request: 0.002160 seconds.
  path: Assets/TerrainSampleAssets/Models/Fern_A.asset
  artifactKey: Guid(2532d22dd52b5854189d40a50540b705) Importer(2089858483,3d70f49cd1c2eb9ae422958d1c652c6b)
Start importing Assets/TerrainSampleAssets/Models/Fern_A.asset using Guid(2532d22dd52b5854189d40a50540b705) Importer(2089858483,3d70f49cd1c2eb9ae422958d1c652c6b) [PhysX] Initialized MultithreadedTaskDispatcher with 8 workers.
 -> (artifact id: 'f2dcc137253842c46fba9085e6763b2b') in 0.001785 seconds
Number of updated asset objects reloaded before import = 0
Number of asset objects unloaded after import = 0
========================================================================
Received Import Request.
  Time since last request: 0.006399 seconds.
  path: Assets/TerrainSampleAssets/Prefabs/Grass_B.prefab
  artifactKey: Guid(7b3e6db10d22f504dbc606110b2cb5e7) Importer(2089858483,3d70f49cd1c2eb9ae422958d1c652c6b)
Start importing Assets/TerrainSampleAssets/Prefabs/Grass_B.prefab using Guid(7b3e6db10d22f504dbc606110b2cb5e7) Importer(2089858483,3d70f49cd1c2eb9ae422958d1c652c6b) [PhysX] Initialized MultithreadedTaskDispatcher with 8 workers.
 -> (artifact id: '2ef4f4e4160f8be827fdca6657a1d00a') in 0.004426 seconds
Number of updated asset objects reloaded before import = 0
Number of asset objects unloaded after import = 9
========================================================================
Received Import Request.
  Time since last request: 0.000111 seconds.
  path: Assets/TerrainSampleAssets/Prefabs/Grass_A.prefab
  artifactKey: Guid(4e6885e0d11bd224fa27617a4657c329) Importer(2089858483,0ecaa5967403d082aa24f35e1b516d23)
Start importing Assets/TerrainSampleAssets/Prefabs/Grass_A.prefab using Guid(4e6885e0d11bd224fa27617a4657c329) Importer(2089858483,0ecaa5967403d082aa24f35e1b516d23) [PhysX] Initialized MultithreadedTaskDispatcher with 8 workers.
 -> (artifact id: 'b9f72895c302b238fba7dcf1f6777274') in 0.004506 seconds
Number of updated asset objects reloaded before import = 0
Number of asset objects unloaded after import = 7
========================================================================
Received Import Request.
  Time since last request: 0.000153 seconds.
  path: Assets/Course Library/Particles/FX_Fireworks_Green_Large.prefab
  artifactKey: Guid(26d069e6f78e6f8478e4dc0152bd6939) Importer(2089858483,0ecaa5967403d082aa24f35e1b516d23)
Start importing Assets/Course Library/Particles/FX_Fireworks_Green_Large.prefab using Guid(26d069e6f78e6f8478e4dc0152bd6939) Importer(2089858483,0ecaa5967403d082aa24f35e1b516d23) [PhysX] Initialized MultithreadedTaskDispatcher with 8 workers.
 -> (artifact id: '90868c7498f7de83932e3760a5a4d218') in 0.016064 seconds
Number of updated asset objects reloaded before import = 0
Number of asset objects unloaded after import = 6
========================================================================
Received Import Request.
  Time since last request: 0.000131 seconds.
  path: Assets/TerrainSampleAssets/Prefabs/Grass_C.prefab
  artifactKey: Guid(4c72217d56dcb6749a897a75cad1f34e) Importer(2089858483,0ecaa5967403d082aa24f35e1b516d23)
Start importing Assets/TerrainSampleAssets/Prefabs/Grass_C.prefab using Guid(4c72217d56dcb6749a897a75cad1f34e) Importer(2089858483,0ecaa5967403d082aa24f35e1b516d23) [PhysX] Initialized MultithreadedTaskDispatcher with 8 workers.
 -> (artifact id: 'd8c0fb2d0e1e23a19e08bffc86fc5576') in 0.003843 seconds
Number of updated asset objects reloaded before import = 0
Number of asset objects unloaded after import = 7
========================================================================
Received Import Request.
  Time since last request: 0.000206 seconds.
  path: Assets/TerrainSampleAssets/Models/GrassDry_A.asset
  artifactKey: Guid(95c06121a3f5d524c8cad4ff4e302950) Importer(2089858483,0ecaa5967403d082aa24f35e1b516d23)
Start importing Assets/TerrainSampleAssets/Models/GrassDry_A.asset using Guid(95c06121a3f5d524c8cad4ff4e302950) Importer(2089858483,0ecaa5967403d082aa24f35e1b516d23) [PhysX] Initialized MultithreadedTaskDispatcher with 8 workers.
 -> (artifact id: 'bf5eb1cef4e602d40b254799d1e58714') in 0.002111 seconds
Number of updated asset objects reloaded before import = 0
Number of asset objects unloaded after import = 1
========================================================================
Received Import Request.
  Time since last request: 0.000211 seconds.
  path: Assets/TerrainSampleAssets/Models/Plant_B.asset
  artifactKey: Guid(97025d35e5b57294f92451cbaf836c12) Importer(2089858483,3d70f49cd1c2eb9ae422958d1c652c6b)
Start importing Assets/TerrainSampleAssets/Models/Plant_B.asset using Guid(97025d35e5b57294f92451cbaf836c12) Importer(2089858483,3d70f49cd1c2eb9ae422958d1c652c6b) [PhysX] Initialized MultithreadedTaskDispatcher with 8 workers.
 -> (artifact id: 'fc879ceab8071dfc816b7b9f437b189d') in 0.001672 seconds
Number of updated asset objects reloaded before import = 0
Number of asset objects unloaded after import = 0
========================================================================
Received Import Request.
  Time since last request: 0.000044 seconds.
  path: Assets/TerrainSampleAssets/Prefabs/Fern_A.prefab
  artifactKey: Guid(6629880e46886724fa0107d3035304e6) Importer(2089858483,3d70f49cd1c2eb9ae422958d1c652c6b)
Start importing Assets/TerrainSampleAssets/Prefabs/Fern_A.prefab using Guid(6629880e46886724fa0107d3035304e6) Importer(2089858483,3d70f49cd1c2eb9ae422958d1c652c6b) [PhysX] Initialized MultithreadedTaskDispatcher with 8 workers.
 -> (artifact id: '390f4521b817418bbfd70c8525a3997f') in 0.003535 seconds
Number of updated asset objects reloaded before import = 0
Number of asset objects unloaded after import = 9
========================================================================
Received Import Request.
  Time since last request: 0.000032 seconds.
  path: Assets/TerrainSampleAssets/Materials/Bush.asset
  artifactKey: Guid(a48ad8aadb27f004390383c89862e6f3) Importer(2089858483,0ecaa5967403d082aa24f35e1b516d23)
Start importing Assets/TerrainSampleAssets/Materials/Bush.asset using Guid(a48ad8aadb27f004390383c89862e6f3) Importer(2089858483,0ecaa5967403d082aa24f35e1b516d23) [PhysX] Initialized MultithreadedTaskDispatcher with 8 workers.
 -> (artifact id: 'a262fe623b66e631b725e6b6d363ec4a') in 0.517850 seconds
Number of updated asset objects reloaded before import = 0
Number of asset objects unloaded after import = 5
========================================================================
Received Import Request.
  Time since last request: 0.003987 seconds.
  path: Assets/Course Library/Animals/Forest/Animal_Doe_01.prefab
  artifactKey: Guid(06aceaf909fec8f4081af49b1eea892e) Importer(2089858483,3d70f49cd1c2eb9ae422958d1c652c6b)
Start importing Assets/Course Library/Animals/Forest/Animal_Doe_01.prefab using Guid(06aceaf909fec8f4081af49b1eea892e) Importer(2089858483,3d70f49cd1c2eb9ae422958d1c652c6b) [PhysX] Initialized MultithreadedTaskDispatcher with 8 workers.
 -> (artifact id: '77af8f24324220e856418691b7c43973') in 0.017637 seconds
Number of updated asset objects reloaded before import = 0
Number of asset objects unloaded after import = 46
========================================================================
Received Import Request.
  Time since last request: 0.001143 seconds.
  path: Assets/Course Library/Characters/Farm/SimpleFarmer_Woman_01_Brown.prefab
  artifactKey: Guid(f3f69bcf5a1514c458ed5c9b96f28e34) Importer(2089858483,3d70f49cd1c2eb9ae422958d1c652c6b)
Start importing Assets/Course Library/Characters/Farm/SimpleFarmer_Woman_01_Brown.prefab using Guid(f3f69bcf5a1514c458ed5c9b96f28e34) Importer(2089858483,3d70f49cd1c2eb9ae422958d1c652c6b) [PhysX] Initialized MultithreadedTaskDispatcher with 8 workers.
 -> (artifact id: '03ff34a3867666570127a9a42a1ae36b') in 0.013909 seconds
Number of updated asset objects reloaded before import = 0
Number of asset objects unloaded after import = 69
========================================================================
Received Import Request.
  Time since last request: 0.002316 seconds.
  path: Assets/TerrainSampleAssets/TerrainBrushes/Terrainstamp_Canyon04_Brush.brush
  artifactKey: Guid(dc670a42db363de40a6e6d9f231404ca) Importer(2089858483,0ecaa5967403d082aa24f35e1b516d23)
Start importing Assets/TerrainSampleAssets/TerrainBrushes/Terrainstamp_Canyon04_Brush.brush using Guid(dc670a42db363de40a6e6d9f231404ca) Importer(2089858483,0ecaa5967403d082aa24f35e1b516d23) [PhysX] Initialized MultithreadedTaskDispatcher with 8 workers.
 -> (artifact id: '6e4c8d36d37cf2234f0336689bcdb252') in 0.012426 seconds
Number of updated asset objects reloaded before import = 0
Number of asset objects unloaded after import = 2
========================================================================
Received Import Request.
  Time since last request: 0.007130 seconds.
  path: Assets/TerrainSampleAssets/Materials/Grass_C.asset
  artifactKey: Guid(d3f698d8d13edc2478d19e143b436434) Importer(2089858483,3d70f49cd1c2eb9ae422958d1c652c6b)
Start importing Assets/TerrainSampleAssets/Materials/Grass_C.asset using Guid(d3f698d8d13edc2478d19e143b436434) Importer(2089858483,3d70f49cd1c2eb9ae422958d1c652c6b) [PhysX] Initialized MultithreadedTaskDispatcher with 8 workers.
 -> (artifact id: '19c1de0f2d369611fd1c51bf6d69e00c') in 0.007484 seconds
Number of updated asset objects reloaded before import = 0
Number of asset objects unloaded after import = 1
========================================================================
Received Import Request.
  Time since last request: 0.006446 seconds.
  path: Assets/Course Library/Animals/Dogs/Dog_BullTerrier_01.prefab
  artifactKey: Guid(09fd058ab758a754d8c7c1b690b4f068) Importer(2089858483,3d70f49cd1c2eb9ae422958d1c652c6b)
Start importing Assets/Course Library/Animals/Dogs/Dog_BullTerrier_01.prefab using Guid(09fd058ab758a754d8c7c1b690b4f068) Importer(2089858483,3d70f49cd1c2eb9ae422958d1c652c6b) [PhysX] Initialized MultithreadedTaskDispatcher with 8 workers.
 -> (artifact id: '014218e66c40bd0fb69684579e59432e') in 0.018796 seconds
Number of updated asset objects reloaded before import = 0
Number of asset objects unloaded after import = 244
========================================================================
Received Import Request.
  Time since last request: 0.002511 seconds.
  path: Assets/TerrainSampleAssets/Prefabs/Heather_B.prefab
  artifactKey: Guid(dd902ff2a6f685041be127af00c09664) Importer(2089858483,3d70f49cd1c2eb9ae422958d1c652c6b)
Start importing Assets/TerrainSampleAssets/Prefabs/Heather_B.prefab using Guid(dd902ff2a6f685041be127af00c09664) Importer(2089858483,3d70f49cd1c2eb9ae422958d1c652c6b) [PhysX] Initialized MultithreadedTaskDispatcher with 8 workers.
 -> (artifact id: '9e29e1170bee31f35d32a0c42c237dd5') in 0.005900 seconds
Number of updated asset objects reloaded before import = 0
Number of asset objects unloaded after import = 9
========================================================================
Received Import Request.
  Time since last request: 0.000172 seconds.
  path: Assets/TerrainSampleAssets/Prefabs/GrassDry_A.prefab
  artifactKey: Guid(9e8508e3025d9c844810b83c5607c09e) Importer(2089858483,0ecaa5967403d082aa24f35e1b516d23)
Start importing Assets/TerrainSampleAssets/Prefabs/GrassDry_A.prefab using Guid(9e8508e3025d9c844810b83c5607c09e) Importer(2089858483,0ecaa5967403d082aa24f35e1b516d23) [PhysX] Initialized MultithreadedTaskDispatcher with 8 workers.
 -> (artifact id: '54981f2136638aa7007a578356fe9c6a') in 0.008345 seconds
Number of updated asset objects reloaded before import = 0
Number of asset objects unloaded after import = 7
========================================================================
Received Import Request.
  Time since last request: 0.000623 seconds.
  path: Assets/Course Library/Particles/FX_Fireworks_Blue_Large.prefab
  artifactKey: Guid(5702e2a6fea804b45b49b70d8feaf7ae) Importer(2089858483,3d70f49cd1c2eb9ae422958d1c652c6b)
Start importing Assets/Course Library/Particles/FX_Fireworks_Blue_Large.prefab using Guid(5702e2a6fea804b45b49b70d8feaf7ae) Importer(2089858483,3d70f49cd1c2eb9ae422958d1c652c6b) [PhysX] Initialized MultithreadedTaskDispatcher with 8 workers.
 -> (artifact id: '8ed77a93b7e7a4f84781a05374330a99') in 0.004508 seconds
Number of updated asset objects reloaded before import = 0
Number of asset objects unloaded after import = 7
========================================================================
Received Import Request.
  Time since last request: 0.000353 seconds.
  path: Assets/TerrainSampleAssets/Models/Plant_A.asset
  artifactKey: Guid(d427b65f0342fe84fa77dabe420757ee) Importer(2089858483,3d70f49cd1c2eb9ae422958d1c652c6b)
Start importing Assets/TerrainSampleAssets/Models/Plant_A.asset using Guid(d427b65f0342fe84fa77dabe420757ee) Importer(2089858483,3d70f49cd1c2eb9ae422958d1c652c6b) [PhysX] Initialized MultithreadedTaskDispatcher with 8 workers.
 -> (artifact id: '30e10e7c7bc0540f32f2111eb033d797') in 0.003018 seconds
Number of updated asset objects reloaded before import = 0
Number of asset objects unloaded after import = 0
========================================================================
Received Import Request.
  Time since last request: 0.000581 seconds.
  path: Assets/TerrainSampleAssets/Prefabs/Plant_A.prefab
  artifactKey: Guid(6d6ea10f03c4d7245a66d6515bf1bc6d) Importer(2089858483,0ecaa5967403d082aa24f35e1b516d23)
Start importing Assets/TerrainSampleAssets/Prefabs/Plant_A.prefab using Guid(6d6ea10f03c4d7245a66d6515bf1bc6d) Importer(2089858483,0ecaa5967403d082aa24f35e1b516d23) [PhysX] Initialized MultithreadedTaskDispatcher with 8 workers.
 -> (artifact id: '9ad415b5e06a3e1e62e6054fdabbd4d8') in 0.003047 seconds
Number of updated asset objects reloaded before import = 0
Number of asset objects unloaded after import = 7
========================================================================
Received Import Request.
  Time since last request: 0.001467 seconds.
  path: Assets/Settings/URP-HighFidelity.asset
  artifactKey: Guid(7b7fd9122c28c4d15b667c7040e3b3fd) Importer(2089858483,0ecaa5967403d082aa24f35e1b516d23)
Start importing Assets/Settings/URP-HighFidelity.asset using Guid(7b7fd9122c28c4d15b667c7040e3b3fd) Importer(2089858483,0ecaa5967403d082aa24f35e1b516d23) [PhysX] Initialized MultithreadedTaskDispatcher with 8 workers.
 -> (artifact id: '1527e683e81c404bedc3d80a02e23f63') in 0.027391 seconds
Number of updated asset objects reloaded before import = 0
Number of asset objects unloaded after import = 1
========================================================================
Received Import Request.
  Time since last request: 0.002091 seconds.
  path: Assets/Course Library/Particles/FX_Steam.prefab
  artifactKey: Guid(5b6c2f68addb63847b151f0d41a9d3b1) Importer(2089858483,3d70f49cd1c2eb9ae422958d1c652c6b)
Start importing Assets/Course Library/Particles/FX_Steam.prefab using Guid(5b6c2f68addb63847b151f0d41a9d3b1) Importer(2089858483,3d70f49cd1c2eb9ae422958d1c652c6b) [PhysX] Initialized MultithreadedTaskDispatcher with 8 workers.
 -> (artifact id: '083b465fc64f3b597908056a24c4fae0') in 0.002457 seconds
Number of updated asset objects reloaded before import = 0
Number of asset objects unloaded after import = 7
========================================================================
Received Import Request.
  Time since last request: 0.000327 seconds.
  path: Assets/Course Library/Animals/Farm/Animal_Rooster_Brown.prefab
  artifactKey: Guid(3fe800c166ae0d04881a20247bde736d) Importer(2089858483,3d70f49cd1c2eb9ae422958d1c652c6b)
Start importing Assets/Course Library/Animals/Farm/Animal_Rooster_Brown.prefab using Guid(3fe800c166ae0d04881a20247bde736d) Importer(2089858483,3d70f49cd1c2eb9ae422958d1c652c6b) [PhysX] Initialized MultithreadedTaskDispatcher with 8 workers.
 -> (artifact id: '42a1a1501b69c265e8198c944c6b3feb') in 0.006306 seconds
Number of updated asset objects reloaded before import = 0
Number of asset objects unloaded after import = 72
========================================================================
Received Import Request.
  Time since last request: 0.004006 seconds.
  path: Assets/TerrainSampleAssets/Prefabs/Bush_B.prefab
  artifactKey: Guid(b273de0d6e5818a4cb3195ce4f376ccb) Importer(2089858483,0ecaa5967403d082aa24f35e1b516d23)
Start importing Assets/TerrainSampleAssets/Prefabs/Bush_B.prefab using Guid(b273de0d6e5818a4cb3195ce4f376ccb) Importer(2089858483,0ecaa5967403d082aa24f35e1b516d23) [PhysX] Initialized MultithreadedTaskDispatcher with 8 workers.
 -> (artifact id: '357e8b58e070ba16019749c5b4c4e4e4') in 0.003721 seconds
Number of updated asset objects reloaded before import = 0
Number of asset objects unloaded after import = 7
========================================================================
Received Import Request.
  Time since last request: 0.000148 seconds.
  path: Assets/TerrainSampleAssets/TerrainBrushes/Terrainstamp_Crackedground01_Brush.brush
  artifactKey: Guid(a27a2665c8aec334ba8bbba24ee0c827) Importer(2089858483,0ecaa5967403d082aa24f35e1b516d23)
Start importing Assets/TerrainSampleAssets/TerrainBrushes/Terrainstamp_Crackedground01_Brush.brush using Guid(a27a2665c8aec334ba8bbba24ee0c827) Importer(2089858483,0ecaa5967403d082aa24f35e1b516d23) [PhysX] Initialized MultithreadedTaskDispatcher with 8 workers.
 -> (artifact id: 'd4b3cec6307dd90166429848435a6561') in 0.004849 seconds
Number of updated asset objects reloaded before import = 0
Number of asset objects unloaded after import = 2
========================================================================
Received Import Request.
  Time since last request: 0.000341 seconds.
  path: Assets/Course Library/Characters/Farm/SimpleFarmer_Woman_01_White.prefab
  artifactKey: Guid(3cf7f489270aac84fb12901330960a5b) Importer(2089858483,3d70f49cd1c2eb9ae422958d1c652c6b)
Start importing Assets/Course Library/Characters/Farm/SimpleFarmer_Woman_01_White.prefab using Guid(3cf7f489270aac84fb12901330960a5b) Importer(2089858483,3d70f49cd1c2eb9ae422958d1c652c6b) [PhysX] Initialized MultithreadedTaskDispatcher with 8 workers.
 -> (artifact id: 'af9ecdff18e58a970202e3faa0d59563') in 0.004944 seconds
Number of updated asset objects reloaded before import = 0
Number of asset objects unloaded after import = 69
========================================================================
Received Import Request.
  Time since last request: 0.000079 seconds.
  path: Assets/TerrainSampleAssets/Prefabs/Plant_D.prefab
  artifactKey: Guid(8569bec78272c564ab74ca5b8a4762f1) Importer(2089858483,3d70f49cd1c2eb9ae422958d1c652c6b)
Start importing Assets/TerrainSampleAssets/Prefabs/Plant_D.prefab using Guid(8569bec78272c564ab74ca5b8a4762f1) Importer(2089858483,3d70f49cd1c2eb9ae422958d1c652c6b) [PhysX] Initialized MultithreadedTaskDispatcher with 8 workers.
 -> (artifact id: 'f03b2f681c61aa59af7f2c89d54da4c0') in 0.005254 seconds
Number of updated asset objects reloaded before import = 0
Number of asset objects unloaded after import = 9
========================================================================
Received Import Request.
  Time since last request: 0.002084 seconds.
  path: Assets/Course Library/Particles/FX_Dust_Blowing_01.prefab
  artifactKey: Guid(3fd5555088952419ebf0eb82e9096fa5) Importer(2089858483,3d70f49cd1c2eb9ae422958d1c652c6b)
Start importing Assets/Course Library/Particles/FX_Dust_Blowing_01.prefab using Guid(3fd5555088952419ebf0eb82e9096fa5) Importer(2089858483,3d70f49cd1c2eb9ae422958d1c652c6b) [PhysX] Initialized MultithreadedTaskDispatcher with 8 workers.
 -> (artifact id: 'cb37e16fda53a26c8651bb757ccaa38f') in 0.005195 seconds
Number of updated asset objects reloaded before import = 0
Number of asset objects unloaded after import = 7
========================================================================
Received Import Request.
  Time since last request: 0.000064 seconds.
  path: Assets/TerrainSampleAssets/Prefabs/Grass_C.prefab
  artifactKey: Guid(4c72217d56dcb6749a897a75cad1f34e) Importer(2089858483,3d70f49cd1c2eb9ae422958d1c652c6b)
Start importing Assets/TerrainSampleAssets/Prefabs/Grass_C.prefab using Guid(4c72217d56dcb6749a897a75cad1f34e) Importer(2089858483,3d70f49cd1c2eb9ae422958d1c652c6b) [PhysX] Initialized MultithreadedTaskDispatcher with 8 workers.
 -> (artifact id: 'c10d9efa76c437015d76ab6b970ebcc8') in 0.004306 seconds
Number of updated asset objects reloaded before import = 0
Number of asset objects unloaded after import = 9
========================================================================
Received Import Request.
  Time since last request: 0.004906 seconds.
  path: Assets/TerrainSampleAssets/Settings/FoliageDiffusionProfile.asset
  artifactKey: Guid(a4f9b0b21cfa10140b76854ccb395dcf) Importer(2089858483,0ecaa5967403d082aa24f35e1b516d23)
Start importing Assets/TerrainSampleAssets/Settings/FoliageDiffusionProfile.asset using Guid(a4f9b0b21cfa10140b76854ccb395dcf) Importer(2089858483,0ecaa5967403d082aa24f35e1b516d23) [PhysX] Initialized MultithreadedTaskDispatcher with 8 workers.
 -> (artifact id: '69b2dc4564fc1ed35e5bd3f5610d0db8') in 0.002737 seconds
Number of updated asset objects reloaded before import = 0
Number of asset objects unloaded after import = 1
========================================================================
Received Import Request.
  Time since last request: 0.002339 seconds.
  path: Assets/TerrainSampleAssets/Materials/GrassDry.asset
  artifactKey: Guid(0cf15945abe04ad4589592fd3bfcd17b) Importer(2089858483,0ecaa5967403d082aa24f35e1b516d23)
Start importing Assets/TerrainSampleAssets/Materials/GrassDry.asset using Guid(0cf15945abe04ad4589592fd3bfcd17b) Importer(2089858483,0ecaa5967403d082aa24f35e1b516d23) [PhysX] Initialized MultithreadedTaskDispatcher with 8 workers.
 -> (artifact id: 'e9083dc15c97cab49f1511c8d7e6fef0') in 0.009514 seconds
Number of updated asset objects reloaded before import = 0
Number of asset objects unloaded after import = 6
========================================================================
Received Import Request.
  Time since last request: 0.000229 seconds.
  path: Assets/TerrainSampleAssets/Models/Plant_D.asset
  artifactKey: Guid(6a7e8cd5e1ea8794c838b902529f257c) Importer(2089858483,0ecaa5967403d082aa24f35e1b516d23)
Start importing Assets/TerrainSampleAssets/Models/Plant_D.asset using Guid(6a7e8cd5e1ea8794c838b902529f257c) Importer(2089858483,0ecaa5967403d082aa24f35e1b516d23) [PhysX] Initialized MultithreadedTaskDispatcher with 8 workers.
 -> (artifact id: '1fb23802ef3b6b6d67ac267b966d7f6f') in 0.003538 seconds
Number of updated asset objects reloaded before import = 0
Number of asset objects unloaded after import = 1
========================================================================
Received Import Request.
  Time since last request: 0.000613 seconds.
  path: Assets/TerrainSampleAssets/TerrainBrushes/Terrainstamp_Erode01_Brush.brush
  artifactKey: Guid(7ee3d567366c781458dc63f069654dff) Importer(2089858483,0ecaa5967403d082aa24f35e1b516d23)
Start importing Assets/TerrainSampleAssets/TerrainBrushes/Terrainstamp_Erode01_Brush.brush using Guid(7ee3d567366c781458dc63f069654dff) Importer(2089858483,0ecaa5967403d082aa24f35e1b516d23) [PhysX] Initialized MultithreadedTaskDispatcher with 8 workers.
 -> (artifact id: '0ae40792cb3e9b26dc575a05eb7043b3') in 0.008189 seconds
Number of updated asset objects reloaded before import = 0
Number of asset objects unloaded after import = 2
========================================================================
Received Import Request.
  Time since last request: 0.000174 seconds.
  path: Assets/TerrainSampleAssets/Prefabs/Fern_A.prefab
  artifactKey: Guid(6629880e46886724fa0107d3035304e6) Importer(2089858483,0ecaa5967403d082aa24f35e1b516d23)
Start importing Assets/TerrainSampleAssets/Prefabs/Fern_A.prefab using Guid(6629880e46886724fa0107d3035304e6) Importer(2089858483,0ecaa5967403d082aa24f35e1b516d23) [PhysX] Initialized MultithreadedTaskDispatcher with 8 workers.
 -> (artifact id: '5ffa929f3b4490b4ade0c3cc58205fb7') in 0.003322 seconds
Number of updated asset objects reloaded before import = 0
Number of asset objects unloaded after import = 7
========================================================================
Received Import Request.
  Time since last request: 0.000334 seconds.
  path: Assets/TerrainSampleAssets/Materials/Grass_C.asset
  artifactKey: Guid(d3f698d8d13edc2478d19e143b436434) Importer(2089858483,0ecaa5967403d082aa24f35e1b516d23)
Start importing Assets/TerrainSampleAssets/Materials/Grass_C.asset using Guid(d3f698d8d13edc2478d19e143b436434) Importer(2089858483,0ecaa5967403d082aa24f35e1b516d23) [PhysX] Initialized MultithreadedTaskDispatcher with 8 workers.
 -> (artifact id: '95bd443cf011da47075020dfe5aa6fba') in 0.009905 seconds
Number of updated asset objects reloaded before import = 0
Number of asset objects unloaded after import = 6
========================================================================
Received Import Request.
  Time since last request: 0.000052 seconds.
  path: Assets/Course Library/Characters/Farm/SimpleFarmer_Man_01_Brown.prefab
  artifactKey: Guid(6f52b946693e54048af74f5cd6ba49f8) Importer(2089858483,3d70f49cd1c2eb9ae422958d1c652c6b)
Start importing Assets/Course Library/Characters/Farm/SimpleFarmer_Man_01_Brown.prefab using Guid(6f52b946693e54048af74f5cd6ba49f8) Importer(2089858483,3d70f49cd1c2eb9ae422958d1c652c6b) [PhysX] Initialized MultithreadedTaskDispatcher with 8 workers.
 -> (artifact id: 'd69f05d95b26d8a7dc138191ab2a42fe') in 0.005116 seconds
Number of updated asset objects reloaded before import = 0
Number of asset objects unloaded after import = 69
========================================================================
Received Import Request.
  Time since last request: 0.000064 seconds.
  path: Assets/TerrainSampleAssets/Models/Bush_B.asset
  artifactKey: Guid(1ea33222cad50ad49aa4978bc84846e4) Importer(2089858483,0ecaa5967403d082aa24f35e1b516d23)
Start importing Assets/TerrainSampleAssets/Models/Bush_B.asset using Guid(1ea33222cad50ad49aa4978bc84846e4) Importer(2089858483,0ecaa5967403d082aa24f35e1b516d23) [PhysX] Initialized MultithreadedTaskDispatcher with 8 workers.
 -> (artifact id: '0ee5cea3670732356003b426f6f2102b') in 0.002707 seconds
Number of updated asset objects reloaded before import = 0
Number of asset objects unloaded after import = 1
========================================================================
Received Import Request.
  Time since last request: 0.000560 seconds.
  path: Assets/Prefabs/Enemy 3.prefab
  artifactKey: Guid(57d38c0108cdb457587a6f1826416c44) Importer(2089858483,0ecaa5967403d082aa24f35e1b516d23)
Start importing Assets/Prefabs/Enemy 3.prefab using Guid(57d38c0108cdb457587a6f1826416c44) Importer(2089858483,0ecaa5967403d082aa24f35e1b516d23) [PhysX] Initialized MultithreadedTaskDispatcher with 8 workers.
 -> (artifact id: '5de51f651396b0d700a0a6c498524416') in 0.018693 seconds
Number of updated asset objects reloaded before import = 0
Number of asset objects unloaded after import = 9
========================================================================
Received Import Request.
  Time since last request: 0.000344 seconds.
  path: Assets/Settings/URP-Balanced-Renderer.asset
  artifactKey: Guid(e634585d5c4544dd297acaee93dc2beb) Importer(2089858483,0ecaa5967403d082aa24f35e1b516d23)
Start importing Assets/Settings/URP-Balanced-Renderer.asset using Guid(e634585d5c4544dd297acaee93dc2beb) Importer(2089858483,0ecaa5967403d082aa24f35e1b516d23) [PhysX] Initialized MultithreadedTaskDispatcher with 8 workers.
 -> (artifact id: 'da6cc91c5634152138a323df856b2a8b') in 0.012078 seconds
Number of updated asset objects reloaded before import = 0
Number of asset objects unloaded after import = 2
========================================================================
Received Import Request.
  Time since last request: 0.000180 seconds.
  path: Assets/Course Library/Characters/Farm/SimpleFarmer_Man_02_Black.prefab
  artifactKey: Guid(fc01a3bb589cebc4aa10892db165243b) Importer(2089858483,3d70f49cd1c2eb9ae422958d1c652c6b)
Start importing Assets/Course Library/Characters/Farm/SimpleFarmer_Man_02_Black.prefab using Guid(fc01a3bb589cebc4aa10892db165243b) Importer(2089858483,3d70f49cd1c2eb9ae422958d1c652c6b) [PhysX] Initialized MultithreadedTaskDispatcher with 8 workers.
 -> (artifact id: '72c797c21a47ceeb510567c2e6f4baed') in 0.009960 seconds
Number of updated asset objects reloaded before import = 0
Number of asset objects unloaded after import = 69
========================================================================
Received Import Request.
  Time since last request: 0.000201 seconds.
  path: Assets/TerrainSampleAssets/Materials/Heather.asset
  artifactKey: Guid(9ef29f7651a5050409fa9822d6d4f941) Importer(2089858483,0ecaa5967403d082aa24f35e1b516d23)
Start importing Assets/TerrainSampleAssets/Materials/Heather.asset using Guid(9ef29f7651a5050409fa9822d6d4f941) Importer(2089858483,0ecaa5967403d082aa24f35e1b516d23) [PhysX] Initialized MultithreadedTaskDispatcher with 8 workers.
 -> (artifact id: 'f770aa078e631fead92143606877b0ae') in 0.011624 seconds
Number of updated asset objects reloaded before import = 0
Number of asset objects unloaded after import = 6
========================================================================
Received Import Request.
  Time since last request: 0.000098 seconds.
  path: Assets/TerrainSampleAssets/Models/Plant_A.asset
  artifactKey: Guid(d427b65f0342fe84fa77dabe420757ee) Importer(2089858483,0ecaa5967403d082aa24f35e1b516d23)
Start importing Assets/TerrainSampleAssets/Models/Plant_A.asset using Guid(d427b65f0342fe84fa77dabe420757ee) Importer(2089858483,0ecaa5967403d082aa24f35e1b516d23) [PhysX] Initialized MultithreadedTaskDispatcher with 8 workers.
 -> (artifact id: '19dd20b4c7d83285c3e90b26da289e6d') in 0.002662 seconds
Number of updated asset objects reloaded before import = 0
Number of asset objects unloaded after import = 1
========================================================================
Received Import Request.
  Time since last request: 0.000326 seconds.
  path: Assets/TerrainSampleAssets/TerrainBrushes/Terrainstamp_Mountain02_Brush.brush
  artifactKey: Guid(8569f88df55a4b64b997e64b2aa69432) Importer(2089858483,0ecaa5967403d082aa24f35e1b516d23)
Start importing Assets/TerrainSampleAssets/TerrainBrushes/Terrainstamp_Mountain02_Brush.brush using Guid(8569f88df55a4b64b997e64b2aa69432) Importer(2089858483,0ecaa5967403d082aa24f35e1b516d23) [PhysX] Initialized MultithreadedTaskDispatcher with 8 workers.
 -> (artifact id: 'a2645ba8766e5da5bc6c0855f4591593') in 0.005805 seconds
Number of updated asset objects reloaded before import = 0
Number of asset objects unloaded after import = 2
========================================================================
Received Import Request.
  Time since last request: 0.000034 seconds.
  path: Assets/Settings/URP-HighFidelity-Renderer.asset
  artifactKey: Guid(c40be3174f62c4acf8c1216858c64956) Importer(2089858483,0ecaa5967403d082aa24f35e1b516d23)
Start importing Assets/Settings/URP-HighFidelity-Renderer.asset using Guid(c40be3174f62c4acf8c1216858c64956) Importer(2089858483,0ecaa5967403d082aa24f35e1b516d23) [PhysX] Initialized MultithreadedTaskDispatcher with 8 workers.
 -> (artifact id: 'ed2d3f43324a5e2685c585d546398f7d') in 0.009391 seconds
Number of updated asset objects reloaded before import = 0
Number of asset objects unloaded after import = 1
========================================================================
Received Import Request.
  Time since last request: 0.000202 seconds.
  path: Assets/TerrainSampleAssets/TerrainBrushes/Terrainstamp_Erode02_Brush.brush
  artifactKey: Guid(b4f1a8962849d1e418cbb0637143dc00) Importer(2089858483,0ecaa5967403d082aa24f35e1b516d23)
Start importing Assets/TerrainSampleAssets/TerrainBrushes/Terrainstamp_Erode02_Brush.brush using Guid(b4f1a8962849d1e418cbb0637143dc00) Importer(2089858483,0ecaa5967403d082aa24f35e1b516d23) [PhysX] Initialized MultithreadedTaskDispatcher with 8 workers.
 -> (artifact id: 'b314fe1b8fd5195e0a8cf07af0903e8d') in 0.008776 seconds
Number of updated asset objects reloaded before import = 0
Number of asset objects unloaded after import = 2
========================================================================
Received Import Request.
  Time since last request: 0.000154 seconds.
  path: Assets/TerrainSampleAssets/Models/Heather_A.asset
  artifactKey: Guid(211a44eba6f5ca34ea3d3ac34bbc3469) Importer(2089858483,3d70f49cd1c2eb9ae422958d1c652c6b)
Start importing Assets/TerrainSampleAssets/Models/Heather_A.asset using Guid(211a44eba6f5ca34ea3d3ac34bbc3469) Importer(2089858483,3d70f49cd1c2eb9ae422958d1c652c6b) [PhysX] Initialized MultithreadedTaskDispatcher with 8 workers.
 -> (artifact id: '3512f7db7cb06709808a0974dae990b2') in 0.001825 seconds
Number of updated asset objects reloaded before import = 0
Number of asset objects unloaded after import = 0
========================================================================
Received Import Request.
  Time since last request: 0.000351 seconds.
  path: Assets/Course Library/Characters/Farm/SimpleFarmer_Woman_02_White.prefab
  artifactKey: Guid(7169122e91e1981469b2b6045ddf7963) Importer(2089858483,3d70f49cd1c2eb9ae422958d1c652c6b)
Start importing Assets/Course Library/Characters/Farm/SimpleFarmer_Woman_02_White.prefab using Guid(7169122e91e1981469b2b6045ddf7963) Importer(2089858483,3d70f49cd1c2eb9ae422958d1c652c6b) [PhysX] Initialized MultithreadedTaskDispatcher with 8 workers.
 -> (artifact id: 'c8044eb63edaa55fcb87c49cbd34e94d') in 0.005627 seconds
Number of updated asset objects reloaded before import = 0
Number of asset objects unloaded after import = 70
========================================================================
Received Import Request.
  Time since last request: 0.000917 seconds.
  path: Assets/Scripts/Spawn Manager.cs
  artifactKey: Guid(0557278e4ae1941dfb9339d5abe41d4e) Importer(2089858483,0ecaa5967403d082aa24f35e1b516d23)
Start importing Assets/Scripts/Spawn Manager.cs using Guid(0557278e4ae1941dfb9339d5abe41d4e) Importer(2089858483,0ecaa5967403d082aa24f35e1b516d23) [PhysX] Initialized MultithreadedTaskDispatcher with 8 workers.
 -> (artifact id: 'b1e3d7b083be5ae7013617fba6b89d87') in 0.002087 seconds
Number of updated asset objects reloaded before import = 0
Number of asset objects unloaded after import = 1
========================================================================
Received Import Request.
  Time since last request: 0.000318 seconds.
  path: Assets/Course Library/Characters/Town/SimplePeople_Man_Business_Black.prefab
  artifactKey: Guid(2f8d00bf5057f624e949aef802595da9) Importer(2089858483,3d70f49cd1c2eb9ae422958d1c652c6b)
Start importing Assets/Course Library/Characters/Town/SimplePeople_Man_Business_Black.prefab using Guid(2f8d00bf5057f624e949aef802595da9) Importer(2089858483,3d70f49cd1c2eb9ae422958d1c652c6b) [PhysX] Initialized MultithreadedTaskDispatcher with 8 workers.
 -> (artifact id: '348783d968dfd59bd8020bea6e06891d') in 0.008545 seconds
Number of updated asset objects reloaded before import = 0
Number of asset objects unloaded after import = 99
========================================================================
Received Import Request.
  Time since last request: 0.000048 seconds.
  path: Assets/TerrainSampleAssets/TerrainBrushes/Terrainstamp_Ridge03_Brush.brush
  artifactKey: Guid(7d08355cc5be1584f858af2f22f8bbbb) Importer(2089858483,0ecaa5967403d082aa24f35e1b516d23)
Start importing Assets/TerrainSampleAssets/TerrainBrushes/Terrainstamp_Ridge03_Brush.brush using Guid(7d08355cc5be1584f858af2f22f8bbbb) Importer(2089858483,0ecaa5967403d082aa24f35e1b516d23) [PhysX] Initialized MultithreadedTaskDispatcher with 8 workers.
 -> (artifact id: '71682427cb037447c9e443c66419ab97') in 0.010984 seconds
Number of updated asset objects reloaded before import = 0
Number of asset objects unloaded after import = 2
========================================================================
Received Import Request.
  Time since last request: 0.000032 seconds.
  path: Assets/TerrainSampleAssets/TerrainBrushes/Terrainstamp_Plateau01_Brush.brush
  artifactKey: Guid(bb325d04c0ca0dd4a85a78892caa83fc) Importer(2089858483,0ecaa5967403d082aa24f35e1b516d23)
Start importing Assets/TerrainSampleAssets/TerrainBrushes/Terrainstamp_Plateau01_Brush.brush using Guid(bb325d04c0ca0dd4a85a78892caa83fc) Importer(2089858483,0ecaa5967403d082aa24f35e1b516d23) [PhysX] Initialized MultithreadedTaskDispatcher with 8 workers.
 -> (artifact id: 'ecdb23eaf3a2797ee02bfbfadda24381') in 0.006288 seconds
Number of updated asset objects reloaded before import = 0
Number of asset objects unloaded after import = 2
========================================================================
Received Import Request.
  Time since last request: 0.000036 seconds.
  path: Assets/Course Library/Objects/Food/Food_Fish_Cooked.prefab
  artifactKey: Guid(245ebd2bf811d4f45a1d5dcd8c327131) Importer(2089858483,3d70f49cd1c2eb9ae422958d1c652c6b)
Start importing Assets/Course Library/Objects/Food/Food_Fish_Cooked.prefab using Guid(245ebd2bf811d4f45a1d5dcd8c327131) Importer(2089858483,3d70f49cd1c2eb9ae422958d1c652c6b) [PhysX] Initialized MultithreadedTaskDispatcher with 8 workers.
 -> (artifact id: '9e45ffdec8fe3de6a94f2e4854f9757b') in 0.003806 seconds
Number of updated asset objects reloaded before import = 0
Number of asset objects unloaded after import = 8
========================================================================
Received Import Request.
  Time since last request: 0.000052 seconds.
  path: Assets/Course Library/Characters/Town/SimplePeople_Man_Punk_Black.prefab
  artifactKey: Guid(fe32ce89f99911a478ea9e6736294382) Importer(2089858483,3d70f49cd1c2eb9ae422958d1c652c6b)
Start importing Assets/Course Library/Characters/Town/SimplePeople_Man_Punk_Black.prefab using Guid(fe32ce89f99911a478ea9e6736294382) Importer(2089858483,3d70f49cd1c2eb9ae422958d1c652c6b) [PhysX] Initialized MultithreadedTaskDispatcher with 8 workers.
 -> (artifact id: 'ed15d5c896c13df34629e843671f51f7') in 0.007973 seconds
Number of updated asset objects reloaded before import = 0
Number of asset objects unloaded after import = 99
========================================================================
Received Import Request.
  Time since last request: 0.000029 seconds.
  path: Assets/Course Library/Objects/Food/Food_Banana_01.prefab
  artifactKey: Guid(84cd279dfc9ea0a4b8564030182915fa) Importer(2089858483,3d70f49cd1c2eb9ae422958d1c652c6b)
Start importing Assets/Course Library/Objects/Food/Food_Banana_01.prefab using Guid(84cd279dfc9ea0a4b8564030182915fa) Importer(2089858483,3d70f49cd1c2eb9ae422958d1c652c6b) [PhysX] Initialized MultithreadedTaskDispatcher with 8 workers.
 -> (artifact id: '640c01311fb61d50d09f54b8c06d8351') in 0.002437 seconds
Number of updated asset objects reloaded before import = 0
Number of asset objects unloaded after import = 8
========================================================================
Received Import Request.
  Time since last request: 0.000088 seconds.
  path: Assets/TerrainSampleAssets/TerrainBrushes/Terrainstamp_Mountain06_Brush.brush
  artifactKey: Guid(1f59549ee2c7eab4d833e1b9cd1bb76b) Importer(2089858483,0ecaa5967403d082aa24f35e1b516d23)
Start importing Assets/TerrainSampleAssets/TerrainBrushes/Terrainstamp_Mountain06_Brush.brush using Guid(1f59549ee2c7eab4d833e1b9cd1bb76b) Importer(2089858483,0ecaa5967403d082aa24f35e1b516d23) [PhysX] Initialized MultithreadedTaskDispatcher with 8 workers.
 -> (artifact id: '727313a3dd6cc2358bad88cc53151070') in 0.005696 seconds
Number of updated asset objects reloaded before import = 0
Number of asset objects unloaded after import = 2
========================================================================
Received Import Request.
  Time since last request: 0.000024 seconds.
  path: Assets/Course Library/Objects/Food/Food_Organic_Pear_02.prefab
  artifactKey: Guid(4949a22a2c444b0459d7289aae77be28) Importer(2089858483,3d70f49cd1c2eb9ae422958d1c652c6b)
Start importing Assets/Course Library/Objects/Food/Food_Organic_Pear_02.prefab using Guid(4949a22a2c444b0459d7289aae77be28) Importer(2089858483,3d70f49cd1c2eb9ae422958d1c652c6b) [PhysX] Initialized MultithreadedTaskDispatcher with 8 workers.
 -> (artifact id: 'c70e3b9b3d2ed64abe934017d8189196') in 0.002529 seconds
Number of updated asset objects reloaded before import = 0
Number of asset objects unloaded after import = 8
========================================================================
Received Import Request.
  Time since last request: 0.000183 seconds.
  path: Assets/Course Library/Objects/Food/Food_Bone_01.prefab
  artifactKey: Guid(1f17d257118ec324ca772c5b2bacbb14) Importer(2089858483,3d70f49cd1c2eb9ae422958d1c652c6b)
Start importing Assets/Course Library/Objects/Food/Food_Bone_01.prefab using Guid(1f17d257118ec324ca772c5b2bacbb14) Importer(2089858483,3d70f49cd1c2eb9ae422958d1c652c6b) [PhysX] Initialized MultithreadedTaskDispatcher with 8 workers.
 -> (artifact id: 'af5a07943460339f0c051df734185e94') in 0.004362 seconds
Number of updated asset objects reloaded before import = 0
Number of asset objects unloaded after import = 8
========================================================================
Received Import Request.
  Time since last request: 0.000114 seconds.
  path: Assets/TerrainSampleAssets/TerrainBrushes/Terrainstamp_Mountain11_Brush.brush
  artifactKey: Guid(3a23908d07382b448b4dbd8adef2c4a0) Importer(2089858483,0ecaa5967403d082aa24f35e1b516d23)
Start importing Assets/TerrainSampleAssets/TerrainBrushes/Terrainstamp_Mountain11_Brush.brush using Guid(3a23908d07382b448b4dbd8adef2c4a0) Importer(2089858483,0ecaa5967403d082aa24f35e1b516d23) [PhysX] Initialized MultithreadedTaskDispatcher with 8 workers.
 -> (artifact id: '720c39cb93a660e5e6a33dac32ecc68f') in 0.010294 seconds
Number of updated asset objects reloaded before import = 0
Number of asset objects unloaded after import = 2
========================================================================
Received Import Request.
  Time since last request: 0.000285 seconds.
  path: Assets/TerrainSampleAssets/TerrainBrushes/Terrainstamp_Ridge06_Brush.brush
  artifactKey: Guid(24a7eabe2ad91f84fbf3a7ecf7b532b6) Importer(2089858483,0ecaa5967403d082aa24f35e1b516d23)
Start importing Assets/TerrainSampleAssets/TerrainBrushes/Terrainstamp_Ridge06_Brush.brush using Guid(24a7eabe2ad91f84fbf3a7ecf7b532b6) Importer(2089858483,0ecaa5967403d082aa24f35e1b516d23) [PhysX] Initialized MultithreadedTaskDispatcher with 8 workers.
 -> (artifact id: '701e83781eb8ba35e1ee5bf6fabbd113') in 0.008830 seconds
Number of updated asset objects reloaded before import = 0
Number of asset objects unloaded after import = 2
========================================================================
Received Import Request.
  Time since last request: 0.000039 seconds.
  path: Assets/Course Library/Objects/Food/Food_Organic_Carrot.prefab
  artifactKey: Guid(bd519f706f8c5cf4dad9fed04ab5b64b) Importer(2089858483,3d70f49cd1c2eb9ae422958d1c652c6b)
Start importing Assets/Course Library/Objects/Food/Food_Organic_Carrot.prefab using Guid(bd519f706f8c5cf4dad9fed04ab5b64b) Importer(2089858483,3d70f49cd1c2eb9ae422958d1c652c6b) [PhysX] Initialized MultithreadedTaskDispatcher with 8 workers.
 -> (artifact id: '60cb8ad66f68d8c6fc72b843bf9a8db6') in 0.003629 seconds
Number of updated asset objects reloaded before import = 0
Number of asset objects unloaded after import = 8
========================================================================
Received Import Request.
  Time since last request: 0.000391 seconds.
  path: Assets/Course Library/Characters/Town/SimplePeople_Woman_Doctor_Black.prefab
  artifactKey: Guid(03ffd135f81a3fb4cb6f2e6e944f979d) Importer(2089858483,3d70f49cd1c2eb9ae422958d1c652c6b)
Start importing Assets/Course Library/Characters/Town/SimplePeople_Woman_Doctor_Black.prefab using Guid(03ffd135f81a3fb4cb6f2e6e944f979d) Importer(2089858483,3d70f49cd1c2eb9ae422958d1c652c6b) [PhysX] Initialized MultithreadedTaskDispatcher with 8 workers.
 -> (artifact id: '68f10e32c5ce36c3e351e8d426199d48') in 0.007599 seconds
Number of updated asset objects reloaded before import = 0
Number of asset objects unloaded after import = 98
========================================================================
Received Import Request.
  Time since last request: 0.000073 seconds.
  path: Assets/TerrainSampleAssets/TerrainBrushes/Terrainstamp_Mountain07_Brush.brush
  artifactKey: Guid(6f360df90c5a57042ba4b09cb3249ffc) Importer(2089858483,0ecaa5967403d082aa24f35e1b516d23)
Start importing Assets/TerrainSampleAssets/TerrainBrushes/Terrainstamp_Mountain07_Brush.brush using Guid(6f360df90c5a57042ba4b09cb3249ffc) Importer(2089858483,0ecaa5967403d082aa24f35e1b516d23) [PhysX] Initialized MultithreadedTaskDispatcher with 8 workers.
 -> (artifact id: '921a48957c9925c3471a851e458d8a00') in 0.009035 seconds
Number of updated asset objects reloaded before import = 0
Number of asset objects unloaded after import = 2
========================================================================
Received Import Request.
  Time since last request: 0.000323 seconds.
  path: Assets/TerrainSampleAssets/TerrainBrushes/Terrainstamp_Slope03_Brush.brush
  artifactKey: Guid(4bbbe659961263d4390b9322f0328fe0) Importer(2089858483,0ecaa5967403d082aa24f35e1b516d23)
Start importing Assets/TerrainSampleAssets/TerrainBrushes/Terrainstamp_Slope03_Brush.brush using Guid(4bbbe659961263d4390b9322f0328fe0) Importer(2089858483,0ecaa5967403d082aa24f35e1b516d23) [PhysX] Initialized MultithreadedTaskDispatcher with 8 workers.
 -> (artifact id: '26b5c65d65a4f54da646d06cc3d821ef') in 0.009506 seconds
Number of updated asset objects reloaded before import = 0
Number of asset objects unloaded after import = 2
========================================================================
Received Import Request.
  Time since last request: 0.000400 seconds.
  path: Assets/Course Library/Environments/Ground/Ground_Tile_Hex_FloatingIsland_01.prefab
  artifactKey: Guid(961be46ca9a355943ae3f65c47741bb0) Importer(2089858483,3d70f49cd1c2eb9ae422958d1c652c6b)
Start importing Assets/Course Library/Environments/Ground/Ground_Tile_Hex_FloatingIsland_01.prefab using Guid(961be46ca9a355943ae3f65c47741bb0) Importer(2089858483,3d70f49cd1c2eb9ae422958d1c652c6b) [PhysX] Initialized MultithreadedTaskDispatcher with 8 workers.
 -> (artifact id: '5c55ce34f2798299308883d6516357c1') in 0.002618 seconds
Number of updated asset objects reloaded before import = 0
Number of asset objects unloaded after import = 8
========================================================================
Received Import Request.
  Time since last request: 0.000250 seconds.
  path: Assets/Course Library/Particles/FX_Fireworks_Green_Small.prefab
  artifactKey: Guid(cd4d7020429cde74db076ffa72495419) Importer(2089858483,3d70f49cd1c2eb9ae422958d1c652c6b)
Start importing Assets/Course Library/Particles/FX_Fireworks_Green_Small.prefab using Guid(cd4d7020429cde74db076ffa72495419) Importer(2089858483,3d70f49cd1c2eb9ae422958d1c652c6b) [PhysX] Initialized MultithreadedTaskDispatcher with 8 workers.
 -> (artifact id: '07f81418d6c4dc4b51dbfa429994e862') in 0.002575 seconds
Number of updated asset objects reloaded before import = 0
Number of asset objects unloaded after import = 7
========================================================================
Received Import Request.
  Time since last request: 0.000206 seconds.
  path: Assets/Materials/Blue_light.mat
  artifactKey: Guid(2119ab0f5742f4ab19514d727af957f0) Importer(2089858483,0ecaa5967403d082aa24f35e1b516d23)
Start importing Assets/Materials/Blue_light.mat using Guid(2119ab0f5742f4ab19514d727af957f0) Importer(2089858483,0ecaa5967403d082aa24f35e1b516d23) [PhysX] Initialized MultithreadedTaskDispatcher with 8 workers.
 -> (artifact id: 'b91c78387987f9ec991911ae6d706503') in 0.002302 seconds
Number of updated asset objects reloaded before import = 0
Number of asset objects unloaded after import = 1
========================================================================
Received Import Request.
  Time since last request: 0.000501 seconds.
  path: Assets/TerrainSampleAssets/Models/Grass_C.asset
  artifactKey: Guid(e4775a09ccd762a42b26cb448a2763f0) Importer(2089858483,3d70f49cd1c2eb9ae422958d1c652c6b)
Start importing Assets/TerrainSampleAssets/Models/Grass_C.asset using Guid(e4775a09ccd762a42b26cb448a2763f0) Importer(2089858483,3d70f49cd1c2eb9ae422958d1c652c6b) [PhysX] Initialized MultithreadedTaskDispatcher with 8 workers.
 -> (artifact id: '3df801134c0845af71ec937cce111bae') in 0.001535 seconds
Number of updated asset objects reloaded before import = 0
Number of asset objects unloaded after import = 0
========================================================================
Received Import Request.
  Time since last request: 0.000128 seconds.
  path: Assets/TerrainSampleAssets/Prefabs/Fern_C.prefab
  artifactKey: Guid(4786e2698ac97a949a9209febfcbd49b) Importer(2089858483,0ecaa5967403d082aa24f35e1b516d23)
Start importing Assets/TerrainSampleAssets/Prefabs/Fern_C.prefab using Guid(4786e2698ac97a949a9209febfcbd49b) Importer(2089858483,0ecaa5967403d082aa24f35e1b516d23) [PhysX] Initialized MultithreadedTaskDispatcher with 8 workers.
 -> (artifact id: '408762795eae948c706bd3aec4c042f4') in 0.004783 seconds
Number of updated asset objects reloaded before import = 0
Number of asset objects unloaded after import = 7
========================================================================
Received Import Request.
  Time since last request: 0.000189 seconds.
  path: Assets/Course Library/Particles/FX_DirtSplatter.prefab
  artifactKey: Guid(834c99069a124aa439d5795c3579843b) Importer(2089858483,0ecaa5967403d082aa24f35e1b516d23)
Start importing Assets/Course Library/Particles/FX_DirtSplatter.prefab using Guid(834c99069a124aa439d5795c3579843b) Importer(2089858483,0ecaa5967403d082aa24f35e1b516d23) [PhysX] Initialized MultithreadedTaskDispatcher with 8 workers.
 -> (artifact id: 'a0b64877f81fedeae063b083f9c123b6') in 0.017145 seconds
Number of updated asset objects reloaded before import = 0
Number of asset objects unloaded after import = 6
========================================================================
Received Import Request.
  Time since last request: 0.000224 seconds.
  path: Assets/Course Library/Characters/Farm/SimpleFarmer_Man_02_Brown.prefab
  artifactKey: Guid(814f4326a50812947b2469896d89a215) Importer(2089858483,3d70f49cd1c2eb9ae422958d1c652c6b)
Start importing Assets/Course Library/Characters/Farm/SimpleFarmer_Man_02_Brown.prefab using Guid(814f4326a50812947b2469896d89a215) Importer(2089858483,3d70f49cd1c2eb9ae422958d1c652c6b) [PhysX] Initialized MultithreadedTaskDispatcher with 8 workers.
 -> (artifact id: '1c57e44ec20fd5c0febc49c0fb6fdada') in 0.005832 seconds
Number of updated asset objects reloaded before import = 0
Number of asset objects unloaded after import = 69
========================================================================
Received Import Request.
  Time since last request: 0.000085 seconds.
  path: Assets/TerrainSampleAssets/TerrainBrushes/Terrainstamp_Plateau03_Brush.brush
  artifactKey: Guid(387141d2bd04a10459d9a306ca45434f) Importer(2089858483,0ecaa5967403d082aa24f35e1b516d23)
Start importing Assets/TerrainSampleAssets/TerrainBrushes/Terrainstamp_Plateau03_Brush.brush using Guid(387141d2bd04a10459d9a306ca45434f) Importer(2089858483,0ecaa5967403d082aa24f35e1b516d23) [PhysX] Initialized MultithreadedTaskDispatcher with 8 workers.
 -> (artifact id: 'bf90bd0bdec5f5c728809d7a8dd3b920') in 0.004300 seconds
Number of updated asset objects reloaded before import = 0
Number of asset objects unloaded after import = 2
========================================================================
Received Import Request.
  Time since last request: 0.000145 seconds.
  path: Assets/TerrainSampleAssets/TerrainBrushes/Terrainstamp_Plateau02_Brush.brush
  artifactKey: Guid(11e6706e84aaff345ac7f2478d9d88a3) Importer(2089858483,0ecaa5967403d082aa24f35e1b516d23)
Start importing Assets/TerrainSampleAssets/TerrainBrushes/Terrainstamp_Plateau02_Brush.brush using Guid(11e6706e84aaff345ac7f2478d9d88a3) Importer(2089858483,0ecaa5967403d082aa24f35e1b516d23) [PhysX] Initialized MultithreadedTaskDispatcher with 8 workers.
 -> (artifact id: '8c55c90f8ef232a89452bd2229d8cebd') in 0.005500 seconds
Number of updated asset objects reloaded before import = 0
Number of asset objects unloaded after import = 2
========================================================================
Received Import Request.
  Time since last request: 0.000052 seconds.
  path: Assets/Course Library/Animals/Dogs/Dog_Beagle_01.prefab
  artifactKey: Guid(05554c72f25b7364caea91a88803135d) Importer(2089858483,3d70f49cd1c2eb9ae422958d1c652c6b)
Start importing Assets/Course Library/Animals/Dogs/Dog_Beagle_01.prefab using Guid(05554c72f25b7364caea91a88803135d) Importer(2089858483,3d70f49cd1c2eb9ae422958d1c652c6b) [PhysX] Initialized MultithreadedTaskDispatcher with 8 workers.
 -> (artifact id: 'de24361b786f238b722faf4a92dda577') in 0.017290 seconds
Number of updated asset objects reloaded before import = 0
Number of asset objects unloaded after import = 244
========================================================================
Received Import Request.
  Time since last request: 0.000026 seconds.
  path: Assets/TerrainSampleAssets/Prefabs/Plant_C.prefab
  artifactKey: Guid(d9246f89c4014f749b69f6e963372434) Importer(2089858483,3d70f49cd1c2eb9ae422958d1c652c6b)
Start importing Assets/TerrainSampleAssets/Prefabs/Plant_C.prefab using Guid(d9246f89c4014f749b69f6e963372434) Importer(2089858483,3d70f49cd1c2eb9ae422958d1c652c6b) [PhysX] Initialized MultithreadedTaskDispatcher with 8 workers.
 -> (artifact id: '25a71902e334f3651ed8544b30d87eb9') in 0.003400 seconds
Number of updated asset objects reloaded before import = 0
Number of asset objects unloaded after import = 9
========================================================================
Received Import Request.
  Time since last request: 0.000033 seconds.
  path: Assets/TerrainSampleAssets/Models/Grass_D.asset
  artifactKey: Guid(15afb6df1db838d409d503b01fb48944) Importer(2089858483,0ecaa5967403d082aa24f35e1b516d23)
Start importing Assets/TerrainSampleAssets/Models/Grass_D.asset using Guid(15afb6df1db838d409d503b01fb48944) Importer(2089858483,0ecaa5967403d082aa24f35e1b516d23) [PhysX] Initialized MultithreadedTaskDispatcher with 8 workers.
 -> (artifact id: 'e5ed53f741dc6dc328d292f91ae10d04') in 0.002082 seconds
Number of updated asset objects reloaded before import = 0
Number of asset objects unloaded after import = 1
========================================================================
Received Import Request.
  Time since last request: 0.000594 seconds.
  path: Assets/Course Library/Particles/FX_Fire.prefab
  artifactKey: Guid(756d99540142b5e4a8d174e18a6310d9) Importer(2089858483,0ecaa5967403d082aa24f35e1b516d23)
Start importing Assets/Course Library/Particles/FX_Fire.prefab using Guid(756d99540142b5e4a8d174e18a6310d9) Importer(2089858483,0ecaa5967403d082aa24f35e1b516d23) [PhysX] Initialized MultithreadedTaskDispatcher with 8 workers.
 -> (artifact id: '63fc016d32fee20d098f29e55d20cd60') in 0.016549 seconds
Number of updated asset objects reloaded before import = 0
Number of asset objects unloaded after import = 6
========================================================================
Received Import Request.
  Time since last request: 0.000086 seconds.
  path: Assets/TerrainSampleAssets/Models/BushDry_B.asset
  artifactKey: Guid(8d68c191594d5a24baee81cc22acf55b) Importer(2089858483,0ecaa5967403d082aa24f35e1b516d23)
Start importing Assets/TerrainSampleAssets/Models/BushDry_B.asset using Guid(8d68c191594d5a24baee81cc22acf55b) Importer(2089858483,0ecaa5967403d082aa24f35e1b516d23) [PhysX] Initialized MultithreadedTaskDispatcher with 8 workers.
 -> (artifact id: '6e642b03b9c3aa823e83613d1a3300ee') in 0.002489 seconds
Number of updated asset objects reloaded before import = 0
Number of asset objects unloaded after import = 1
========================================================================
Received Import Request.
  Time since last request: 0.000130 seconds.
  path: Assets/Course Library/Fonts/Roboto/Roboto-Regular SDF.asset
  artifactKey: Guid(fe615c40225014542b62517f6f0fabf4) Importer(2089858483,3d70f49cd1c2eb9ae422958d1c652c6b)
Start importing Assets/Course Library/Fonts/Roboto/Roboto-Regular SDF.asset using Guid(fe615c40225014542b62517f6f0fabf4) Importer(2089858483,3d70f49cd1c2eb9ae422958d1c652c6b) [PhysX] Initialized MultithreadedTaskDispatcher with 8 workers.
 -> (artifact id: 'd3fb38eee219bd7363b7e371eb6d4df3') in 0.010514 seconds
Number of updated asset objects reloaded before import = 0
Number of asset objects unloaded after import = 2
========================================================================
Received Import Request.
  Time since last request: 0.000115 seconds.
  path: Assets/TerrainSampleAssets/TerrainLayers/Black_Sand_TerrainLayer.terrainlayer
  artifactKey: Guid(ce833e94f7f7eea468b012546444cf0c) Importer(2089858483,0ecaa5967403d082aa24f35e1b516d23)
Start importing Assets/TerrainSampleAssets/TerrainLayers/Black_Sand_TerrainLayer.terrainlayer using Guid(ce833e94f7f7eea468b012546444cf0c) Importer(2089858483,0ecaa5967403d082aa24f35e1b516d23) [PhysX] Initialized MultithreadedTaskDispatcher with 8 workers.
 -> (artifact id: '4292171dbd3a2e2e4570eb0f384435b3') in 0.012988 seconds
Number of updated asset objects reloaded before import = 0
Number of asset objects unloaded after import = 4
========================================================================
Received Import Request.
  Time since last request: 0.000095 seconds.
  path: Assets/Course Library/Objects/Food/Food_Organic_Apple_03.prefab
  artifactKey: Guid(c2f4b43f266dc11439efef86830dafb4) Importer(2089858483,3d70f49cd1c2eb9ae422958d1c652c6b)
Start importing Assets/Course Library/Objects/Food/Food_Organic_Apple_03.prefab using Guid(c2f4b43f266dc11439efef86830dafb4) Importer(2089858483,3d70f49cd1c2eb9ae422958d1c652c6b) [PhysX] Initialized MultithreadedTaskDispatcher with 8 workers.
 -> (artifact id: '26bc5ed4f8f233328640288f568e1247') in 0.002429 seconds
Number of updated asset objects reloaded before import = 0
Number of asset objects unloaded after import = 8
========================================================================
Received Import Request.
  Time since last request: 0.000184 seconds.
  path: Assets/Settings/URP-Performant-Renderer.asset
  artifactKey: Guid(707360a9c581a4bd7aa53bfeb1429f71) Importer(2089858483,0ecaa5967403d082aa24f35e1b516d23)
Start importing Assets/Settings/URP-Performant-Renderer.asset using Guid(707360a9c581a4bd7aa53bfeb1429f71) Importer(2089858483,0ecaa5967403d082aa24f35e1b516d23) [PhysX] Initialized MultithreadedTaskDispatcher with 8 workers.
 -> (artifact id: '4346e760e3a1536cedbe8c6b4db7f8c7') in 0.007286 seconds
Number of updated asset objects reloaded before import = 0
Number of asset objects unloaded after import = 1
========================================================================
Received Import Request.
  Time since last request: 0.000178 seconds.
  path: Assets/TerrainSampleAssets/Models/GrassDry_C.asset
  artifactKey: Guid(9a249c33299836d45ae597069d9324e2) Importer(2089858483,3d70f49cd1c2eb9ae422958d1c652c6b)
Start importing Assets/TerrainSampleAssets/Models/GrassDry_C.asset using Guid(9a249c33299836d45ae597069d9324e2) Importer(2089858483,3d70f49cd1c2eb9ae422958d1c652c6b) [PhysX] Initialized MultithreadedTaskDispatcher with 8 workers.
 -> (artifact id: '5a37e30092d65ba653f3f2c167715d9a') in 0.001294 seconds
Number of updated asset objects reloaded before import = 0
Number of asset objects unloaded after import = 0
========================================================================
Received Import Request.
  Time since last request: 0.000191 seconds.
  path: Assets/Course Library/Particles/FX_WaterSplash.prefab
  artifactKey: Guid(e49403f034d74ee44aa8a41b0ee4abfd) Importer(2089858483,0ecaa5967403d082aa24f35e1b516d23)
Start importing Assets/Course Library/Particles/FX_WaterSplash.prefab using Guid(e49403f034d74ee44aa8a41b0ee4abfd) Importer(2089858483,0ecaa5967403d082aa24f35e1b516d23) [PhysX] Initialized MultithreadedTaskDispatcher with 8 workers.
 -> (artifact id: '69f388b3d79fd5d0d33ce761d48a8b1b') in 0.016715 seconds
Number of updated asset objects reloaded before import = 0
Number of asset objects unloaded after import = 7
========================================================================
Received Import Request.
  Time since last request: 0.000079 seconds.
  path: Assets/Course Library/Particles/FX_Dust_Prefab_03.prefab
  artifactKey: Guid(1570b78163aaedc44bfd35cf13a9f13f) Importer(2089858483,3d70f49cd1c2eb9ae422958d1c652c6b)
Start importing Assets/Course Library/Particles/FX_Dust_Prefab_03.prefab using Guid(1570b78163aaedc44bfd35cf13a9f13f) Importer(2089858483,3d70f49cd1c2eb9ae422958d1c652c6b) [PhysX] Initialized MultithreadedTaskDispatcher with 8 workers.
 -> (artifact id: 'afbb6d7e26aea8b5b33c2369f5829972') in 0.002179 seconds
Number of updated asset objects reloaded before import = 0
Number of asset objects unloaded after import = 7
========================================================================
Received Import Request.
  Time since last request: 0.000160 seconds.
  path: Assets/TerrainSampleAssets/TerrainLayers/Pebbles_A_TerrainLayer.terrainlayer
  artifactKey: Guid(a4f389caed25e6241b38ba88a286c911) Importer(2089858483,0ecaa5967403d082aa24f35e1b516d23)
Start importing Assets/TerrainSampleAssets/TerrainLayers/Pebbles_A_TerrainLayer.terrainlayer using Guid(a4f389caed25e6241b38ba88a286c911) Importer(2089858483,0ecaa5967403d082aa24f35e1b516d23) [PhysX] Initialized MultithreadedTaskDispatcher with 8 workers.
 -> (artifact id: '60167245051e8113b3e61823c2212d76') in 0.013439 seconds
Number of updated asset objects reloaded before import = 0
Number of asset objects unloaded after import = 4
========================================================================
Received Import Request.
  Time since last request: 0.000058 seconds.
  path: Assets/TerrainSampleAssets/TerrainBrushes/Terrainstamp_Slope04_Brush.brush
  artifactKey: Guid(da7c572fc46d2a345963c4775ee9dc60) Importer(2089858483,0ecaa5967403d082aa24f35e1b516d23)
Start importing Assets/TerrainSampleAssets/TerrainBrushes/Terrainstamp_Slope04_Brush.brush using Guid(da7c572fc46d2a345963c4775ee9dc60) Importer(2089858483,0ecaa5967403d082aa24f35e1b516d23) [PhysX] Initialized MultithreadedTaskDispatcher with 8 workers.
 -> (artifact id: 'bb9602d5672b3d2ed7dcacc6e043351a') in 0.008918 seconds
Number of updated asset objects reloaded before import = 0
Number of asset objects unloaded after import = 2
========================================================================
Received Import Request.
  Time since last request: 0.000056 seconds.
  path: Assets/Course Library/Fonts/Margarine/Margarine-Regular SDF.asset
  artifactKey: Guid(ff9dfb9dcfa9b451da0749c3d2b449a9) Importer(2089858483,3d70f49cd1c2eb9ae422958d1c652c6b)
Start importing Assets/Course Library/Fonts/Margarine/Margarine-Regular SDF.asset using Guid(ff9dfb9dcfa9b451da0749c3d2b449a9) Importer(2089858483,3d70f49cd1c2eb9ae422958d1c652c6b) [PhysX] Initialized MultithreadedTaskDispatcher with 8 workers.
 -> (artifact id: 'f8d923d69314bbda616b8a63fc5575bf') in 0.004749 seconds
Number of updated asset objects reloaded before import = 0
Number of asset objects unloaded after import = 2
========================================================================
Received Import Request.
  Time since last request: 0.000412 seconds.
  path: Assets/TerrainSampleAssets/Models/BushDry_A.asset
  artifactKey: Guid(3b8f934b79237034b816dfcc8369e9fb) Importer(2089858483,0ecaa5967403d082aa24f35e1b516d23)
Start importing Assets/TerrainSampleAssets/Models/BushDry_A.asset using Guid(3b8f934b79237034b816dfcc8369e9fb) Importer(2089858483,0ecaa5967403d082aa24f35e1b516d23) [PhysX] Initialized MultithreadedTaskDispatcher with 8 workers.
 -> (artifact id: '314c28a06364b5bf2c74d2a229bc4f5c') in 0.001829 seconds
Number of updated asset objects reloaded before import = 0
Number of asset objects unloaded after import = 1
========================================================================
Received Import Request.
  Time since last request: 0.000188 seconds.
  path: Assets/TerrainSampleAssets/Models/Heather_B.asset
  artifactKey: Guid(fa4ffd32709146c448c403bfd045f3fb) Importer(2089858483,3d70f49cd1c2eb9ae422958d1c652c6b)
Start importing Assets/TerrainSampleAssets/Models/Heather_B.asset using Guid(fa4ffd32709146c448c403bfd045f3fb) Importer(2089858483,3d70f49cd1c2eb9ae422958d1c652c6b) [PhysX] Initialized MultithreadedTaskDispatcher with 8 workers.
 -> (artifact id: '2203a19a07ab726640c5c88a03c499f5') in 0.001476 seconds
Number of updated asset objects reloaded before import = 0
Number of asset objects unloaded after import = 0
========================================================================
Received Import Request.
  Time since last request: 0.000183 seconds.
  path: Assets/TerrainSampleAssets/Prefabs/Heather_B.prefab
  artifactKey: Guid(dd902ff2a6f685041be127af00c09664) Importer(2089858483,0ecaa5967403d082aa24f35e1b516d23)
Start importing Assets/TerrainSampleAssets/Prefabs/Heather_B.prefab using Guid(dd902ff2a6f685041be127af00c09664) Importer(2089858483,0ecaa5967403d082aa24f35e1b516d23) [PhysX] Initialized MultithreadedTaskDispatcher with 8 workers.
 -> (artifact id: '1c7fc0478900bd48f01b5800f7c8600b') in 0.002960 seconds
Number of updated asset objects reloaded before import = 0
Number of asset objects unloaded after import = 7
========================================================================
Received Import Request.
  Time since last request: 0.000210 seconds.
  path: Assets/Course Library/Characters/Farm/SimpleFarmer_Woman_02_Black.prefab
  artifactKey: Guid(0e1316a3e46fdb349b6ff648610a1d71) Importer(2089858483,3d70f49cd1c2eb9ae422958d1c652c6b)
Start importing Assets/Course Library/Characters/Farm/SimpleFarmer_Woman_02_Black.prefab using Guid(0e1316a3e46fdb349b6ff648610a1d71) Importer(2089858483,3d70f49cd1c2eb9ae422958d1c652c6b) [PhysX] Initialized MultithreadedTaskDispatcher with 8 workers.
 -> (artifact id: '5fe5cca1c67239836fd7d3a8e3e9ebb6') in 0.010840 seconds
Number of updated asset objects reloaded before import = 0
Number of asset objects unloaded after import = 69
========================================================================
Received Import Request.
  Time since last request: 0.000034 seconds.
  path: Assets/TerrainSampleAssets/TerrainBrushes/Terrainstamp_Crackedground02_Brush.brush
  artifactKey: Guid(61e8c4f14d0453448b7e510f7f96990c) Importer(2089858483,0ecaa5967403d082aa24f35e1b516d23)
Start importing Assets/TerrainSampleAssets/TerrainBrushes/Terrainstamp_Crackedground02_Brush.brush using Guid(61e8c4f14d0453448b7e510f7f96990c) Importer(2089858483,0ecaa5967403d082aa24f35e1b516d23) [PhysX] Initialized MultithreadedTaskDispatcher with 8 workers.
 -> (artifact id: '2e27204c475b103b57ba430e38acdab9') in 0.005573 seconds
Number of updated asset objects reloaded before import = 0
Number of asset objects unloaded after import = 2
========================================================================
Received Import Request.
  Time since last request: 0.000227 seconds.
  path: Assets/Settings/SampleSceneProfile.asset
  artifactKey: Guid(a6560a915ef98420e9faacc1c7438823) Importer(2089858483,0ecaa5967403d082aa24f35e1b516d23)
Start importing Assets/Settings/SampleSceneProfile.asset using Guid(a6560a915ef98420e9faacc1c7438823) Importer(2089858483,0ecaa5967403d082aa24f35e1b516d23) [PhysX] Initialized MultithreadedTaskDispatcher with 8 workers.
 -> (artifact id: '2ea2423b5e70c260f4af288b0aa4a5e9') in 0.002237 seconds
Number of updated asset objects reloaded before import = 0
Number of asset objects unloaded after import = 4
========================================================================
Received Import Request.
  Time since last request: 0.000170 seconds.
  path: Assets/Course Library/Objects/Food/Food_Steak_01.prefab
  artifactKey: Guid(9f063c5e5835cbd4b8dc54a6c0b45db4) Importer(2089858483,3d70f49cd1c2eb9ae422958d1c652c6b)
Start importing Assets/Course Library/Objects/Food/Food_Steak_01.prefab using Guid(9f063c5e5835cbd4b8dc54a6c0b45db4) Importer(2089858483,3d70f49cd1c2eb9ae422958d1c652c6b) [PhysX] Initialized MultithreadedTaskDispatcher with 8 workers.
 -> (artifact id: '831070203aeedd56144edbd97439a488') in 0.002208 seconds
Number of updated asset objects reloaded before import = 0
Number of asset objects unloaded after import = 8
========================================================================
Received Import Request.
  Time since last request: 0.000152 seconds.
  path: Assets/Course Library/Objects/Obstacles/Prop_Barrier01.prefab
  artifactKey: Guid(ee7d0c4ddd804dd4e95f705d43c9135e) Importer(2089858483,3d70f49cd1c2eb9ae422958d1c652c6b)
Start importing Assets/Course Library/Objects/Obstacles/Prop_Barrier01.prefab using Guid(ee7d0c4ddd804dd4e95f705d43c9135e) Importer(2089858483,3d70f49cd1c2eb9ae422958d1c652c6b) [PhysX] Initialized MultithreadedTaskDispatcher with 8 workers.
 -> (artifact id: 'cacccff13c2858a378d802cd508a82a7') in 0.002344 seconds
Number of updated asset objects reloaded before import = 0
Number of asset objects unloaded after import = 10
========================================================================
Received Import Request.
  Time since last request: 0.000308 seconds.
  path: Assets/Course Library/Objects/Obstacles/Barrel_02.prefab
  artifactKey: Guid(cb04eea70ee14ab49b68d12e2cbbf680) Importer(2089858483,3d70f49cd1c2eb9ae422958d1c652c6b)
Start importing Assets/Course Library/Objects/Obstacles/Barrel_02.prefab using Guid(cb04eea70ee14ab49b68d12e2cbbf680) Importer(2089858483,3d70f49cd1c2eb9ae422958d1c652c6b) [PhysX] Initialized MultithreadedTaskDispatcher with 8 workers.
 -> (artifact id: '5a1c949d604b4e8d5e0b8835b9f63a75') in 0.002152 seconds
Number of updated asset objects reloaded before import = 0
Number of asset objects unloaded after import = 8
========================================================================
Received Import Request.
  Time since last request: 0.000360 seconds.
  path: Assets/Course Library/Objects/Obstacles/Barrel_01P.prefab
  artifactKey: Guid(f750d5f061e724f4c827ab6b376e2550) Importer(2089858483,3d70f49cd1c2eb9ae422958d1c652c6b)
Start importing Assets/Course Library/Objects/Obstacles/Barrel_01P.prefab using Guid(f750d5f061e724f4c827ab6b376e2550) Importer(2089858483,3d70f49cd1c2eb9ae422958d1c652c6b) [PhysX] Initialized MultithreadedTaskDispatcher with 8 workers.
 -> (artifact id: '5f9e19e8252d5a63b1f1cb79019d8b78') in 0.002908 seconds
Number of updated asset objects reloaded before import = 0
Number of asset objects unloaded after import = 9
========================================================================
Received Import Request.
  Time since last request: 0.000553 seconds.
  path: Assets/Course Library/Objects/Pickups/FireIcon.prefab
  artifactKey: Guid(18d064e59e399ac4ebf74eada94947af) Importer(2089858483,3d70f49cd1c2eb9ae422958d1c652c6b)
Start importing Assets/Course Library/Objects/Pickups/FireIcon.prefab using Guid(18d064e59e399ac4ebf74eada94947af) Importer(2089858483,3d70f49cd1c2eb9ae422958d1c652c6b) [PhysX] Initialized MultithreadedTaskDispatcher with 8 workers.
 -> (artifact id: '66d26d01cc1a152aa9048ad23bbcead9') in 0.002750 seconds
Number of updated asset objects reloaded before import = 0
Number of asset objects unloaded after import = 8
========================================================================
Received Import Request.
  Time since last request: 0.000243 seconds.
  path: Assets/Course Library/Objects/Pickups/PowerIcon.prefab
  artifactKey: Guid(0782c4fdae5f1624ba26300a1dc7a0a7) Importer(2089858483,3d70f49cd1c2eb9ae422958d1c652c6b)
Start importing Assets/Course Library/Objects/Pickups/PowerIcon.prefab using Guid(0782c4fdae5f1624ba26300a1dc7a0a7) Importer(2089858483,3d70f49cd1c2eb9ae422958d1c652c6b) [PhysX] Initialized MultithreadedTaskDispatcher with 8 workers.
 -> (artifact id: '33bacdedf4c642f70d754f25c57e4f6d') in 0.002581 seconds
Number of updated asset objects reloaded before import = 0
Number of asset objects unloaded after import = 8
========================================================================
Received Import Request.
  Time since last request: 0.000139 seconds.
  path: Assets/Course Library/Objects/Obstacles/Prop_Spool_02.prefab
  artifactKey: Guid(3daef342e8f3f9548b04424eac7d4d0d) Importer(2089858483,3d70f49cd1c2eb9ae422958d1c652c6b)
Start importing Assets/Course Library/Objects/Obstacles/Prop_Spool_02.prefab using Guid(3daef342e8f3f9548b04424eac7d4d0d) Importer(2089858483,3d70f49cd1c2eb9ae422958d1c652c6b) [PhysX] Initialized MultithreadedTaskDispatcher with 8 workers.
 -> (artifact id: 'e17673716fbfddc87cee151e9682b92b') in 0.002338 seconds
Number of updated asset objects reloaded before import = 0
Number of asset objects unloaded after import = 8
========================================================================
Received Import Request.
  Time since last request: 0.000218 seconds.
  path: Assets/Course Library/Objects/Obstacles/SM_Prop_StoneWall_01.prefab
  artifactKey: Guid(aa7a79e53bee7d64e9b1fb9894a773a5) Importer(2089858483,3d70f49cd1c2eb9ae422958d1c652c6b)
Start importing Assets/Course Library/Objects/Obstacles/SM_Prop_StoneWall_01.prefab using Guid(aa7a79e53bee7d64e9b1fb9894a773a5) Importer(2089858483,3d70f49cd1c2eb9ae422958d1c652c6b) [PhysX] Initialized MultithreadedTaskDispatcher with 8 workers.
 -> (artifact id: 'fa11838db3f00625375c4b9ae7781e4d') in 0.002530 seconds
Number of updated asset objects reloaded before import = 0
Number of asset objects unloaded after import = 9
========================================================================
Received Import Request.
  Time since last request: 0.000345 seconds.
  path: Assets/Course Library/Objects/Obstacles/Crate_01.prefab
  artifactKey: Guid(71782582b9d2cac4cba5251a3b767d13) Importer(2089858483,3d70f49cd1c2eb9ae422958d1c652c6b)
Start importing Assets/Course Library/Objects/Obstacles/Crate_01.prefab using Guid(71782582b9d2cac4cba5251a3b767d13) Importer(2089858483,3d70f49cd1c2eb9ae422958d1c652c6b) [PhysX] Initialized MultithreadedTaskDispatcher with 8 workers.
 -> (artifact id: '3d3c738e37427fc406ffe46c9fb42e37') in 0.003835 seconds
Number of updated asset objects reloaded before import = 0
Number of asset objects unloaded after import = 8
========================================================================
Received Import Request.
  Time since last request: 0.000522 seconds.
  path: Assets/TerrainSampleAssets/Prefabs/Plant_B.prefab
  artifactKey: Guid(0a701dc0b49cb264c88918e012866821) Importer(2089858483,0ecaa5967403d082aa24f35e1b516d23)
Start importing Assets/TerrainSampleAssets/Prefabs/Plant_B.prefab using Guid(0a701dc0b49cb264c88918e012866821) Importer(2089858483,0ecaa5967403d082aa24f35e1b516d23) [PhysX] Initialized MultithreadedTaskDispatcher with 8 workers.
 -> (artifact id: 'fe98a63b93fcd3965511713a3d56761b') in 0.004580 seconds
Number of updated asset objects reloaded before import = 0
Number of asset objects unloaded after import = 7
========================================================================
Received Import Request.
  Time since last request: 0.000396 seconds.
  path: Assets/Materials/Pink.mat
  artifactKey: Guid(e23bee5707c5a470e9157eba950a3ce5) Importer(2089858483,0ecaa5967403d082aa24f35e1b516d23)
Start importing Assets/Materials/Pink.mat using Guid(e23bee5707c5a470e9157eba950a3ce5) Importer(2089858483,0ecaa5967403d082aa24f35e1b516d23) [PhysX] Initialized MultithreadedTaskDispatcher with 8 workers.
 -> (artifact id: 'b8e4a7687df32ff65d9736c5494393a2') in 0.002580 seconds
Number of updated asset objects reloaded before import = 0
Number of asset objects unloaded after import = 1
========================================================================
Received Import Request.
  Time since last request: 0.000260 seconds.
  path: Assets/TerrainSampleAssets/Models/Grass_D.asset
  artifactKey: Guid(15afb6df1db838d409d503b01fb48944) Importer(2089858483,3d70f49cd1c2eb9ae422958d1c652c6b)
Start importing Assets/TerrainSampleAssets/Models/Grass_D.asset using Guid(15afb6df1db838d409d503b01fb48944) Importer(2089858483,3d70f49cd1c2eb9ae422958d1c652c6b) [PhysX] Initialized MultithreadedTaskDispatcher with 8 workers.
 -> (artifact id: '54fa2df0d05036902f9dbf030ebc2b2e') in 0.002094 seconds
Number of updated asset objects reloaded before import = 0
Number of asset objects unloaded after import = 0
========================================================================
Received Import Request.
  Time since last request: 0.000334 seconds.
  path: Assets/TerrainSampleAssets/Prefabs/Fern_B.prefab
  artifactKey: Guid(5e7ace55a7bfd0d4f9ba3c05024e9d79) Importer(2089858483,3d70f49cd1c2eb9ae422958d1c652c6b)
Start importing Assets/TerrainSampleAssets/Prefabs/Fern_B.prefab using Guid(5e7ace55a7bfd0d4f9ba3c05024e9d79) Importer(2089858483,3d70f49cd1c2eb9ae422958d1c652c6b) [PhysX] Initialized MultithreadedTaskDispatcher with 8 workers.
 -> (artifact id: '2ec0ec3727f164ad9cd5139966e684b2') in 0.003087 seconds
Number of updated asset objects reloaded before import = 0
Number of asset objects unloaded after import = 9
========================================================================
Received Import Request.
  Time since last request: 0.000034 seconds.
  path: Assets/TerrainSampleAssets/TerrainLayers/Grass_Dry_TerrainLayer.terrainlayer
  artifactKey: Guid(0cbb01b61ed524a48a119d81aa262fed) Importer(2089858483,0ecaa5967403d082aa24f35e1b516d23)
Start importing Assets/TerrainSampleAssets/TerrainLayers/Grass_Dry_TerrainLayer.terrainlayer using Guid(0cbb01b61ed524a48a119d81aa262fed) Importer(2089858483,0ecaa5967403d082aa24f35e1b516d23) [PhysX] Initialized MultithreadedTaskDispatcher with 8 workers.
 -> (artifact id: '60b443de05894d37980120f7b066eb45') in 0.012563 seconds
Number of updated asset objects reloaded before import = 0
Number of asset objects unloaded after import = 4
========================================================================
Received Import Request.
  Time since last request: 0.000827 seconds.
  path: Assets/Settings/URP-Balanced-Renderer.asset
  artifactKey: Guid(e634585d5c4544dd297acaee93dc2beb) Importer(2089858483,3d70f49cd1c2eb9ae422958d1c652c6b)
Start importing Assets/Settings/URP-Balanced-Renderer.asset using Guid(e634585d5c4544dd297acaee93dc2beb) Importer(2089858483,3d70f49cd1c2eb9ae422958d1c652c6b) [PhysX] Initialized MultithreadedTaskDispatcher with 8 workers.
 -> (artifact id: '93136ede5c2285523b8991e551c69ab6') in 0.002968 seconds
Number of updated asset objects reloaded before import = 0
Number of asset objects unloaded after import = 1
========================================================================
Received Import Request.
  Time since last request: 0.000510 seconds.
  path: Assets/TerrainSampleAssets/Prefabs/Plant_D.prefab
  artifactKey: Guid(8569bec78272c564ab74ca5b8a4762f1) Importer(2089858483,0ecaa5967403d082aa24f35e1b516d23)
Start importing Assets/TerrainSampleAssets/Prefabs/Plant_D.prefab using Guid(8569bec78272c564ab74ca5b8a4762f1) Importer(2089858483,0ecaa5967403d082aa24f35e1b516d23) [PhysX] Initialized MultithreadedTaskDispatcher with 8 workers.
 -> (artifact id: '8403e21c54e54bbfb481dcea3cc7385f') in 0.004577 seconds
Number of updated asset objects reloaded before import = 0
Number of asset objects unloaded after import = 7
========================================================================
Received Import Request.
  Time since last request: 0.000231 seconds.
  path: Assets/Course Library/Characters/Farm/SimpleFarmer_Man_02_White.prefab
  artifactKey: Guid(7b6675de545141649953fd8adec4561b) Importer(2089858483,3d70f49cd1c2eb9ae422958d1c652c6b)
Start importing Assets/Course Library/Characters/Farm/SimpleFarmer_Man_02_White.prefab using Guid(7b6675de545141649953fd8adec4561b) Importer(2089858483,3d70f49cd1c2eb9ae422958d1c652c6b) [PhysX] Initialized MultithreadedTaskDispatcher with 8 workers.
 -> (artifact id: '574d85a9716685441139ae8e7d7b2d50') in 0.004913 seconds
Number of updated asset objects reloaded before import = 0
Number of asset objects unloaded after import = 69
========================================================================
Received Import Request.
  Time since last request: 0.000218 seconds.
  path: Assets/Course Library/Animals/Farm/Animal_Chicken_Brown.prefab
  artifactKey: Guid(49b874b9460c6754c829d7cb541a99db) Importer(2089858483,0ecaa5967403d082aa24f35e1b516d23)
Start importing Assets/Course Library/Animals/Farm/Animal_Chicken_Brown.prefab using Guid(49b874b9460c6754c829d7cb541a99db) Importer(2089858483,0ecaa5967403d082aa24f35e1b516d23) [PhysX] Initialized MultithreadedTaskDispatcher with 8 workers.
 -> (artifact id: '0f6cda73d87b657d9cd9536683a16e12') in 0.007236 seconds
Number of updated asset objects reloaded before import = 0
Number of asset objects unloaded after import = 83
========================================================================
Received Import Request.
  Time since last request: 0.000030 seconds.
  path: Assets/Course Library/Animals/Forest/Animal_Stag_02.prefab
  artifactKey: Guid(e2b54f18a442ae84cb37b05e649edfc0) Importer(2089858483,0ecaa5967403d082aa24f35e1b516d23)
Start importing Assets/Course Library/Animals/Forest/Animal_Stag_02.prefab using Guid(e2b54f18a442ae84cb37b05e649edfc0) Importer(2089858483,0ecaa5967403d082aa24f35e1b516d23) [PhysX] Initialized MultithreadedTaskDispatcher with 8 workers.
 -> (artifact id: '388917493b709ed4a4c1ade3ae31fbf2') in 0.013274 seconds
Number of updated asset objects reloaded before import = 0
Number of asset objects unloaded after import = 57
========================================================================
Received Import Request.
  Time since last request: 0.000592 seconds.
  path: Assets/Course Library/Animals/Forest/Animal_Fox_01.prefab
  artifactKey: Guid(e3245acddde40bf49aa555d6bdc14998) Importer(2089858483,0ecaa5967403d082aa24f35e1b516d23)
Start importing Assets/Course Library/Animals/Forest/Animal_Fox_01.prefab using Guid(e3245acddde40bf49aa555d6bdc14998) Importer(2089858483,0ecaa5967403d082aa24f35e1b516d23) [PhysX] Initialized MultithreadedTaskDispatcher with 8 workers.
 -> (artifact id: '9f1d5e5a914f53b8e99dec9b900e6b1a') in 0.014287 seconds
Number of updated asset objects reloaded before import = 0
Number of asset objects unloaded after import = 65
========================================================================
Received Import Request.
  Time since last request: 0.001410 seconds.
  path: Assets/Course Library/Characters/Farm/SimpleFarmer_Man_02_Brown.prefab
  artifactKey: Guid(814f4326a50812947b2469896d89a215) Importer(2089858483,0ecaa5967403d082aa24f35e1b516d23)
Start importing Assets/Course Library/Characters/Farm/SimpleFarmer_Man_02_Brown.prefab using Guid(814f4326a50812947b2469896d89a215) Importer(2089858483,0ecaa5967403d082aa24f35e1b516d23) [PhysX] Initialized MultithreadedTaskDispatcher with 8 workers.
 -> (artifact id: '216d08877a33bd2eb466773ab8421356') in 0.020575 seconds
Number of updated asset objects reloaded before import = 0
Number of asset objects unloaded after import = 348
========================================================================
Received Import Request.
  Time since last request: 0.002648 seconds.
  path: Assets/Course Library/Animals/Dogs/Dog_GermanShepherd_01.prefab
  artifactKey: Guid(3b3cb28f974c42c4481d72da460937c9) Importer(2089858483,0ecaa5967403d082aa24f35e1b516d23)
Start importing Assets/Course Library/Animals/Dogs/Dog_GermanShepherd_01.prefab using Guid(3b3cb28f974c42c4481d72da460937c9) Importer(2089858483,0ecaa5967403d082aa24f35e1b516d23) [PhysX] Initialized MultithreadedTaskDispatcher with 8 workers.
 -> (artifact id: 'f9f86608a05ef76fb2424024603e5303') in 0.015915 seconds
Number of updated asset objects reloaded before import = 0
Number of asset objects unloaded after import = 269
========================================================================
Received Import Request.
  Time since last request: 0.005944 seconds.
  path: Assets/TerrainSampleAssets/TerrainLayers/Soil_Rocks_TerrainLayer.terrainlayer
  artifactKey: Guid(73f0b5ac607c28d4696a6dd09a1de66a) Importer(2089858483,0ecaa5967403d082aa24f35e1b516d23)
Start importing Assets/TerrainSampleAssets/TerrainLayers/Soil_Rocks_TerrainLayer.terrainlayer using Guid(73f0b5ac607c28d4696a6dd09a1de66a) Importer(2089858483,0ecaa5967403d082aa24f35e1b516d23) [PhysX] Initialized MultithreadedTaskDispatcher with 8 workers.
 -> (artifact id: '64f97826ee675b3edebb2f1349b7b1d8') in 0.018400 seconds
Number of updated asset objects reloaded before import = 0
Number of asset objects unloaded after import = 4
========================================================================
Received Import Request.
  Time since last request: 0.015509 seconds.
  path: Assets/Course Library/Animals/Farm/Animal_Horse_Brown.prefab
  artifactKey: Guid(68a45bf17ac566545b70a13c90a7ee65) Importer(2089858483,0ecaa5967403d082aa24f35e1b516d23)
Start importing Assets/Course Library/Animals/Farm/Animal_Horse_Brown.prefab using Guid(68a45bf17ac566545b70a13c90a7ee65) Importer(2089858483,0ecaa5967403d082aa24f35e1b516d23) [PhysX] Initialized MultithreadedTaskDispatcher with 8 workers.
 -> (artifact id: '72249bdf1281010e7b9cdba338a2da36') in 0.012827 seconds
Number of updated asset objects reloaded before import = 0
Number of asset objects unloaded after import = 123
========================================================================
Received Import Request.
  Time since last request: 0.003078 seconds.
  path: Assets/Course Library/Characters/Farm/SimpleFarmer_Man_02_White.prefab
  artifactKey: Guid(7b6675de545141649953fd8adec4561b) Importer(2089858483,0ecaa5967403d082aa24f35e1b516d23)
Start importing Assets/Course Library/Characters/Farm/SimpleFarmer_Man_02_White.prefab using Guid(7b6675de545141649953fd8adec4561b) Importer(2089858483,0ecaa5967403d082aa24f35e1b516d23) [PhysX] Initialized MultithreadedTaskDispatcher with 8 workers.
 -> (artifact id: 'b1a1c71c5bd4e8a8ba54e18c71dc2e93') in 0.016453 seconds
Number of updated asset objects reloaded before import = 0
Number of asset objects unloaded after import = 348
========================================================================
Received Import Request.
  Time since last request: 0.008606 seconds.
  path: Assets/TerrainSampleAssets/TerrainLayers/Sand_TerrainLayer.terrainlayer
  artifactKey: Guid(1ded3ba1c5a90054e8f23ddfa62fb2b7) Importer(2089858483,0ecaa5967403d082aa24f35e1b516d23)
Start importing Assets/TerrainSampleAssets/TerrainLayers/Sand_TerrainLayer.terrainlayer using Guid(1ded3ba1c5a90054e8f23ddfa62fb2b7) Importer(2089858483,0ecaa5967403d082aa24f35e1b516d23) [PhysX] Initialized MultithreadedTaskDispatcher with 8 workers.
 -> (artifact id: '07bb17e70b768399e5fc50649cb3e18e') in 0.019197 seconds
Number of updated asset objects reloaded before import = 0
Number of asset objects unloaded after import = 4
========================================================================
Received Import Request.
  Time since last request: 0.000570 seconds.
  path: Assets/TerrainSampleAssets/TerrainLayers/Tidal_Pools_TerrainLayer.terrainlayer
  artifactKey: Guid(b5fcb6edb24b4544dbcf0dad9462ee5b) Importer(2089858483,0ecaa5967403d082aa24f35e1b516d23)
Start importing Assets/TerrainSampleAssets/TerrainLayers/Tidal_Pools_TerrainLayer.terrainlayer using Guid(b5fcb6edb24b4544dbcf0dad9462ee5b) Importer(2089858483,0ecaa5967403d082aa24f35e1b516d23) [PhysX] Initialized MultithreadedTaskDispatcher with 8 workers.
 -> (artifact id: '8b15b00b066c7ab640713ec86c0a3e0e') in 0.016449 seconds
Number of updated asset objects reloaded before import = 0
Number of asset objects unloaded after import = 4
========================================================================
Received Import Request.
  Time since last request: 0.000356 seconds.
  path: Assets/TutorialInfo/Scripts/Readme.cs
  artifactKey: Guid(fcf7219bab7fe46a1ad266029b2fee19) Importer(2089858483,0ecaa5967403d082aa24f35e1b516d23)
Start importing Assets/TutorialInfo/Scripts/Readme.cs using Guid(fcf7219bab7fe46a1ad266029b2fee19) Importer(2089858483,0ecaa5967403d082aa24f35e1b516d23) [PhysX] Initialized MultithreadedTaskDispatcher with 8 workers.
 -> (artifact id: '6e439f7a11978dfc44c5a2841aa4ad5e') in 0.003159 seconds
Number of updated asset objects reloaded before import = 0
Number of asset objects unloaded after import = 1
========================================================================
Received Import Request.
  Time since last request: 0.000211 seconds.
  path: Assets/Course Library/Animals/Dogs/Dog_Pug_01.prefab
  artifactKey: Guid(c35f3b540532d1747b95a8a2eea9991d) Importer(2089858483,0ecaa5967403d082aa24f35e1b516d23)
Start importing Assets/Course Library/Animals/Dogs/Dog_Pug_01.prefab using Guid(c35f3b540532d1747b95a8a2eea9991d) Importer(2089858483,0ecaa5967403d082aa24f35e1b516d23) [PhysX] Initialized MultithreadedTaskDispatcher with 8 workers.
 -> (artifact id: 'd8a67574ff9e2cf5a640a1add8b8a426') in 0.019358 seconds
Number of updated asset objects reloaded before import = 0
Number of asset objects unloaded after import = 269
========================================================================
Received Import Request.
  Time since last request: 0.000066 seconds.
  path: Assets/Course Library/Animals/Forest/Animal_Moose_02.prefab
  artifactKey: Guid(02eca77e7e6a2ec41ba4c68f20e26098) Importer(2089858483,0ecaa5967403d082aa24f35e1b516d23)
Start importing Assets/Course Library/Animals/Forest/Animal_Moose_02.prefab using Guid(02eca77e7e6a2ec41ba4c68f20e26098) Importer(2089858483,0ecaa5967403d082aa24f35e1b516d23) [PhysX] Initialized MultithreadedTaskDispatcher with 8 workers.
 -> (artifact id: 'fe49aca12bb13034c61f0b69a2f7c36e') in 0.005654 seconds
Number of updated asset objects reloaded before import = 0
Number of asset objects unloaded after import = 57
========================================================================
Received Import Request.
  Time since last request: 0.001133 seconds.
  path: Assets/Course Library/Animals/Forest/Animal_Moose_01.prefab
  artifactKey: Guid(72d1e1ec46e639c47a81658b0d9e230e) Importer(2089858483,0ecaa5967403d082aa24f35e1b516d23)
Start importing Assets/Course Library/Animals/Forest/Animal_Moose_01.prefab using Guid(72d1e1ec46e639c47a81658b0d9e230e) Importer(2089858483,0ecaa5967403d082aa24f35e1b516d23) [PhysX] Initialized MultithreadedTaskDispatcher with 8 workers.
 -> (artifact id: '29a5b24ad171a9e08d32a7c683d9e6e3') in 0.014930 seconds
Number of updated asset objects reloaded before import = 0
Number of asset objects unloaded after import = 57
========================================================================
Received Import Request.
  Time since last request: 0.000050 seconds.
  path: Assets/Course Library/Animals/Dogs/Dog_Beagle_01.prefab
  artifactKey: Guid(05554c72f25b7364caea91a88803135d) Importer(2089858483,0ecaa5967403d082aa24f35e1b516d23)
Start importing Assets/Course Library/Animals/Dogs/Dog_Beagle_01.prefab using Guid(05554c72f25b7364caea91a88803135d) Importer(2089858483,0ecaa5967403d082aa24f35e1b516d23) [PhysX] Initialized MultithreadedTaskDispatcher with 8 workers.
 -> (artifact id: '520dfa680fbdac0f4c0bb38397b5d19d') in 0.036473 seconds
Number of updated asset objects reloaded before import = 0
Number of asset objects unloaded after import = 269
========================================================================
Received Import Request.
  Time since last request: 0.001823 seconds.
  path: Assets/Course Library/Objects/Props/Ball_Beachball.prefab
  artifactKey: Guid(d9532b099f8dfb045844414b0b707bb3) Importer(2089858483,3d70f49cd1c2eb9ae422958d1c652c6b)
Start importing Assets/Course Library/Objects/Props/Ball_Beachball.prefab using Guid(d9532b099f8dfb045844414b0b707bb3) Importer(2089858483,3d70f49cd1c2eb9ae422958d1c652c6b) [PhysX] Initialized MultithreadedTaskDispatcher with 8 workers.
 -> (artifact id: '3b0f1cb078907cf4e74405942b250600') in 0.003610 seconds
Number of updated asset objects reloaded before import = 0
Number of asset objects unloaded after import = 8
========================================================================
Received Import Request.
  Time since last request: 0.000167 seconds.
  path: Assets/Course Library/Objects/Props/Missile_01.prefab
  artifactKey: Guid(982b7ba9f968b034bbe79438e0a07425) Importer(2089858483,3d70f49cd1c2eb9ae422958d1c652c6b)
Start importing Assets/Course Library/Objects/Props/Missile_01.prefab using Guid(982b7ba9f968b034bbe79438e0a07425) Importer(2089858483,3d70f49cd1c2eb9ae422958d1c652c6b) [PhysX] Initialized MultithreadedTaskDispatcher with 8 workers.
 -> (artifact id: 'eaa30fb46220276f2aea541fa1a0454d') in 0.003453 seconds
Number of updated asset objects reloaded before import = 0
Number of asset objects unloaded after import = 8
========================================================================
Received Import Request.
  Time since last request: 0.001970 seconds.
  path: Assets/Course Library/Objects/Props/Ball_Nuclear.prefab
  artifactKey: Guid(07cd57be5fe3a3a4082d14214f7c6ba1) Importer(2089858483,3d70f49cd1c2eb9ae422958d1c652c6b)
Start importing Assets/Course Library/Objects/Props/Ball_Nuclear.prefab using Guid(07cd57be5fe3a3a4082d14214f7c6ba1) Importer(2089858483,3d70f49cd1c2eb9ae422958d1c652c6b) [PhysX] Initialized MultithreadedTaskDispatcher with 8 workers.
 -> (artifact id: '9f4a65cf29a3878b0e3115689b58d447') in 0.003051 seconds
Number of updated asset objects reloaded before import = 0
Number of asset objects unloaded after import = 8
========================================================================
Received Import Request.
  Time since last request: 0.003772 seconds.
  path: Assets/Course Library/Vehicles/Cars/Veh_Van_Green_Z.prefab
  artifactKey: Guid(68840c673a0b18e41a044ed077548d55) Importer(2089858483,3d70f49cd1c2eb9ae422958d1c652c6b)
Start importing Assets/Course Library/Vehicles/Cars/Veh_Van_Green_Z.prefab using Guid(68840c673a0b18e41a044ed077548d55) Importer(2089858483,3d70f49cd1c2eb9ae422958d1c652c6b) [PhysX] Initialized MultithreadedTaskDispatcher with 8 workers.
 -> (artifact id: '5f3f2ff12f595016ca6d4a6c0b9a6b0c') in 0.004386 seconds
Number of updated asset objects reloaded before import = 0
Number of asset objects unloaded after import = 28
========================================================================
Received Import Request.
  Time since last request: 0.000505 seconds.
  path: Assets/Course Library/Vehicles/Cars/Veh_Bus_Blue_Z.prefab
  artifactKey: Guid(da59e5a3713884d4f9e9667c2befa1a4) Importer(2089858483,3d70f49cd1c2eb9ae422958d1c652c6b)
Start importing Assets/Course Library/Vehicles/Cars/Veh_Bus_Blue_Z.prefab using Guid(da59e5a3713884d4f9e9667c2befa1a4) Importer(2089858483,3d70f49cd1c2eb9ae422958d1c652c6b) [PhysX] Initialized MultithreadedTaskDispatcher with 8 workers.
 -> (artifact id: '7f1ac3951eb0520ad4f71ea16e21e215') in 0.004952 seconds
Number of updated asset objects reloaded before import = 0
Number of asset objects unloaded after import = 28
========================================================================
Received Import Request.
  Time since last request: 0.007894 seconds.
  path: Assets/Course Library/Vehicles/Planes/Veh_Drone_01.prefab
  artifactKey: Guid(d230e4bfad140384bac0f92f6e33f220) Importer(2089858483,3d70f49cd1c2eb9ae422958d1c652c6b)
Start importing Assets/Course Library/Vehicles/Planes/Veh_Drone_01.prefab using Guid(d230e4bfad140384bac0f92f6e33f220) Importer(2089858483,3d70f49cd1c2eb9ae422958d1c652c6b) [PhysX] Initialized MultithreadedTaskDispatcher with 8 workers.
 -> (artifact id: '46a25d54c4490932e14b4c3b6d0384a2') in 0.004580 seconds
Number of updated asset objects reloaded before import = 0
Number of asset objects unloaded after import = 23
========================================================================
Received Import Request.
  Time since last request: 0.007460 seconds.
  path: Assets/Course Library/Objects/Props/Skull_01.prefab
  artifactKey: Guid(1aeca1bd9f707c245a80c7f103d235f9) Importer(2089858483,3d70f49cd1c2eb9ae422958d1c652c6b)
Start importing Assets/Course Library/Objects/Props/Skull_01.prefab using Guid(1aeca1bd9f707c245a80c7f103d235f9) Importer(2089858483,3d70f49cd1c2eb9ae422958d1c652c6b) [PhysX] Initialized MultithreadedTaskDispatcher with 8 workers.
 -> (artifact id: 'ac9341d3ff6e18fabcaa7374555d62a1') in 0.003767 seconds
Number of updated asset objects reloaded before import = 0
Number of asset objects unloaded after import = 8
========================================================================
Received Import Request.
  Time since last request: 0.001874 seconds.
  path: Assets/Course Library/Objects/Props/SM_Prop_Bomb_01.prefab
  artifactKey: Guid(666ff701b211d6440b7bd44aa7b3abfa) Importer(2089858483,3d70f49cd1c2eb9ae422958d1c652c6b)
Start importing Assets/Course Library/Objects/Props/SM_Prop_Bomb_01.prefab using Guid(666ff701b211d6440b7bd44aa7b3abfa) Importer(2089858483,3d70f49cd1c2eb9ae422958d1c652c6b) [PhysX] Initialized MultithreadedTaskDispatcher with 8 workers.
 -> (artifact id: '9190bb0a0c8d19d7a77a4af0d6f7396b') in 0.004466 seconds
Number of updated asset objects reloaded before import = 0
Number of asset objects unloaded after import = 9
========================================================================
Received Import Request.
  Time since last request: 0.001250 seconds.
  path: Assets/Course Library/Vehicles/Cars/SM_Veh_Convertable_01.prefab
  artifactKey: Guid(bfec9736616e0d74fa58c16f2e83dcdc) Importer(2089858483,3d70f49cd1c2eb9ae422958d1c652c6b)
Start importing Assets/Course Library/Vehicles/Cars/SM_Veh_Convertable_01.prefab using Guid(bfec9736616e0d74fa58c16f2e83dcdc) Importer(2089858483,3d70f49cd1c2eb9ae422958d1c652c6b) [PhysX] Initialized MultithreadedTaskDispatcher with 8 workers.
 -> (artifact id: 'c70486813195d8924e7ccd8f1fb60dac') in 0.007014 seconds
Number of updated asset objects reloaded before import = 0
Number of asset objects unloaded after import = 40
========================================================================
Received Import Request.
  Time since last request: 0.002152 seconds.
  path: Assets/TerrainSampleAssets/TerrainLayers/Snow_TerrainLayer.terrainlayer
  artifactKey: Guid(59b98ca43f27d8c4a89d4058d2a962e5) Importer(2089858483,0ecaa5967403d082aa24f35e1b516d23)
Start importing Assets/TerrainSampleAssets/TerrainLayers/Snow_TerrainLayer.terrainlayer using Guid(59b98ca43f27d8c4a89d4058d2a962e5) Importer(2089858483,0ecaa5967403d082aa24f35e1b516d23) [PhysX] Initialized MultithreadedTaskDispatcher with 8 workers.
 -> (artifact id: '2cd44f5b0dba4fdcdc45dc6e67009a8b') in 0.014498 seconds
Number of updated asset objects reloaded before import = 0
Number of asset objects unloaded after import = 4
========================================================================
Received Import Request.
  Time since last request: 0.000997 seconds.
  path: Assets/Course Library/Vehicles/Cars/Veh_Car_Blue_Z.prefab
  artifactKey: Guid(09082afec7b5e824ca611a0cc3264bcd) Importer(2089858483,3d70f49cd1c2eb9ae422958d1c652c6b)
Start importing Assets/Course Library/Vehicles/Cars/Veh_Car_Blue_Z.prefab using Guid(09082afec7b5e824ca611a0cc3264bcd) Importer(2089858483,3d70f49cd1c2eb9ae422958d1c652c6b) [PhysX] Initialized MultithreadedTaskDispatcher with 8 workers.
 -> (artifact id: '58799c1ad8c723e1fb94fc46a25d7969') in 0.003828 seconds
Number of updated asset objects reloaded before import = 0
Number of asset objects unloaded after import = 28
========================================================================
Received Import Request.
  Time since last request: 0.003374 seconds.
  path: Assets/Course Library/Animals/Dogs/Dog_BullDog_01.prefab
  artifactKey: Guid(782ffceb74ed3aa47a2a09261607aeb2) Importer(2089858483,0ecaa5967403d082aa24f35e1b516d23)
Start importing Assets/Course Library/Animals/Dogs/Dog_BullDog_01.prefab using Guid(782ffceb74ed3aa47a2a09261607aeb2) Importer(2089858483,0ecaa5967403d082aa24f35e1b516d23) [PhysX] Initialized MultithreadedTaskDispatcher with 8 workers.
 -> (artifact id: '344a1d6b71cfaa2799719fabf5f575c6') in 0.017077 seconds
Number of updated asset objects reloaded before import = 0
Number of asset objects unloaded after import = 269
========================================================================
Received Import Request.
  Time since last request: 0.000782 seconds.
  path: Assets/Course Library/Vehicles/Cars/Veh_Ute_Red_Z.prefab
  artifactKey: Guid(70bf34f6c25c948458f254e87188b00b) Importer(2089858483,3d70f49cd1c2eb9ae422958d1c652c6b)
Start importing Assets/Course Library/Vehicles/Cars/Veh_Ute_Red_Z.prefab using Guid(70bf34f6c25c948458f254e87188b00b) Importer(2089858483,3d70f49cd1c2eb9ae422958d1c652c6b) [PhysX] Initialized MultithreadedTaskDispatcher with 8 workers.
 -> (artifact id: '47a5c801d320ce8d0ad79be7f4b373e5') in 0.003164 seconds
Number of updated asset objects reloaded before import = 0
Number of asset objects unloaded after import = 28
========================================================================
Received Import Request.
  Time since last request: 0.005563 seconds.
  path: Assets/Course Library/Vehicles/Cars/Veh_Armor_Car_01.prefab
  artifactKey: Guid(aea2a6cdcc9d7944090d528486ebaee1) Importer(2089858483,3d70f49cd1c2eb9ae422958d1c652c6b)
Start importing Assets/Course Library/Vehicles/Cars/Veh_Armor_Car_01.prefab using Guid(aea2a6cdcc9d7944090d528486ebaee1) Importer(2089858483,3d70f49cd1c2eb9ae422958d1c652c6b) [PhysX] Initialized MultithreadedTaskDispatcher with 8 workers.
 -> (artifact id: '5f86dcd1bc1e875c88aa12e881193b6f') in 0.003359 seconds
Number of updated asset objects reloaded before import = 0
Number of asset objects unloaded after import = 38
========================================================================
Received Import Request.
  Time since last request: 0.006089 seconds.
  path: Assets/Course Library/Animals/Dogs/Dog_Labrador_01.prefab
  artifactKey: Guid(938147f6ad7eebe4cb99d4a14cb96757) Importer(2089858483,0ecaa5967403d082aa24f35e1b516d23)
Start importing Assets/Course Library/Animals/Dogs/Dog_Labrador_01.prefab using Guid(938147f6ad7eebe4cb99d4a14cb96757) Importer(2089858483,0ecaa5967403d082aa24f35e1b516d23) [PhysX] Initialized MultithreadedTaskDispatcher with 8 workers.
 -> (artifact id: '4d27e7b3ca2e86105be02621e1de07aa') in 0.017291 seconds
Number of updated asset objects reloaded before import = 0
Number of asset objects unloaded after import = 269
========================================================================
Received Import Request.
  Time since last request: 0.001480 seconds.
  path: Assets/Course Library/Vehicles/Boats/Veh_Boat_01.prefab
  artifactKey: Guid(9427ad0b999d0784fa3a660535722f1d) Importer(2089858483,3d70f49cd1c2eb9ae422958d1c652c6b)
Start importing Assets/Course Library/Vehicles/Boats/Veh_Boat_01.prefab using Guid(9427ad0b999d0784fa3a660535722f1d) Importer(2089858483,3d70f49cd1c2eb9ae422958d1c652c6b) [PhysX] Initialized MultithreadedTaskDispatcher with 8 workers.
 -> (artifact id: '83c3609335d32900a227751c6cfe22f0') in 0.004604 seconds
Number of updated asset objects reloaded before import = 0
Number of asset objects unloaded after import = 8
========================================================================
Received Import Request.
  Time since last request: 0.005408 seconds.
  path: Assets/Course Library/Particles/FX_Fireworks_Yellow_Small.prefab
  artifactKey: Guid(6586ff0f14125534cae2f5d8f04b7871) Importer(2089858483,3d70f49cd1c2eb9ae422958d1c652c6b)
Start importing Assets/Course Library/Particles/FX_Fireworks_Yellow_Small.prefab using Guid(6586ff0f14125534cae2f5d8f04b7871) Importer(2089858483,3d70f49cd1c2eb9ae422958d1c652c6b) [PhysX] Initialized MultithreadedTaskDispatcher with 8 workers.
 -> (artifact id: '20ec79bc2442882454d8f7a93b2d5b84') in 0.002759 seconds
Number of updated asset objects reloaded before import = 0
Number of asset objects unloaded after import = 7
========================================================================
Received Import Request.
  Time since last request: 0.003580 seconds.
  path: Assets/Course Library/Characters/Town/SimplePeople_Man_Punk_Brown.prefab
  artifactKey: Guid(4a7c3ad7168bb834b87a91e3f94ad3d6) Importer(2089858483,0ecaa5967403d082aa24f35e1b516d23)
Start importing Assets/Course Library/Characters/Town/SimplePeople_Man_Punk_Brown.prefab using Guid(4a7c3ad7168bb834b87a91e3f94ad3d6) Importer(2089858483,0ecaa5967403d082aa24f35e1b516d23) [PhysX] Initialized MultithreadedTaskDispatcher with 8 workers.
 -> (artifact id: '46645bf18f471547caae6cb9f0d87d55') in 0.020614 seconds
Number of updated asset objects reloaded before import = 0
Number of asset objects unloaded after import = 400
========================================================================
Received Import Request.
  Time since last request: 0.004001 seconds.
  path: Assets/Course Library/Environments/Sky/SkyDome.prefab
  artifactKey: Guid(363a8f737719f4d2eafb35f885f3706f) Importer(2089858483,0ecaa5967403d082aa24f35e1b516d23)
Start importing Assets/Course Library/Environments/Sky/SkyDome.prefab using Guid(363a8f737719f4d2eafb35f885f3706f) Importer(2089858483,0ecaa5967403d082aa24f35e1b516d23) [PhysX] Initialized MultithreadedTaskDispatcher with 8 workers.
 -> (artifact id: 'c68e6073f34318465b3239bc1d976d6f') in 0.007448 seconds
Number of updated asset objects reloaded before import = 0
Number of asset objects unloaded after import = 26
========================================================================
Received Import Request.
  Time since last request: 0.005875 seconds.
  path: Assets/Course Library/Fonts/Exo_2/Exo2-Regular SDF.asset
  artifactKey: Guid(f0bfb73449e8943d0a0d1efb2290352e) Importer(2089858483,0ecaa5967403d082aa24f35e1b516d23)
Start importing Assets/Course Library/Fonts/Exo_2/Exo2-Regular SDF.asset using Guid(f0bfb73449e8943d0a0d1efb2290352e) Importer(2089858483,0ecaa5967403d082aa24f35e1b516d23) [PhysX] Initialized MultithreadedTaskDispatcher with 8 workers.
 -> (artifact id: 'f80b8ffa9ceba3b30b59951a4337ae19') in 0.028900 seconds
Number of updated asset objects reloaded before import = 0
Number of asset objects unloaded after import = 3
========================================================================
Received Import Request.
  Time since last request: 0.007750 seconds.
  path: Assets/Course Library/Fonts/Baloo_Chettan/BalooChettan-Regular.ttf
  artifactKey: Guid(1de092811748445db9e4b7597a8204d1) Importer(2089858483,0ecaa5967403d082aa24f35e1b516d23)
Start importing Assets/Course Library/Fonts/Baloo_Chettan/BalooChettan-Regular.ttf using Guid(1de092811748445db9e4b7597a8204d1) Importer(2089858483,0ecaa5967403d082aa24f35e1b516d23) [PhysX] Initialized MultithreadedTaskDispatcher with 8 workers.
 -> (artifact id: '23d5aebe2e2358ac57be28465c632538') in 0.009339 seconds
Number of updated asset objects reloaded before import = 0
Number of asset objects unloaded after import = 3
========================================================================
Received Import Request.
  Time since last request: 0.004149 seconds.
  path: Assets/Course Library/Fonts/Baloo_Chettan/BalooChettan-Regular SDF.asset
  artifactKey: Guid(31706cb8c8e1e4d99bb4d0a39c952ca2) Importer(2089858483,0ecaa5967403d082aa24f35e1b516d23)
Start importing Assets/Course Library/Fonts/Baloo_Chettan/BalooChettan-Regular SDF.asset using Guid(31706cb8c8e1e4d99bb4d0a39c952ca2) Importer(2089858483,0ecaa5967403d082aa24f35e1b516d23) [PhysX] Initialized MultithreadedTaskDispatcher with 8 workers.
 -> (artifact id: '5cf5c9d3fcd6583f59d37897871c6295') in 0.016606 seconds
Number of updated asset objects reloaded before import = 0
Number of asset objects unloaded after import = 3
========================================================================
Received Import Request.
  Time since last request: 0.000569 seconds.
  path: Assets/Course Library/Characters/Town/SimplePeople_Man_Business_Brown.prefab
  artifactKey: Guid(c14bb5ce28dbb7442a2f79d8b6a061ce) Importer(2089858483,0ecaa5967403d082aa24f35e1b516d23)
Start importing Assets/Course Library/Characters/Town/SimplePeople_Man_Business_Brown.prefab using Guid(c14bb5ce28dbb7442a2f79d8b6a061ce) Importer(2089858483,0ecaa5967403d082aa24f35e1b516d23) [PhysX] Initialized MultithreadedTaskDispatcher with 8 workers.
 -> (artifact id: '06fd693e341086215815596f3fdc4c62') in 0.013425 seconds
Number of updated asset objects reloaded before import = 0
Number of asset objects unloaded after import = 400
========================================================================
Received Import Request.
  Time since last request: 0.001845 seconds.
  path: Assets/Course Library/Characters/Town/SimplePeople_Woman_Waitress_White.prefab
  artifactKey: Guid(fe520ce6663e67348a964bf7b4318e26) Importer(2089858483,0ecaa5967403d082aa24f35e1b516d23)
Start importing Assets/Course Library/Characters/Town/SimplePeople_Woman_Waitress_White.prefab using Guid(fe520ce6663e67348a964bf7b4318e26) Importer(2089858483,0ecaa5967403d082aa24f35e1b516d23) [PhysX] Initialized MultithreadedTaskDispatcher with 8 workers.
 -> (artifact id: '93de9410178202b3d6287d1c4c1e69d3') in 0.024157 seconds
Number of updated asset objects reloaded before import = 0
Number of asset objects unloaded after import = 400
========================================================================
Received Import Request.
  Time since last request: 0.000317 seconds.
  path: Assets/Course Library/Environments/Backgrounds/Background_Town.png
  artifactKey: Guid(4d32b1211ea4642f6bfbd25e47fd444d) Importer(2089858483,0ecaa5967403d082aa24f35e1b516d23)
Start importing Assets/Course Library/Environments/Backgrounds/Background_Town.png using Guid(4d32b1211ea4642f6bfbd25e47fd444d) Importer(2089858483,0ecaa5967403d082aa24f35e1b516d23) [PhysX] Initialized MultithreadedTaskDispatcher with 8 workers.
 -> (artifact id: '9f4ea52f80033055bb0c6713f7edbf1b') in 0.023668 seconds
Number of updated asset objects reloaded before import = 0
Number of asset objects unloaded after import = 3
========================================================================
Received Import Request.
  Time since last request: 0.001694 seconds.
  path: Assets/Course Library/Characters/Town/SimplePeople_Man_RoadWorker_Brown.prefab
  artifactKey: Guid(70ab0d3e71b54ac4bbd703cb0a686c4d) Importer(2089858483,0ecaa5967403d082aa24f35e1b516d23)
Start importing Assets/Course Library/Characters/Town/SimplePeople_Man_RoadWorker_Brown.prefab using Guid(70ab0d3e71b54ac4bbd703cb0a686c4d) Importer(2089858483,0ecaa5967403d082aa24f35e1b516d23) [PhysX] Initialized MultithreadedTaskDispatcher with 8 workers.
 -> (artifact id: '0571154c1dd2a9ec8bd1e44a5856ac56') in 0.016002 seconds
Number of updated asset objects reloaded before import = 0
Number of asset objects unloaded after import = 400
========================================================================
Received Import Request.
  Time since last request: 0.007355 seconds.
  path: Assets/Course Library/Environments/Sky/Clouds/Cloud_01.prefab
  artifactKey: Guid(09062dc0008857b46aaacdb7206f1453) Importer(2089858483,3d70f49cd1c2eb9ae422958d1c652c6b)
Start importing Assets/Course Library/Environments/Sky/Clouds/Cloud_01.prefab using Guid(09062dc0008857b46aaacdb7206f1453) Importer(2089858483,3d70f49cd1c2eb9ae422958d1c652c6b) [PhysX] Initialized MultithreadedTaskDispatcher with 8 workers.
 -> (artifact id: 'c79cef45cfa2a040286f9478087c41a9') in 0.006412 seconds
Number of updated asset objects reloaded before import = 0
Number of asset objects unloaded after import = 8
========================================================================
Received Import Request.
  Time since last request: 0.002176 seconds.
  path: Assets/Course Library/Environments/Sky/Clouds/Cloud_03.prefab
  artifactKey: Guid(2df72ec125264584faa40cb1beef0481) Importer(2089858483,3d70f49cd1c2eb9ae422958d1c652c6b)
Start importing Assets/Course Library/Environments/Sky/Clouds/Cloud_03.prefab using Guid(2df72ec125264584faa40cb1beef0481) Importer(2089858483,3d70f49cd1c2eb9ae422958d1c652c6b) [PhysX] Initialized MultithreadedTaskDispatcher with 8 workers.
 -> (artifact id: 'a16a851ae39649d7cac7140ffed29fa3') in 0.004899 seconds
Number of updated asset objects reloaded before import = 0
Number of asset objects unloaded after import = 8
========================================================================
Received Import Request.
  Time since last request: 0.001901 seconds.
  path: Assets/Course Library/Environments/Sky/Clouds/Cloud_04.prefab
  artifactKey: Guid(420bde364644a314396dc8ed24ee99d6) Importer(2089858483,3d70f49cd1c2eb9ae422958d1c652c6b)
Start importing Assets/Course Library/Environments/Sky/Clouds/Cloud_04.prefab using Guid(420bde364644a314396dc8ed24ee99d6) Importer(2089858483,3d70f49cd1c2eb9ae422958d1c652c6b) [PhysX] Initialized MultithreadedTaskDispatcher with 8 workers.
 -> (artifact id: '1fed2ae06543f94483d332b157e9d205') in 0.003994 seconds
Number of updated asset objects reloaded before import = 0
Number of asset objects unloaded after import = 8
========================================================================
Received Import Request.
  Time since last request: 0.003468 seconds.
  path: Assets/Course Library/Environments/Ground/Ground_Tile_Cube_Flat_01.prefab
  artifactKey: Guid(4b0dd8d9ce8ef2b4ba4212934b7dc629) Importer(2089858483,0ecaa5967403d082aa24f35e1b516d23)
Start importing Assets/Course Library/Environments/Ground/Ground_Tile_Cube_Flat_01.prefab using Guid(4b0dd8d9ce8ef2b4ba4212934b7dc629) Importer(2089858483,0ecaa5967403d082aa24f35e1b516d23) [PhysX] Initialized MultithreadedTaskDispatcher with 8 workers.
 -> (artifact id: 'e2456d3a69032328969eabbb6df6bfd4') in 0.012536 seconds
Number of updated asset objects reloaded before import = 0
Number of asset objects unloaded after import = 8
========================================================================
Received Import Request.
  Time since last request: 0.002142 seconds.
  path: Assets/Course Library/Environments/Backgrounds/Background_City.png
  artifactKey: Guid(3c2fe7a7d21764202adb8200047974e0) Importer(2089858483,0ecaa5967403d082aa24f35e1b516d23)
Start importing Assets/Course Library/Environments/Backgrounds/Background_City.png using Guid(3c2fe7a7d21764202adb8200047974e0) Importer(2089858483,0ecaa5967403d082aa24f35e1b516d23) [PhysX] Initialized MultithreadedTaskDispatcher with 8 workers.
 -> (artifact id: '4878ec5f996202a507e90a4a10886b0e') in 0.012115 seconds
Number of updated asset objects reloaded before import = 0
Number of asset objects unloaded after import = 3
========================================================================
Received Import Request.
  Time since last request: 0.004432 seconds.
  path: Assets/Course Library/Characters/Town/SimplePeople_Man_Punk_Black.prefab
  artifactKey: Guid(fe32ce89f99911a478ea9e6736294382) Importer(2089858483,0ecaa5967403d082aa24f35e1b516d23)
Start importing Assets/Course Library/Characters/Town/SimplePeople_Man_Punk_Black.prefab using Guid(fe32ce89f99911a478ea9e6736294382) Importer(2089858483,0ecaa5967403d082aa24f35e1b516d23) [PhysX] Initialized MultithreadedTaskDispatcher with 8 workers.
 -> (artifact id: '469a482183aedf72679ee7288956e7f7') in 0.019168 seconds
Number of updated asset objects reloaded before import = 0
Number of asset objects unloaded after import = 400
========================================================================
Received Import Request.
  Time since last request: 0.001444 seconds.
  path: Assets/Course Library/Particles/FX_Fireworks_Yellow_Large.prefab
  artifactKey: Guid(0f75f6db4a318f54382e0c98b2226db8) Importer(2089858483,0ecaa5967403d082aa24f35e1b516d23)
Start importing Assets/Course Library/Particles/FX_Fireworks_Yellow_Large.prefab using Guid(0f75f6db4a318f54382e0c98b2226db8) Importer(2089858483,0ecaa5967403d082aa24f35e1b516d23) [PhysX] Initialized MultithreadedTaskDispatcher with 8 workers.
 -> (artifact id: 'd0ed1cf685b2a1113c7d362e2fcc118a') in 0.016915 seconds
Number of updated asset objects reloaded before import = 0
Number of asset objects unloaded after import = 6
========================================================================
Received Import Request.
  Time since last request: 0.002289 seconds.
  path: Assets/Course Library/Objects/Props/Ball_Cricket.prefab
  artifactKey: Guid(98b342dd18e69a346a6594879cc0c5ce) Importer(2089858483,3d70f49cd1c2eb9ae422958d1c652c6b)
Start importing Assets/Course Library/Objects/Props/Ball_Cricket.prefab using Guid(98b342dd18e69a346a6594879cc0c5ce) Importer(2089858483,3d70f49cd1c2eb9ae422958d1c652c6b) [PhysX] Initialized MultithreadedTaskDispatcher with 8 workers.
 -> (artifact id: 'e4a638468853ee9815781bbf1c13c8d8') in 0.003625 seconds
Number of updated asset objects reloaded before import = 0
Number of asset objects unloaded after import = 8
========================================================================
Received Import Request.
  Time since last request: 0.000491 seconds.
  path: Assets/TerrainSampleAssets/Materials/BushDry.asset
  artifactKey: Guid(238ad6ea99d845f498c3a2334f75358a) Importer(2089858483,3d70f49cd1c2eb9ae422958d1c652c6b)
Start importing Assets/TerrainSampleAssets/Materials/BushDry.asset using Guid(238ad6ea99d845f498c3a2334f75358a) Importer(2089858483,3d70f49cd1c2eb9ae422958d1c652c6b) [PhysX] Initialized MultithreadedTaskDispatcher with 8 workers.
 -> (artifact id: '63130ec0b3819b4fc1be5f1366995356') in 0.004045 seconds
Number of updated asset objects reloaded before import = 0
Number of asset objects unloaded after import = 1
========================================================================
Received Import Request.
  Time since last request: 0.000413 seconds.
  path: Assets/Course Library/Animals/Farm/Animal_Chick.prefab
  artifactKey: Guid(c7ca0992ba00761469f731111e56b107) Importer(2089858483,0ecaa5967403d082aa24f35e1b516d23)
Start importing Assets/Course Library/Animals/Farm/Animal_Chick.prefab using Guid(c7ca0992ba00761469f731111e56b107) Importer(2089858483,0ecaa5967403d082aa24f35e1b516d23) [PhysX] Initialized MultithreadedTaskDispatcher with 8 workers.
 -> (artifact id: 'eb7959c73ae6c9d7e994f49e477d8f26') in 0.008027 seconds
Number of updated asset objects reloaded before import = 0
Number of asset objects unloaded after import = 37
========================================================================
Received Import Request.
  Time since last request: 0.003540 seconds.
  path: Assets/Course Library/Animals/Farm/Animal_Cow_White.prefab
  artifactKey: Guid(85de8c5eef336ad48900b2ac3e7bf65d) Importer(2089858483,3d70f49cd1c2eb9ae422958d1c652c6b)
Start importing Assets/Course Library/Animals/Farm/Animal_Cow_White.prefab using Guid(85de8c5eef336ad48900b2ac3e7bf65d) Importer(2089858483,3d70f49cd1c2eb9ae422958d1c652c6b) [PhysX] Initialized MultithreadedTaskDispatcher with 8 workers.
 -> (artifact id: 'cccd992707f83628ce123dd74fb108ec') in 0.008783 seconds
Number of updated asset objects reloaded before import = 0
Number of asset objects unloaded after import = 112
========================================================================
Received Import Request.
  Time since last request: 0.000128 seconds.
  path: Assets/Scenes/My Game.unity
  artifactKey: Guid(9fc0d4010bbf28b4594072e72b8655ab) Importer(2089858483,0ecaa5967403d082aa24f35e1b516d23)
Start importing Assets/Scenes/My Game.unity using Guid(9fc0d4010bbf28b4594072e72b8655ab) Importer(2089858483,0ecaa5967403d082aa24f35e1b516d23) [PhysX] Initialized MultithreadedTaskDispatcher with 8 workers.
 -> (artifact id: 'da866d3153243355af85362a29fc0e8a') in 0.001482 seconds
Number of updated asset objects reloaded before import = 0
Number of asset objects unloaded after import = 1
========================================================================
Received Import Request.
  Time since last request: 0.000372 seconds.
  path: Assets/TerrainSampleAssets/TerrainBrushes/Terrainstamp_Mountain03_Brush.brush
  artifactKey: Guid(f11a285f166a0f6499471bc2b3deaefb) Importer(2089858483,0ecaa5967403d082aa24f35e1b516d23)
Start importing Assets/TerrainSampleAssets/TerrainBrushes/Terrainstamp_Mountain03_Brush.brush using Guid(f11a285f166a0f6499471bc2b3deaefb) Importer(2089858483,0ecaa5967403d082aa24f35e1b516d23) [PhysX] Initialized MultithreadedTaskDispatcher with 8 workers.
 -> (artifact id: '6b5fd1ed2d50add80113ec48947c859b') in 0.005214 seconds
Number of updated asset objects reloaded before import = 0
Number of asset objects unloaded after import = 2
========================================================================
Received Import Request.
  Time since last request: 0.000519 seconds.
  path: Assets/TerrainSampleAssets/Materials/Grass.asset
  artifactKey: Guid(fc123ab8f2eb56945b5849155624e2c0) Importer(2089858483,3d70f49cd1c2eb9ae422958d1c652c6b)
Start importing Assets/TerrainSampleAssets/Materials/Grass.asset using Guid(fc123ab8f2eb56945b5849155624e2c0) Importer(2089858483,3d70f49cd1c2eb9ae422958d1c652c6b) [PhysX] Initialized MultithreadedTaskDispatcher with 8 workers.
 -> (artifact id: '0e4628fe617069e8853e88ec7f18c004') in 0.002638 seconds
Number of updated asset objects reloaded before import = 0
Number of asset objects unloaded after import = 1
========================================================================
Received Import Request.
  Time since last request: 0.000637 seconds.
  path: Assets/Course Library/Particles/FX_Dust_Prefab_02.prefab
  artifactKey: Guid(cd427f0dc853ec74a9ba1c5ff0e48ca2) Importer(2089858483,0ecaa5967403d082aa24f35e1b516d23)
Start importing Assets/Course Library/Particles/FX_Dust_Prefab_02.prefab using Guid(cd427f0dc853ec74a9ba1c5ff0e48ca2) Importer(2089858483,0ecaa5967403d082aa24f35e1b516d23) [PhysX] Initialized MultithreadedTaskDispatcher with 8 workers.
 -> (artifact id: '0d58681729d3860e753acae4f6555c6c') in 0.041632 seconds
Number of updated asset objects reloaded before import = 0
Number of asset objects unloaded after import = 6
========================================================================
Received Import Request.
  Time since last request: 0.007666 seconds.
  path: Assets/TerrainSampleAssets/Prefabs/Bush_A.prefab
  artifactKey: Guid(0ec1c69bd47ad864f96cc2b516f6cd4b) Importer(2089858483,0ecaa5967403d082aa24f35e1b516d23)
Start importing Assets/TerrainSampleAssets/Prefabs/Bush_A.prefab using Guid(0ec1c69bd47ad864f96cc2b516f6cd4b) Importer(2089858483,0ecaa5967403d082aa24f35e1b516d23) [PhysX] Initialized MultithreadedTaskDispatcher with 8 workers.
 -> (artifact id: '2aa49d3338065deb1cf2208a4aaf3ace') in 0.005579 seconds
Number of updated asset objects reloaded before import = 0
Number of asset objects unloaded after import = 7
========================================================================
Received Import Request.
  Time since last request: 0.000235 seconds.
  path: Assets/Course Library/Animals/Forest/Animal_Fox_02.prefab
  artifactKey: Guid(d08ba223a91fb3440afcbed27fafa936) Importer(2089858483,0ecaa5967403d082aa24f35e1b516d23)
Start importing Assets/Course Library/Animals/Forest/Animal_Fox_02.prefab using Guid(d08ba223a91fb3440afcbed27fafa936) Importer(2089858483,0ecaa5967403d082aa24f35e1b516d23) [PhysX] Initialized MultithreadedTaskDispatcher with 8 workers.
 -> (artifact id: '128b4f50a839919593c18ada1bcf0882') in 0.004903 seconds
Number of updated asset objects reloaded before import = 0
Number of asset objects unloaded after import = 65
========================================================================
Received Import Request.
  Time since last request: 0.000031 seconds.
  path: Assets/Course Library/Characters/Town/SimplePeople_Man_Punk_Brown.prefab
  artifactKey: Guid(4a7c3ad7168bb834b87a91e3f94ad3d6) Importer(2089858483,3d70f49cd1c2eb9ae422958d1c652c6b)
Start importing Assets/Course Library/Characters/Town/SimplePeople_Man_Punk_Brown.prefab using Guid(4a7c3ad7168bb834b87a91e3f94ad3d6) Importer(2089858483,3d70f49cd1c2eb9ae422958d1c652c6b) [PhysX] Initialized MultithreadedTaskDispatcher with 8 workers.
 -> (artifact id: '492c7264542343621b9d4da377d68b01') in 0.008894 seconds
Number of updated asset objects reloaded before import = 0
Number of asset objects unloaded after import = 99
========================================================================
Received Import Request.
  Time since last request: 0.005109 seconds.
  path: Assets/Course Library/Animals/Forest/Animal_Stag_01.prefab
  artifactKey: Guid(ff249e9534924c744bdfa6a3d2d1746c) Importer(2089858483,3d70f49cd1c2eb9ae422958d1c652c6b)
Start importing Assets/Course Library/Animals/Forest/Animal_Stag_01.prefab using Guid(ff249e9534924c744bdfa6a3d2d1746c) Importer(2089858483,3d70f49cd1c2eb9ae422958d1c652c6b) [PhysX] Initialized MultithreadedTaskDispatcher with 8 workers.
 -> (artifact id: '76d2325e9a2019845bddfdbf180826e5') in 0.006708 seconds
Number of updated asset objects reloaded before import = 0
Number of asset objects unloaded after import = 46
========================================================================
Received Import Request.
  Time since last request: 0.000989 seconds.
  path: Assets/Course Library/Audio/Music/cron_audio_8-bit_modern01.ogg
  artifactKey: Guid(27404163c8cfe425e8e26c911c1acde2) Importer(2089858483,0ecaa5967403d082aa24f35e1b516d23)
Start importing Assets/Course Library/Audio/Music/cron_audio_8-bit_modern01.ogg using Guid(27404163c8cfe425e8e26c911c1acde2) Importer(2089858483,0ecaa5967403d082aa24f35e1b516d23) [PhysX] Initialized MultithreadedTaskDispatcher with 8 workers.
 -> (artifact id: '4331c656b3b5dfb008574cec04fb677c') in 0.074162 seconds
Number of updated asset objects reloaded before import = 0
Number of asset objects unloaded after import = 1
========================================================================
Received Import Request.
  Time since last request: 0.000050 seconds.
  path: Assets/Course Library/Fonts/Roboto/Roboto-Regular.ttf
  artifactKey: Guid(c24dc1a356ac9499b9924f6810888b8f) Importer(2089858483,0ecaa5967403d082aa24f35e1b516d23)
Start importing Assets/Course Library/Fonts/Roboto/Roboto-Regular.ttf using Guid(c24dc1a356ac9499b9924f6810888b8f) Importer(2089858483,0ecaa5967403d082aa24f35e1b516d23) [PhysX] Initialized MultithreadedTaskDispatcher with 8 workers.
 -> (artifact id: '38e00d27f15a5fc022be64591decc97e') in 0.003926 seconds
Number of updated asset objects reloaded before import = 0
Number of asset objects unloaded after import = 3
========================================================================
Received Import Request.
  Time since last request: 0.000268 seconds.
  path: Assets/Course Library/Objects/Indicators/SelectionRing_02.prefab
  artifactKey: Guid(923deea38dc6a8843b15db7638919c1e) Importer(2089858483,0ecaa5967403d082aa24f35e1b516d23)
Start importing Assets/Course Library/Objects/Indicators/SelectionRing_02.prefab using Guid(923deea38dc6a8843b15db7638919c1e) Importer(2089858483,0ecaa5967403d082aa24f35e1b516d23) [PhysX] Initialized MultithreadedTaskDispatcher with 8 workers.
 -> (artifact id: '174497ba68b65567d6f6d681ff24536b') in 0.003064 seconds
Number of updated asset objects reloaded before import = 0
Number of asset objects unloaded after import = 7
========================================================================
Received Import Request.
  Time since last request: 0.000309 seconds.
  path: Assets/Course Library/Objects/Indicators/SelectionRing_06.prefab
  artifactKey: Guid(11a653b9169986c4f9436a3002fb4516) Importer(2089858483,0ecaa5967403d082aa24f35e1b516d23)
Start importing Assets/Course Library/Objects/Indicators/SelectionRing_06.prefab using Guid(11a653b9169986c4f9436a3002fb4516) Importer(2089858483,0ecaa5967403d082aa24f35e1b516d23) [PhysX] Initialized MultithreadedTaskDispatcher with 8 workers.
 -> (artifact id: '38167f18cc3b966690ff660bb31a28e6') in 0.005811 seconds
Number of updated asset objects reloaded before import = 0
Number of asset objects unloaded after import = 7
========================================================================
Received Import Request.
  Time since last request: 0.000217 seconds.
  path: Assets/Course Library/Fonts/Oswald/Oswald-Regular SDF.asset
  artifactKey: Guid(570821af6fea44af1be9861c4a496950) Importer(2089858483,0ecaa5967403d082aa24f35e1b516d23)
Start importing Assets/Course Library/Fonts/Oswald/Oswald-Regular SDF.asset using Guid(570821af6fea44af1be9861c4a496950) Importer(2089858483,0ecaa5967403d082aa24f35e1b516d23) [PhysX] Initialized MultithreadedTaskDispatcher with 8 workers.
 -> (artifact id: 'afae5297fbb72cb4dafacf10fde63b96') in 0.013604 seconds
Number of updated asset objects reloaded before import = 0
Number of asset objects unloaded after import = 3
========================================================================
Received Import Request.
  Time since last request: 0.000471 seconds.
  path: Assets/Course Library/Objects/Obstacles/Crate_01.prefab
  artifactKey: Guid(71782582b9d2cac4cba5251a3b767d13) Importer(2089858483,0ecaa5967403d082aa24f35e1b516d23)
Start importing Assets/Course Library/Objects/Obstacles/Crate_01.prefab using Guid(71782582b9d2cac4cba5251a3b767d13) Importer(2089858483,0ecaa5967403d082aa24f35e1b516d23) [PhysX] Initialized MultithreadedTaskDispatcher with 8 workers.
 -> (artifact id: '086abe8f28330d1dc9856c168eeea6eb') in 0.004122 seconds
Number of updated asset objects reloaded before import = 0
Number of asset objects unloaded after import = 7
========================================================================
Received Import Request.
  Time since last request: 0.004166 seconds.
  path: Assets/Course Library/Fonts/Oswald/Oswald-Regular.ttf
  artifactKey: Guid(4614df9ec815a45a08f109d32722f99f) Importer(2089858483,0ecaa5967403d082aa24f35e1b516d23)
Start importing Assets/Course Library/Fonts/Oswald/Oswald-Regular.ttf using Guid(4614df9ec815a45a08f109d32722f99f) Importer(2089858483,0ecaa5967403d082aa24f35e1b516d23) [PhysX] Initialized MultithreadedTaskDispatcher with 8 workers.
 -> (artifact id: '7b028d2e1732c5105e1339714675140c') in 0.007364 seconds
Number of updated asset objects reloaded before import = 0
Number of asset objects unloaded after import = 3
========================================================================
Received Import Request.
  Time since last request: 0.007895 seconds.
  path: Assets/Course Library/Objects/Obstacles/Prop_Barrier03.prefab
  artifactKey: Guid(84a102c1bf03d0a43bd4b342185c2811) Importer(2089858483,0ecaa5967403d082aa24f35e1b516d23)
Start importing Assets/Course Library/Objects/Obstacles/Prop_Barrier03.prefab using Guid(84a102c1bf03d0a43bd4b342185c2811) Importer(2089858483,0ecaa5967403d082aa24f35e1b516d23) [PhysX] Initialized MultithreadedTaskDispatcher with 8 workers.
 -> (artifact id: '5e1eeb7d7aee6a0bb216000df3fce005') in 0.003302 seconds
Number of updated asset objects reloaded before import = 0
Number of asset objects unloaded after import = 9
========================================================================
Received Import Request.
  Time since last request: 0.003143 seconds.
  path: Assets/Course Library/Fonts/Indie_Flower/IndieFlower.ttf
  artifactKey: Guid(1e2dedf0209f94b3a970377b23a013a9) Importer(2089858483,0ecaa5967403d082aa24f35e1b516d23)
Start importing Assets/Course Library/Fonts/Indie_Flower/IndieFlower.ttf using Guid(1e2dedf0209f94b3a970377b23a013a9) Importer(2089858483,0ecaa5967403d082aa24f35e1b516d23) [PhysX] Initialized MultithreadedTaskDispatcher with 8 workers.
 -> (artifact id: '89c68a45fa471368d8c6047b708543c9') in 0.004552 seconds
Number of updated asset objects reloaded before import = 0
Number of asset objects unloaded after import = 3
========================================================================
Received Import Request.
  Time since last request: 0.007392 seconds.
  path: Assets/Course Library/Objects/Food/Food_Fish_Cooked.prefab
  artifactKey: Guid(245ebd2bf811d4f45a1d5dcd8c327131) Importer(2089858483,0ecaa5967403d082aa24f35e1b516d23)
Start importing Assets/Course Library/Objects/Food/Food_Fish_Cooked.prefab using Guid(245ebd2bf811d4f45a1d5dcd8c327131) Importer(2089858483,0ecaa5967403d082aa24f35e1b516d23) [PhysX] Initialized MultithreadedTaskDispatcher with 8 workers.
 -> (artifact id: 'd9acc6e9539f3dec1649d4ca2349a96e') in 0.003577 seconds
Number of updated asset objects reloaded before import = 0
Number of asset objects unloaded after import = 7
========================================================================
Received Import Request.
  Time since last request: 0.001153 seconds.
  path: Assets/Course Library/Objects/Obstacles/Barrel_01.prefab
  artifactKey: Guid(95927758d3a4cef4ba6c4318f06876fd) Importer(2089858483,0ecaa5967403d082aa24f35e1b516d23)
Start importing Assets/Course Library/Objects/Obstacles/Barrel_01.prefab using Guid(95927758d3a4cef4ba6c4318f06876fd) Importer(2089858483,0ecaa5967403d082aa24f35e1b516d23) [PhysX] Initialized MultithreadedTaskDispatcher with 8 workers.
 -> (artifact id: '6d83485a36ffde4af400e3350b4e893c') in 0.005586 seconds
Number of updated asset objects reloaded before import = 0
Number of asset objects unloaded after import = 7
========================================================================
Received Import Request.
  Time since last request: 0.000213 seconds.
  path: Assets/Course Library/Objects/Obstacles/Prop_Barrier02.prefab
  artifactKey: Guid(367149bd17c4d4d4e8868ec6a5cf8d45) Importer(2089858483,0ecaa5967403d082aa24f35e1b516d23)
Start importing Assets/Course Library/Objects/Obstacles/Prop_Barrier02.prefab using Guid(367149bd17c4d4d4e8868ec6a5cf8d45) Importer(2089858483,0ecaa5967403d082aa24f35e1b516d23) [PhysX] Initialized MultithreadedTaskDispatcher with 8 workers.
 -> (artifact id: 'e295f3a377caef58fed8aa3c094a6cd9') in 0.002439 seconds
Number of updated asset objects reloaded before import = 0
Number of asset objects unloaded after import = 9
========================================================================
Received Import Request.
  Time since last request: 0.000157 seconds.
  path: Assets/Course Library/Objects/Obstacles/Prop_BouyLarge_01.prefab
  artifactKey: Guid(7fd142260cfad7143a49c736573e6fc9) Importer(2089858483,0ecaa5967403d082aa24f35e1b516d23)
Start importing Assets/Course Library/Objects/Obstacles/Prop_BouyLarge_01.prefab using Guid(7fd142260cfad7143a49c736573e6fc9) Importer(2089858483,0ecaa5967403d082aa24f35e1b516d23) [PhysX] Initialized MultithreadedTaskDispatcher with 8 workers.
 -> (artifact id: 'f36cf11a6dd739f22a23cfb0625c0c29') in 0.004622 seconds
Number of updated asset objects reloaded before import = 0
Number of asset objects unloaded after import = 7
========================================================================
Received Import Request.
  Time since last request: 0.000517 seconds.
  path: Assets/Course Library/Objects/Food/Food_Sandwich_01.prefab
  artifactKey: Guid(5b10c1fadcedc4347b929c94cb50d5d3) Importer(2089858483,0ecaa5967403d082aa24f35e1b516d23)
Start importing Assets/Course Library/Objects/Food/Food_Sandwich_01.prefab using Guid(5b10c1fadcedc4347b929c94cb50d5d3) Importer(2089858483,0ecaa5967403d082aa24f35e1b516d23) [PhysX] Initialized MultithreadedTaskDispatcher with 8 workers.
 -> (artifact id: 'd5e7dee6cc65d7a245c933b15022d725') in 0.003506 seconds
Number of updated asset objects reloaded before import = 0
Number of asset objects unloaded after import = 7
========================================================================
Received Import Request.
  Time since last request: 0.000122 seconds.
  path: Assets/Course Library/Objects/Indicators/Balloon_01.prefab
  artifactKey: Guid(5e5b016a0cd771740aae0b664476d77d) Importer(2089858483,0ecaa5967403d082aa24f35e1b516d23)
Start importing Assets/Course Library/Objects/Indicators/Balloon_01.prefab using Guid(5e5b016a0cd771740aae0b664476d77d) Importer(2089858483,0ecaa5967403d082aa24f35e1b516d23) [PhysX] Initialized MultithreadedTaskDispatcher with 8 workers.
 -> (artifact id: 'faf00e7039820de6235deef042ddfab1') in 0.003688 seconds
Number of updated asset objects reloaded before import = 0
Number of asset objects unloaded after import = 7
========================================================================
Received Import Request.
  Time since last request: 0.000069 seconds.
  path: Assets/Course Library/Objects/Food/Food_Steak_01.prefab
  artifactKey: Guid(9f063c5e5835cbd4b8dc54a6c0b45db4) Importer(2089858483,0ecaa5967403d082aa24f35e1b516d23)
Start importing Assets/Course Library/Objects/Food/Food_Steak_01.prefab using Guid(9f063c5e5835cbd4b8dc54a6c0b45db4) Importer(2089858483,0ecaa5967403d082aa24f35e1b516d23) [PhysX] Initialized MultithreadedTaskDispatcher with 8 workers.
 -> (artifact id: 'd9be038130b7178b067b371f41296b92') in 0.004736 seconds
Number of updated asset objects reloaded before import = 0
Number of asset objects unloaded after import = 7
========================================================================
Received Import Request.
  Time since last request: 0.000476 seconds.
  path: Assets/Course Library/Objects/Obstacles/Prop_Barrier01.prefab
  artifactKey: Guid(ee7d0c4ddd804dd4e95f705d43c9135e) Importer(2089858483,0ecaa5967403d082aa24f35e1b516d23)
Start importing Assets/Course Library/Objects/Obstacles/Prop_Barrier01.prefab using Guid(ee7d0c4ddd804dd4e95f705d43c9135e) Importer(2089858483,0ecaa5967403d082aa24f35e1b516d23) [PhysX] Initialized MultithreadedTaskDispatcher with 8 workers.
 -> (artifact id: '9f58f94ed6485e9c07eb3e87f0cc70c9') in 0.001924 seconds
Number of updated asset objects reloaded before import = 0
Number of asset objects unloaded after import = 9
========================================================================
Received Import Request.
  Time since last request: 0.003020 seconds.
  path: Assets/Course Library/Objects/Food/Food_Organic_Apple_03.prefab
  artifactKey: Guid(c2f4b43f266dc11439efef86830dafb4) Importer(2089858483,0ecaa5967403d082aa24f35e1b516d23)
Start importing Assets/Course Library/Objects/Food/Food_Organic_Apple_03.prefab using Guid(c2f4b43f266dc11439efef86830dafb4) Importer(2089858483,0ecaa5967403d082aa24f35e1b516d23) [PhysX] Initialized MultithreadedTaskDispatcher with 8 workers.
 -> (artifact id: 'c4a1df0f560ca91428172e30a0d76516') in 0.005263 seconds
Number of updated asset objects reloaded before import = 0
Number of asset objects unloaded after import = 7
========================================================================
Received Import Request.
  Time since last request: 0.000162 seconds.
  path: Assets/Course Library/Objects/Food/Food_Banana_01.prefab
  artifactKey: Guid(84cd279dfc9ea0a4b8564030182915fa) Importer(2089858483,0ecaa5967403d082aa24f35e1b516d23)
Start importing Assets/Course Library/Objects/Food/Food_Banana_01.prefab using Guid(84cd279dfc9ea0a4b8564030182915fa) Importer(2089858483,0ecaa5967403d082aa24f35e1b516d23) [PhysX] Initialized MultithreadedTaskDispatcher with 8 workers.
 -> (artifact id: '284bbfe407c96bd78e47801a099efd4d') in 0.004223 seconds
Number of updated asset objects reloaded before import = 0
Number of asset objects unloaded after import = 7
========================================================================
Received Import Request.
  Time since last request: 0.003704 seconds.
  path: Assets/Course Library/Animals/Dogs/Dog_BorderCollie_01.prefab
  artifactKey: Guid(d3273ee892cdcf749a22b49daf393a91) Importer(2089858483,3d70f49cd1c2eb9ae422958d1c652c6b)
Start importing Assets/Course Library/Animals/Dogs/Dog_BorderCollie_01.prefab using Guid(d3273ee892cdcf749a22b49daf393a91) Importer(2089858483,3d70f49cd1c2eb9ae422958d1c652c6b) [PhysX] Initialized MultithreadedTaskDispatcher with 8 workers.
 -> (artifact id: 'ddd1e8297932bfacedc8d0dbe7c840b3') in 0.020464 seconds
Number of updated asset objects reloaded before import = 0
Number of asset objects unloaded after import = 244
========================================================================
Received Import Request.
  Time since last request: 0.008666 seconds.
  path: Assets/Course Library/Objects/Food/Food_EnergyCan_01.prefab
  artifactKey: Guid(f9125fa89572f1e40bb082978a85b951) Importer(2089858483,3d70f49cd1c2eb9ae422958d1c652c6b)
Start importing Assets/Course Library/Objects/Food/Food_EnergyCan_01.prefab using Guid(f9125fa89572f1e40bb082978a85b951) Importer(2089858483,3d70f49cd1c2eb9ae422958d1c652c6b) [PhysX] Initialized MultithreadedTaskDispatcher with 8 workers.
 -> (artifact id: '0b4deeab2928d1e9315c1799ed2d7ecb') in 0.004271 seconds
Number of updated asset objects reloaded before import = 0
Number of asset objects unloaded after import = 8
========================================================================
Received Import Request.
  Time since last request: 0.004208 seconds.
  path: Assets/Course Library/Fonts/Oswald/Oswald-Regular SDF.asset
  artifactKey: Guid(570821af6fea44af1be9861c4a496950) Importer(2089858483,3d70f49cd1c2eb9ae422958d1c652c6b)
Start importing Assets/Course Library/Fonts/Oswald/Oswald-Regular SDF.asset using Guid(570821af6fea44af1be9861c4a496950) Importer(2089858483,3d70f49cd1c2eb9ae422958d1c652c6b) [PhysX] Initialized MultithreadedTaskDispatcher with 8 workers.
 -> (artifact id: '47dd84cc4168fe8ddc029d9dd16952d5') in 0.006970 seconds
Number of updated asset objects reloaded before import = 0
Number of asset objects unloaded after import = 2
========================================================================
Received Import Request.
  Time since last request: 0.002943 seconds.
  path: Assets/Course Library/Animals/Farm/Animal_Chicken_White.prefab
  artifactKey: Guid(9bf484c5ec3d3bf43b2034c829f1abbe) Importer(2089858483,3d70f49cd1c2eb9ae422958d1c652c6b)
Start importing Assets/Course Library/Animals/Farm/Animal_Chicken_White.prefab using Guid(9bf484c5ec3d3bf43b2034c829f1abbe) Importer(2089858483,3d70f49cd1c2eb9ae422958d1c652c6b) [PhysX] Initialized MultithreadedTaskDispatcher with 8 workers.
 -> (artifact id: '1893ebf43d7ce8d9df0148080d9ca8d4') in 0.007487 seconds
Number of updated asset objects reloaded before import = 0
Number of asset objects unloaded after import = 72
========================================================================
Received Import Request.
  Time since last request: 0.004882 seconds.
  path: Assets/Course Library/Objects/Obstacles/Prop_Barrier03.prefab
  artifactKey: Guid(84a102c1bf03d0a43bd4b342185c2811) Importer(2089858483,3d70f49cd1c2eb9ae422958d1c652c6b)
Start importing Assets/Course Library/Objects/Obstacles/Prop_Barrier03.prefab using Guid(84a102c1bf03d0a43bd4b342185c2811) Importer(2089858483,3d70f49cd1c2eb9ae422958d1c652c6b) [PhysX] Initialized MultithreadedTaskDispatcher with 8 workers.
 -> (artifact id: '0a65e1ce4d7880d37c281df428a49055') in 0.001829 seconds
Number of updated asset objects reloaded before import = 0
Number of asset objects unloaded after import = 10
========================================================================
Received Import Request.
  Time since last request: 0.000537 seconds.
  path: Assets/Course Library/Objects/Food/Food_Sandwich_01.prefab
  artifactKey: Guid(5b10c1fadcedc4347b929c94cb50d5d3) Importer(2089858483,3d70f49cd1c2eb9ae422958d1c652c6b)
Start importing Assets/Course Library/Objects/Food/Food_Sandwich_01.prefab using Guid(5b10c1fadcedc4347b929c94cb50d5d3) Importer(2089858483,3d70f49cd1c2eb9ae422958d1c652c6b) [PhysX] Initialized MultithreadedTaskDispatcher with 8 workers.
 -> (artifact id: 'd030ee3daa61e8edd932399e53bfb0e2') in 0.001837 seconds
Number of updated asset objects reloaded before import = 0
Number of asset objects unloaded after import = 8
========================================================================
Received Import Request.
  Time since last request: 0.001136 seconds.
  path: Assets/Course Library/Objects/Props/Ball_Soccer_01.prefab
  artifactKey: Guid(c771dc487345feb4aa9946a24d7d7713) Importer(2089858483,3d70f49cd1c2eb9ae422958d1c652c6b)
Start importing Assets/Course Library/Objects/Props/Ball_Soccer_01.prefab using Guid(c771dc487345feb4aa9946a24d7d7713) Importer(2089858483,3d70f49cd1c2eb9ae422958d1c652c6b) [PhysX] Initialized MultithreadedTaskDispatcher with 8 workers.
 -> (artifact id: '16735cdd7dc23634f72ed1c87a5e068f') in 0.003185 seconds
Number of updated asset objects reloaded before import = 0
Number of asset objects unloaded after import = 8
========================================================================
Received Import Request.
  Time since last request: 0.000561 seconds.
  path: Assets/TerrainSampleAssets/Materials/Bush.asset
  artifactKey: Guid(a48ad8aadb27f004390383c89862e6f3) Importer(2089858483,3d70f49cd1c2eb9ae422958d1c652c6b)
Start importing Assets/TerrainSampleAssets/Materials/Bush.asset using Guid(a48ad8aadb27f004390383c89862e6f3) Importer(2089858483,3d70f49cd1c2eb9ae422958d1c652c6b) [PhysX] Initialized MultithreadedTaskDispatcher with 8 workers.
 -> (artifact id: '90d67f32a786cbcf3064d751bf4363fe') in 0.002896 seconds
Number of updated asset objects reloaded before import = 0
Number of asset objects unloaded after import = 1
========================================================================
Received Import Request.
  Time since last request: 0.001055 seconds.
  path: Assets/Course Library/Animals/Forest/Animal_Doe_01.prefab
  artifactKey: Guid(06aceaf909fec8f4081af49b1eea892e) Importer(2089858483,0ecaa5967403d082aa24f35e1b516d23)
Start importing Assets/Course Library/Animals/Forest/Animal_Doe_01.prefab using Guid(06aceaf909fec8f4081af49b1eea892e) Importer(2089858483,0ecaa5967403d082aa24f35e1b516d23) [PhysX] Initialized MultithreadedTaskDispatcher with 8 workers.
 -> (artifact id: 'f9470abf3453fb85a6953cbc4cdc7e01') in 0.013135 seconds
Number of updated asset objects reloaded before import = 0
Number of asset objects unloaded after import = 57
========================================================================
Received Import Request.
  Time since last request: 0.002389 seconds.
  path: Assets/Course Library/Fonts/Indie_Flower/IndieFlower SDF.asset
  artifactKey: Guid(8abe1e37fe7bf433896970245b936749) Importer(2089858483,3d70f49cd1c2eb9ae422958d1c652c6b)
Start importing Assets/Course Library/Fonts/Indie_Flower/IndieFlower SDF.asset using Guid(8abe1e37fe7bf433896970245b936749) Importer(2089858483,3d70f49cd1c2eb9ae422958d1c652c6b) [PhysX] Initialized MultithreadedTaskDispatcher with 8 workers.
 -> (artifact id: 'ab3aee72bd2648c4ada8aa1388222041') in 0.003993 seconds
Number of updated asset objects reloaded before import = 0
Number of asset objects unloaded after import = 2
========================================================================
Received Import Request.
  Time since last request: 0.005593 seconds.
  path: Assets/TerrainSampleAssets/Models/Plant_B.asset
  artifactKey: Guid(97025d35e5b57294f92451cbaf836c12) Importer(2089858483,0ecaa5967403d082aa24f35e1b516d23)
Start importing Assets/TerrainSampleAssets/Models/Plant_B.asset using Guid(97025d35e5b57294f92451cbaf836c12) Importer(2089858483,0ecaa5967403d082aa24f35e1b516d23) [PhysX] Initialized MultithreadedTaskDispatcher with 8 workers.
 -> (artifact id: '2b5e917403c65146c90dba6e593388da') in 0.001695 seconds
Number of updated asset objects reloaded before import = 0
Number of asset objects unloaded after import = 1
========================================================================
Received Import Request.
  Time since last request: 0.001693 seconds.
  path: Assets/TerrainSampleAssets/TerrainBrushes/Terrainstamp_Ridge02_Brush.brush
  artifactKey: Guid(5203e2a4f3ccc3548bde5beb3ca4bdc2) Importer(2089858483,0ecaa5967403d082aa24f35e1b516d23)
Start importing Assets/TerrainSampleAssets/TerrainBrushes/Terrainstamp_Ridge02_Brush.brush using Guid(5203e2a4f3ccc3548bde5beb3ca4bdc2) Importer(2089858483,0ecaa5967403d082aa24f35e1b516d23) [PhysX] Initialized MultithreadedTaskDispatcher with 8 workers.
 -> (artifact id: 'dea9926b1bf0819e792b9d19375505ad') in 0.013791 seconds
Number of updated asset objects reloaded before import = 0
Number of asset objects unloaded after import = 2
========================================================================
Received Import Request.
  Time since last request: 0.001354 seconds.
  path: Assets/Course Library/Characters/Farm/SimpleFarmer_Woman_02_Brown.prefab
  artifactKey: Guid(610afbb40c4385d42aa33adfe3531f0a) Importer(2089858483,0ecaa5967403d082aa24f35e1b516d23)
Start importing Assets/Course Library/Characters/Farm/SimpleFarmer_Woman_02_Brown.prefab using Guid(610afbb40c4385d42aa33adfe3531f0a) Importer(2089858483,0ecaa5967403d082aa24f35e1b516d23) [PhysX] Initialized MultithreadedTaskDispatcher with 8 workers.
 -> (artifact id: '7c825ab3c8cb22ef838a448da9d7a3d7') in 0.016933 seconds
Number of updated asset objects reloaded before import = 0
Number of asset objects unloaded after import = 348
========================================================================
Received Import Request.
  Time since last request: 0.000078 seconds.
  path: Assets/TutorialInfo/Icons/URP.png
  artifactKey: Guid(727a75301c3d24613a3ebcec4a24c2c8) Importer(2089858483,0ecaa5967403d082aa24f35e1b516d23)
Start importing Assets/TutorialInfo/Icons/URP.png using Guid(727a75301c3d24613a3ebcec4a24c2c8) Importer(2089858483,0ecaa5967403d082aa24f35e1b516d23) [PhysX] Initialized MultithreadedTaskDispatcher with 8 workers.
 -> (artifact id: '994733d4a9ec85f4686c8f1852ec2bb8') in 0.005968 seconds
Number of updated asset objects reloaded before import = 0
Number of asset objects unloaded after import = 1
========================================================================
Received Import Request.
  Time since last request: 0.000265 seconds.
  path: Assets/TerrainSampleAssets/TerrainBrushes/Noise_Soft_Brush.brush
  artifactKey: Guid(cee96a2661edd1040b6f86ac79ab5fc8) Importer(2089858483,0ecaa5967403d082aa24f35e1b516d23)
Start importing Assets/TerrainSampleAssets/TerrainBrushes/Noise_Soft_Brush.brush using Guid(cee96a2661edd1040b6f86ac79ab5fc8) Importer(2089858483,0ecaa5967403d082aa24f35e1b516d23) [PhysX] Initialized MultithreadedTaskDispatcher with 8 workers.
 -> (artifact id: '8d3ae85d63d422e6f70e6f02ae7be5f7') in 0.007027 seconds
Number of updated asset objects reloaded before import = 0
Number of asset objects unloaded after import = 2
========================================================================
Received Import Request.
  Time since last request: 0.002682 seconds.
  path: Assets/Course Library/Characters/Town/SimplePeople_Man_RoadWorker_Brown.prefab
  artifactKey: Guid(70ab0d3e71b54ac4bbd703cb0a686c4d) Importer(2089858483,3d70f49cd1c2eb9ae422958d1c652c6b)
Start importing Assets/Course Library/Characters/Town/SimplePeople_Man_RoadWorker_Brown.prefab using Guid(70ab0d3e71b54ac4bbd703cb0a686c4d) Importer(2089858483,3d70f49cd1c2eb9ae422958d1c652c6b) [PhysX] Initialized MultithreadedTaskDispatcher with 8 workers.
 -> (artifact id: 'aa4beea6977189b9bb5a37ea9d896ae6') in 0.009332 seconds
Number of updated asset objects reloaded before import = 0
Number of asset objects unloaded after import = 99
========================================================================
Received Import Request.
  Time since last request: 0.000859 seconds.
  path: Assets/TerrainSampleAssets/Materials/GrassDry.asset
  artifactKey: Guid(0cf15945abe04ad4589592fd3bfcd17b) Importer(2089858483,3d70f49cd1c2eb9ae422958d1c652c6b)
Start importing Assets/TerrainSampleAssets/Materials/GrassDry.asset using Guid(0cf15945abe04ad4589592fd3bfcd17b) Importer(2089858483,3d70f49cd1c2eb9ae422958d1c652c6b) [PhysX] Initialized MultithreadedTaskDispatcher with 8 workers.
 -> (artifact id: 'ff919794ad1ade19dc5c409c0a81bdb7') in 0.003964 seconds
Number of updated asset objects reloaded before import = 0
Number of asset objects unloaded after import = 1
========================================================================
Received Import Request.
  Time since last request: 0.001384 seconds.
  path: Assets/TerrainSampleAssets/Materials/Fern.asset
  artifactKey: Guid(405b9ff318b139d478492b258cc6f606) Importer(2089858483,3d70f49cd1c2eb9ae422958d1c652c6b)
Start importing Assets/TerrainSampleAssets/Materials/Fern.asset using Guid(405b9ff318b139d478492b258cc6f606) Importer(2089858483,3d70f49cd1c2eb9ae422958d1c652c6b) [PhysX] Initialized MultithreadedTaskDispatcher with 8 workers.
 -> (artifact id: '4d8fc084bd86fec8f9b223aa3de83b9c') in 0.002480 seconds
Number of updated asset objects reloaded before import = 0
Number of asset objects unloaded after import = 1
========================================================================
Received Import Request.
  Time since last request: 0.000671 seconds.
  path: Assets/Course Library/Objects/Obstacles/Prop_Spool_02.prefab
  artifactKey: Guid(3daef342e8f3f9548b04424eac7d4d0d) Importer(2089858483,0ecaa5967403d082aa24f35e1b516d23)
Start importing Assets/Course Library/Objects/Obstacles/Prop_Spool_02.prefab using Guid(3daef342e8f3f9548b04424eac7d4d0d) Importer(2089858483,0ecaa5967403d082aa24f35e1b516d23) [PhysX] Initialized MultithreadedTaskDispatcher with 8 workers.
 -> (artifact id: 'c66236db79f3c873a7ac5f653ce02757') in 0.004540 seconds
Number of updated asset objects reloaded before import = 0
Number of asset objects unloaded after import = 7
========================================================================
Received Import Request.
  Time since last request: 0.000427 seconds.
  path: Assets/Course Library/Particles/FX_Dust_Blowing_01.prefab
  artifactKey: Guid(3fd5555088952419ebf0eb82e9096fa5) Importer(2089858483,0ecaa5967403d082aa24f35e1b516d23)
Start importing Assets/Course Library/Particles/FX_Dust_Blowing_01.prefab using Guid(3fd5555088952419ebf0eb82e9096fa5) Importer(2089858483,0ecaa5967403d082aa24f35e1b516d23) [PhysX] Initialized MultithreadedTaskDispatcher with 8 workers.
 -> (artifact id: '90d4956b17b175b13424f5316912c022') in 0.022208 seconds
Number of updated asset objects reloaded before import = 0
Number of asset objects unloaded after import = 6
========================================================================
Received Import Request.
  Time since last request: 0.001249 seconds.
  path: Assets/TerrainSampleAssets/Models/Fern_C.asset
  artifactKey: Guid(19f3cdde7d5104c4da897ac17045ddfd) Importer(2089858483,0ecaa5967403d082aa24f35e1b516d23)
Start importing Assets/TerrainSampleAssets/Models/Fern_C.asset using Guid(19f3cdde7d5104c4da897ac17045ddfd) Importer(2089858483,0ecaa5967403d082aa24f35e1b516d23) [PhysX] Initialized MultithreadedTaskDispatcher with 8 workers.
 -> (artifact id: '2689700cee81ba5b6d471ead2449cdfa') in 0.001565 seconds
Number of updated asset objects reloaded before import = 0
Number of asset objects unloaded after import = 1
========================================================================
Received Import Request.
  Time since last request: 0.002658 seconds.
  path: Assets/TerrainSampleAssets/TerrainBrushes/Terrainstamp_Ridge01_Brush.brush
  artifactKey: Guid(776f9b3da89f9394cac9a53aab9a5eb5) Importer(2089858483,0ecaa5967403d082aa24f35e1b516d23)
Start importing Assets/TerrainSampleAssets/TerrainBrushes/Terrainstamp_Ridge01_Brush.brush using Guid(776f9b3da89f9394cac9a53aab9a5eb5) Importer(2089858483,0ecaa5967403d082aa24f35e1b516d23) [PhysX] Initialized MultithreadedTaskDispatcher with 8 workers.
 -> (artifact id: '334522e37a2665517b319ffd3515ccd4') in 0.011348 seconds
Number of updated asset objects reloaded before import = 0
Number of asset objects unloaded after import = 2
========================================================================
Received Import Request.
  Time since last request: 0.001140 seconds.
  path: Assets/Course Library/Textures/Abstract/PolygonPrototype_Texture_Grid_02.png
  artifactKey: Guid(6b38ffdcc39b96042a822bb3f490eefd) Importer(2089858483,0ecaa5967403d082aa24f35e1b516d23)
Start importing Assets/Course Library/Textures/Abstract/PolygonPrototype_Texture_Grid_02.png using Guid(6b38ffdcc39b96042a822bb3f490eefd) Importer(2089858483,0ecaa5967403d082aa24f35e1b516d23) [PhysX] Initialized MultithreadedTaskDispatcher with 8 workers.
 -> (artifact id: 'c12e809193f287eb17a1af58c188512f') in 0.006195 seconds
Number of updated asset objects reloaded before import = 0
Number of asset objects unloaded after import = 1
========================================================================
Received Import Request.
  Time since last request: 0.000483 seconds.
  path: Assets/Course Library/_Source_Files/FBX/FX_Lightray.fbx
  artifactKey: Guid(e27c39df43b866b469e491273c885c51) Importer(2089858483,0ecaa5967403d082aa24f35e1b516d23)
Start importing Assets/Course Library/_Source_Files/FBX/FX_Lightray.fbx using Guid(e27c39df43b866b469e491273c885c51) Importer(2089858483,0ecaa5967403d082aa24f35e1b516d23) [PhysX] Initialized MultithreadedTaskDispatcher with 8 workers.
 -> (artifact id: '1c6a72c4ec982d4cf77f77382428a82d') in 0.014724 seconds
Number of updated asset objects reloaded before import = 0
Number of asset objects unloaded after import = 7
========================================================================
Received Import Request.
  Time since last request: 0.005043 seconds.
  path: Assets/Course Library/Vehicles/Cars/Veh_Car_Blue_Z.prefab
  artifactKey: Guid(09082afec7b5e824ca611a0cc3264bcd) Importer(2089858483,0ecaa5967403d082aa24f35e1b516d23)
Start importing Assets/Course Library/Vehicles/Cars/Veh_Car_Blue_Z.prefab using Guid(09082afec7b5e824ca611a0cc3264bcd) Importer(2089858483,0ecaa5967403d082aa24f35e1b516d23) [PhysX] Initialized MultithreadedTaskDispatcher with 8 workers.
 -> (artifact id: '37e829e2ad2e085c2ad4cae5959b6f4e') in 0.002922 seconds
Number of updated asset objects reloaded before import = 0
Number of asset objects unloaded after import = 27
========================================================================
Received Import Request.
  Time since last request: 0.000870 seconds.
  path: Assets/Course Library/Vehicles/Cars/Veh_Ute_Red_Z.prefab
  artifactKey: Guid(70bf34f6c25c948458f254e87188b00b) Importer(2089858483,0ecaa5967403d082aa24f35e1b516d23)
Start importing Assets/Course Library/Vehicles/Cars/Veh_Ute_Red_Z.prefab using Guid(70bf34f6c25c948458f254e87188b00b) Importer(2089858483,0ecaa5967403d082aa24f35e1b516d23) [PhysX] Initialized MultithreadedTaskDispatcher with 8 workers.
 -> (artifact id: '92be2ead1a35bfdc8cca006e9aa3272a') in 0.004888 seconds
Number of updated asset objects reloaded before import = 0
Number of asset objects unloaded after import = 27
========================================================================
Received Import Request.
  Time since last request: 0.000272 seconds.
  path: Assets/Course Library/Objects/Props/Ball_8Ball.prefab
  artifactKey: Guid(d4ee8d5ef71ec5a49b51381c8889bc09) Importer(2089858483,0ecaa5967403d082aa24f35e1b516d23)
Start importing Assets/Course Library/Objects/Props/Ball_8Ball.prefab using Guid(d4ee8d5ef71ec5a49b51381c8889bc09) Importer(2089858483,0ecaa5967403d082aa24f35e1b516d23) [PhysX] Initialized MultithreadedTaskDispatcher with 8 workers.
 -> (artifact id: '7d6e2b336a5396533237851232b9b5b8') in 0.002762 seconds
Number of updated asset objects reloaded before import = 0
Number of asset objects unloaded after import = 7
========================================================================
Received Import Request.
  Time since last request: 0.002379 seconds.
  path: Assets/Course Library/_Source_Files/FBX/Ball_8Ball.fbx
  artifactKey: Guid(4f58056fda9cf524ea52df48785846d9) Importer(2089858483,0ecaa5967403d082aa24f35e1b516d23)
Start importing Assets/Course Library/_Source_Files/FBX/Ball_8Ball.fbx using Guid(4f58056fda9cf524ea52df48785846d9) Importer(2089858483,0ecaa5967403d082aa24f35e1b516d23) [PhysX] Initialized MultithreadedTaskDispatcher with 8 workers.
 -> (artifact id: 'd8277325708d0502bc2d090081667990') in 0.005375 seconds
Number of updated asset objects reloaded before import = 0
Number of asset objects unloaded after import = 7
========================================================================
Received Import Request.
  Time since last request: 0.002570 seconds.
  path: Assets/Course Library/Textures/Abstract/PolygonPrototype_Texture_Grid_03.png
  artifactKey: Guid(86507321c175292409cc422c5e33d711) Importer(2089858483,0ecaa5967403d082aa24f35e1b516d23)
Start importing Assets/Course Library/Textures/Abstract/PolygonPrototype_Texture_Grid_03.png using Guid(86507321c175292409cc422c5e33d711) Importer(2089858483,0ecaa5967403d082aa24f35e1b516d23) [PhysX] Initialized MultithreadedTaskDispatcher with 8 workers.
 -> (artifact id: '70cbe2fc19d1fba94293243ecbea2bdf') in 0.008222 seconds
Number of updated asset objects reloaded before import = 0
Number of asset objects unloaded after import = 1
========================================================================
Received Import Request.
  Time since last request: 0.002538 seconds.
  path: Assets/Course Library/Objects/Props/Skull_01.prefab
  artifactKey: Guid(1aeca1bd9f707c245a80c7f103d235f9) Importer(2089858483,0ecaa5967403d082aa24f35e1b516d23)
Start importing Assets/Course Library/Objects/Props/Skull_01.prefab using Guid(1aeca1bd9f707c245a80c7f103d235f9) Importer(2089858483,0ecaa5967403d082aa24f35e1b516d23) [PhysX] Initialized MultithreadedTaskDispatcher with 8 workers.
 -> (artifact id: 'ee6c9f1db59b6ed80b1db53294e411ca') in 0.004313 seconds
Number of updated asset objects reloaded before import = 0
Number of asset objects unloaded after import = 7
========================================================================
Received Import Request.
  Time since last request: 0.004362 seconds.
  path: Assets/Course Library/Objects/Pickups/Star_01.prefab
  artifactKey: Guid(7bc251a7285632341a306c70a8f1cfbe) Importer(2089858483,0ecaa5967403d082aa24f35e1b516d23)
Start importing Assets/Course Library/Objects/Pickups/Star_01.prefab using Guid(7bc251a7285632341a306c70a8f1cfbe) Importer(2089858483,0ecaa5967403d082aa24f35e1b516d23) [PhysX] Initialized MultithreadedTaskDispatcher with 8 workers.
 -> (artifact id: '2c7fb12473813d36a49f2e1ec8284b40') in 0.003750 seconds
Number of updated asset objects reloaded before import = 0
Number of asset objects unloaded after import = 7
========================================================================
Received Import Request.
  Time since last request: 0.000458 seconds.
  path: Assets/Course Library/Textures/Abstract/PolygonPrototype_Texture_Grid_01.png
  artifactKey: Guid(2a09470ada0c47849ad79d26363f8e4a) Importer(2089858483,0ecaa5967403d082aa24f35e1b516d23)
Start importing Assets/Course Library/Textures/Abstract/PolygonPrototype_Texture_Grid_01.png using Guid(2a09470ada0c47849ad79d26363f8e4a) Importer(2089858483,0ecaa5967403d082aa24f35e1b516d23) [PhysX] Initialized MultithreadedTaskDispatcher with 8 workers.
 -> (artifact id: '88c92af4a338bf3762c34fdd67d3a34b') in 0.009319 seconds
Number of updated asset objects reloaded before import = 0
Number of asset objects unloaded after import = 1
========================================================================
Received Import Request.
  Time since last request: 0.008503 seconds.
  path: Assets/Course Library/Objects/Obstacles/SM_Tree_Log_02.prefab
  artifactKey: Guid(9020d2933ec6c0544965ea4b12952c42) Importer(2089858483,0ecaa5967403d082aa24f35e1b516d23)
Start importing Assets/Course Library/Objects/Obstacles/SM_Tree_Log_02.prefab using Guid(9020d2933ec6c0544965ea4b12952c42) Importer(2089858483,0ecaa5967403d082aa24f35e1b516d23) [PhysX] Initialized MultithreadedTaskDispatcher with 8 workers.
 -> (artifact id: '90064a97c87415212ec4cff156b6b6ad') in 0.004028 seconds
Number of updated asset objects reloaded before import = 0
Number of asset objects unloaded after import = 7
========================================================================
Received Import Request.
  Time since last request: 0.001371 seconds.
  path: Assets/Course Library/Vehicles/Planes/Small_Plane02.prefab
  artifactKey: Guid(af29f0ea7e5403641b3b244ede69c374) Importer(2089858483,0ecaa5967403d082aa24f35e1b516d23)
Start importing Assets/Course Library/Vehicles/Planes/Small_Plane02.prefab using Guid(af29f0ea7e5403641b3b244ede69c374) Importer(2089858483,0ecaa5967403d082aa24f35e1b516d23) [PhysX] Initialized MultithreadedTaskDispatcher with 8 workers.
 -> (artifact id: 'ed77b5d2d247f11fbcdd56bcf131b481') in 0.010808 seconds
Number of updated asset objects reloaded before import = 0
Number of asset objects unloaded after import = 12
========================================================================
Received Import Request.
  Time since last request: 0.002494 seconds.
  path: Assets/Course Library/Objects/Props/Ball_Nuclear.prefab
  artifactKey: Guid(07cd57be5fe3a3a4082d14214f7c6ba1) Importer(2089858483,0ecaa5967403d082aa24f35e1b516d23)
Start importing Assets/Course Library/Objects/Props/Ball_Nuclear.prefab using Guid(07cd57be5fe3a3a4082d14214f7c6ba1) Importer(2089858483,0ecaa5967403d082aa24f35e1b516d23) [PhysX] Initialized MultithreadedTaskDispatcher with 8 workers.
 -> (artifact id: 'b258fa5c047c666d7db97b3af257865b') in 0.004285 seconds
Number of updated asset objects reloaded before import = 0
Number of asset objects unloaded after import = 7
========================================================================
Received Import Request.
  Time since last request: 0.000304 seconds.
  path: Assets/Course Library/Vehicles/Boats/Veh_FishingBoat_01.prefab
  artifactKey: Guid(9cdd18b0fee8dd24984ab7cdfb3bed4a) Importer(2089858483,3d70f49cd1c2eb9ae422958d1c652c6b)
Start importing Assets/Course Library/Vehicles/Boats/Veh_FishingBoat_01.prefab using Guid(9cdd18b0fee8dd24984ab7cdfb3bed4a) Importer(2089858483,3d70f49cd1c2eb9ae422958d1c652c6b) [PhysX] Initialized MultithreadedTaskDispatcher with 8 workers.
 -> (artifact id: '24760bedbf1665d96723533c30bc87f3') in 0.002364 seconds
Number of updated asset objects reloaded before import = 0
Number of asset objects unloaded after import = 8
========================================================================
Received Import Request.
  Time since last request: 0.001723 seconds.
  path: Assets/TerrainSampleAssets/Prefabs/Fern_C.prefab
  artifactKey: Guid(4786e2698ac97a949a9209febfcbd49b) Importer(2089858483,3d70f49cd1c2eb9ae422958d1c652c6b)
Start importing Assets/TerrainSampleAssets/Prefabs/Fern_C.prefab using Guid(4786e2698ac97a949a9209febfcbd49b) Importer(2089858483,3d70f49cd1c2eb9ae422958d1c652c6b) [PhysX] Initialized MultithreadedTaskDispatcher with 8 workers.
 -> (artifact id: '80b5856c96f1fed3dcd78375c49925c0') in 0.004560 seconds
Number of updated asset objects reloaded before import = 0
Number of asset objects unloaded after import = 9
========================================================================
Received Import Request.
  Time since last request: 0.000543 seconds.
  path: Assets/Course Library/Characters/Town/SimplePeople_Woman_Doctor_White.prefab
  artifactKey: Guid(d70170446aa035f40a2429d04ab83ea6) Importer(2089858483,3d70f49cd1c2eb9ae422958d1c652c6b)
Start importing Assets/Course Library/Characters/Town/SimplePeople_Woman_Doctor_White.prefab using Guid(d70170446aa035f40a2429d04ab83ea6) Importer(2089858483,3d70f49cd1c2eb9ae422958d1c652c6b) [PhysX] Initialized MultithreadedTaskDispatcher with 8 workers.
 -> (artifact id: 'fba1cd9626a18b9d74efc43aeb45a1e6') in 0.012127 seconds
Number of updated asset objects reloaded before import = 0
Number of asset objects unloaded after import = 98
========================================================================
Received Import Request.
  Time since last request: 0.001386 seconds.
  path: Assets/TerrainSampleAssets/TerrainLayers/Grass_B_TerrainLayer.terrainlayer
  artifactKey: Guid(bd1fcb10d2c5b5d4ba6e01a34e4735be) Importer(2089858483,0ecaa5967403d082aa24f35e1b516d23)
Start importing Assets/TerrainSampleAssets/TerrainLayers/Grass_B_TerrainLayer.terrainlayer using Guid(bd1fcb10d2c5b5d4ba6e01a34e4735be) Importer(2089858483,0ecaa5967403d082aa24f35e1b516d23) [PhysX] Initialized MultithreadedTaskDispatcher with 8 workers.
 -> (artifact id: '2c08a84301121e3eaddfb4fdacf6f2a0') in 0.015655 seconds
Number of updated asset objects reloaded before import = 0
Number of asset objects unloaded after import = 4
========================================================================
Received Import Request.
  Time since last request: 0.004374 seconds.
  path: Assets/Course Library/Fonts/Roboto/LICENSE.txt
  artifactKey: Guid(d0ca438ebfe964c9896886e4a8516f56) Importer(2089858483,0ecaa5967403d082aa24f35e1b516d23)
Start importing Assets/Course Library/Fonts/Roboto/LICENSE.txt using Guid(d0ca438ebfe964c9896886e4a8516f56) Importer(2089858483,0ecaa5967403d082aa24f35e1b516d23) [PhysX] Initialized MultithreadedTaskDispatcher with 8 workers.
 -> (artifact id: 'c8c075690fb2b5957c291848baaeba1a') in 0.002369 seconds
Number of updated asset objects reloaded before import = 0
Number of asset objects unloaded after import = 1
========================================================================
Received Import Request.
  Time since last request: 0.003777 seconds.
  path: Assets/Course Library/Vehicles/Planes/Fighter_Jet04.prefab
  artifactKey: Guid(32afb3201b7ffc943ae35ecab533eb32) Importer(2089858483,3d70f49cd1c2eb9ae422958d1c652c6b)
Start importing Assets/Course Library/Vehicles/Planes/Fighter_Jet04.prefab using Guid(32afb3201b7ffc943ae35ecab533eb32) Importer(2089858483,3d70f49cd1c2eb9ae422958d1c652c6b) [PhysX] Initialized MultithreadedTaskDispatcher with 8 workers.
 -> (artifact id: '2021738026fdc00fe1da808fef808135') in 0.002663 seconds
Number of updated asset objects reloaded before import = 0
Number of asset objects unloaded after import = 43
========================================================================
Received Import Request.
  Time since last request: 0.000364 seconds.
  path: Assets/TerrainSampleAssets/Prefabs/Fern_B.prefab
  artifactKey: Guid(5e7ace55a7bfd0d4f9ba3c05024e9d79) Importer(2089858483,0ecaa5967403d082aa24f35e1b516d23)
Start importing Assets/TerrainSampleAssets/Prefabs/Fern_B.prefab using Guid(5e7ace55a7bfd0d4f9ba3c05024e9d79) Importer(2089858483,0ecaa5967403d082aa24f35e1b516d23) [PhysX] Initialized MultithreadedTaskDispatcher with 8 workers.
 -> (artifact id: 'c921eabf29b04f2675484157bc1fba7f') in 0.004485 seconds
Number of updated asset objects reloaded before import = 0
Number of asset objects unloaded after import = 7
========================================================================
Received Import Request.
  Time since last request: 0.002391 seconds.
  path: Assets/Course Library/Objects/Indicators/SelectionRing_06.prefab
  artifactKey: Guid(11a653b9169986c4f9436a3002fb4516) Importer(2089858483,3d70f49cd1c2eb9ae422958d1c652c6b)
Start importing Assets/Course Library/Objects/Indicators/SelectionRing_06.prefab using Guid(11a653b9169986c4f9436a3002fb4516) Importer(2089858483,3d70f49cd1c2eb9ae422958d1c652c6b) [PhysX] Initialized MultithreadedTaskDispatcher with 8 workers.
 -> (artifact id: 'af0c5185b5edb761122f2864d678824e') in 0.002963 seconds
Number of updated asset objects reloaded before import = 0
Number of asset objects unloaded after import = 8
========================================================================
Received Import Request.
  Time since last request: 0.001753 seconds.
  path: Assets/Course Library/Characters/Town/SimplePeople_Woman_Waitress_Brown.prefab
  artifactKey: Guid(882e87ba7c26a9d47a4f001002357e94) Importer(2089858483,0ecaa5967403d082aa24f35e1b516d23)
Start importing Assets/Course Library/Characters/Town/SimplePeople_Woman_Waitress_Brown.prefab using Guid(882e87ba7c26a9d47a4f001002357e94) Importer(2089858483,0ecaa5967403d082aa24f35e1b516d23) [PhysX] Initialized MultithreadedTaskDispatcher with 8 workers.
 -> (artifact id: '79f339936c5f930baac2d4d9485cb8d8') in 0.013002 seconds
Number of updated asset objects reloaded before import = 0
Number of asset objects unloaded after import = 400
========================================================================
Received Import Request.
  Time since last request: 0.167881 seconds.
  path: Assets/Course Library/_Source_Files/FBX/Items_Wine_01.fbx
  artifactKey: Guid(f9c04ce17e1bea441a2dde5505e10ed5) Importer(2089858483,0ecaa5967403d082aa24f35e1b516d23)
Start importing Assets/Course Library/_Source_Files/FBX/Items_Wine_01.fbx using Guid(f9c04ce17e1bea441a2dde5505e10ed5) Importer(2089858483,0ecaa5967403d082aa24f35e1b516d23) [PhysX] Initialized MultithreadedTaskDispatcher with 8 workers.
 -> (artifact id: '921a7dd8262b29562c60abcee249f72e') in 0.006624 seconds
Number of updated asset objects reloaded before import = 0
Number of asset objects unloaded after import = 7
========================================================================
Received Import Request.
  Time since last request: 0.000499 seconds.
  path: Assets/Course Library/_Source_Files/FBX/Vehicle_FishingBoat_01.fbx
  artifactKey: Guid(028eeaa8e0307d44396563c098265e0b) Importer(2089858483,0ecaa5967403d082aa24f35e1b516d23)
Start importing Assets/Course Library/_Source_Files/FBX/Vehicle_FishingBoat_01.fbx using Guid(028eeaa8e0307d44396563c098265e0b) Importer(2089858483,0ecaa5967403d082aa24f35e1b516d23) [PhysX] Initialized MultithreadedTaskDispatcher with 8 workers.
 -> (artifact id: 'd03edd1a7f2e9d5f9bdb77cec1c2d87c') in 0.008970 seconds
Number of updated asset objects reloaded before import = 0
Number of asset objects unloaded after import = 7
========================================================================
Received Import Request.
  Time since last request: 0.002511 seconds.
  path: Assets/Course Library/_Source_Files/Materials/PolygonCity_Mat_01_A.mat
  artifactKey: Guid(62e25ef75a2216f418d06453c9ad15cb) Importer(2089858483,0ecaa5967403d082aa24f35e1b516d23)
Start importing Assets/Course Library/_Source_Files/Materials/PolygonCity_Mat_01_A.mat using Guid(62e25ef75a2216f418d06453c9ad15cb) Importer(2089858483,0ecaa5967403d082aa24f35e1b516d23) [PhysX] Initialized MultithreadedTaskDispatcher with 8 workers.
 -> (artifact id: '661b50e90e34927cef660baa69109855') in 0.074046 seconds
Number of updated asset objects reloaded before import = 0
Number of asset objects unloaded after import = 5
========================================================================
Received Import Request.
  Time since last request: 0.002549 seconds.
  path: Assets/Course Library/_Source_Files/Materials/PolygonCity_Texture_01_A.mat
  artifactKey: Guid(f846a97524f98f44bae9b13d72a2fc49) Importer(2089858483,0ecaa5967403d082aa24f35e1b516d23)
Start importing Assets/Course Library/_Source_Files/Materials/PolygonCity_Texture_01_A.mat using Guid(f846a97524f98f44bae9b13d72a2fc49) Importer(2089858483,0ecaa5967403d082aa24f35e1b516d23) [PhysX] Initialized MultithreadedTaskDispatcher with 8 workers.
 -> (artifact id: '6b09892bc657080c528758dea52c30b0') in 0.005756 seconds
Number of updated asset objects reloaded before import = 0
Number of asset objects unloaded after import = 2
========================================================================
Received Import Request.
  Time since last request: 0.000395 seconds.
  path: Assets/Course Library/_Source_Files/FBX/SM_Icon_Skull_01.fbx
  artifactKey: Guid(170db210605ea844695dbbd5c2429940) Importer(2089858483,0ecaa5967403d082aa24f35e1b516d23)
Start importing Assets/Course Library/_Source_Files/FBX/SM_Icon_Skull_01.fbx using Guid(170db210605ea844695dbbd5c2429940) Importer(2089858483,0ecaa5967403d082aa24f35e1b516d23) [PhysX] Initialized MultithreadedTaskDispatcher with 8 workers.
 -> (artifact id: '15cb1f0761a2ced23214d28796aa6d32') in 0.005127 seconds
Number of updated asset objects reloaded before import = 0
Number of asset objects unloaded after import = 7
========================================================================
Received Import Request.
  Time since last request: 0.002131 seconds.
  path: Assets/Course Library/_Source_Files/FBX/SI_PowerIcon.fbx
  artifactKey: Guid(44cb397c8b73c2f40bfa05c2199ffa2b) Importer(2089858483,0ecaa5967403d082aa24f35e1b516d23)
Start importing Assets/Course Library/_Source_Files/FBX/SI_PowerIcon.fbx using Guid(44cb397c8b73c2f40bfa05c2199ffa2b) Importer(2089858483,0ecaa5967403d082aa24f35e1b516d23) [PhysX] Initialized MultithreadedTaskDispatcher with 8 workers.
 -> (artifact id: 'cc2dfc3d8e218f33c6ac257414e5a510') in 0.007272 seconds
Number of updated asset objects reloaded before import = 0
Number of asset objects unloaded after import = 7
========================================================================
Received Import Request.
  Time since last request: 0.000936 seconds.
  path: Assets/Course Library/_Source_Files/Materials/FX_Lightray.mat
  artifactKey: Guid(7e0b60daf18511249a209d52beda2988) Importer(2089858483,0ecaa5967403d082aa24f35e1b516d23)
Start importing Assets/Course Library/_Source_Files/Materials/FX_Lightray.mat using Guid(7e0b60daf18511249a209d52beda2988) Importer(2089858483,0ecaa5967403d082aa24f35e1b516d23) [PhysX] Initialized MultithreadedTaskDispatcher with 8 workers.
 -> (artifact id: 'f1390bc092db8e926ebeca8d23b239a9') in 0.001792 seconds
Number of updated asset objects reloaded before import = 0
Number of asset objects unloaded after import = 1
========================================================================
Received Import Request.
  Time since last request: 0.001457 seconds.
  path: Assets/Course Library/_Source_Files/Materials/FX_Splash.mat
  artifactKey: Guid(1ee00051305bdb049b02c923f047227d) Importer(2089858483,0ecaa5967403d082aa24f35e1b516d23)
Start importing Assets/Course Library/_Source_Files/Materials/FX_Splash.mat using Guid(1ee00051305bdb049b02c923f047227d) Importer(2089858483,0ecaa5967403d082aa24f35e1b516d23) [PhysX] Initialized MultithreadedTaskDispatcher with 8 workers.
 -> (artifact id: 'a89bcabed610299e0eae46b70c8d985a') in 0.003679 seconds
Number of updated asset objects reloaded before import = 0
Number of asset objects unloaded after import = 1
========================================================================
Received Import Request.
  Time since last request: 0.000334 seconds.
  path: Assets/Course Library/_Source_Files/FBX/SI_FireIcon.fbx
  artifactKey: Guid(31e6dd0b1a83d2545a63dfc9ef21c42f) Importer(2089858483,0ecaa5967403d082aa24f35e1b516d23)
Start importing Assets/Course Library/_Source_Files/FBX/SI_FireIcon.fbx using Guid(31e6dd0b1a83d2545a63dfc9ef21c42f) Importer(2089858483,0ecaa5967403d082aa24f35e1b516d23) [PhysX] Initialized MultithreadedTaskDispatcher with 8 workers.
 -> (artifact id: '506eb9ca0423a5d61768d0bf0c082820') in 0.005800 seconds
Number of updated asset objects reloaded before import = 0
Number of asset objects unloaded after import = 7
========================================================================
Received Import Request.
  Time since last request: 0.001266 seconds.
  path: Assets/Course Library/_Source_Files/Materials/SimpleFarmer_Farmer_White.mat
  artifactKey: Guid(76856409e42797647857f1675c1b6ef9) Importer(2089858483,0ecaa5967403d082aa24f35e1b516d23)
Start importing Assets/Course Library/_Source_Files/Materials/SimpleFarmer_Farmer_White.mat using Guid(76856409e42797647857f1675c1b6ef9) Importer(2089858483,0ecaa5967403d082aa24f35e1b516d23) [PhysX] Initialized MultithreadedTaskDispatcher with 8 workers.
 -> (artifact id: '7c5d24fb70cc5252039d084efc81d6cd') in 0.005435 seconds
Number of updated asset objects reloaded before import = 0
Number of asset objects unloaded after import = 2
========================================================================
Received Import Request.
  Time since last request: 0.006064 seconds.
  path: Assets/Course Library/_Source_Files/FBX/SM_Prop_Bomb_01.fbx
  artifactKey: Guid(5b0eedd9207590f40b02a2b89172c391) Importer(2089858483,0ecaa5967403d082aa24f35e1b516d23)
Start importing Assets/Course Library/_Source_Files/FBX/SM_Prop_Bomb_01.fbx using Guid(5b0eedd9207590f40b02a2b89172c391) Importer(2089858483,0ecaa5967403d082aa24f35e1b516d23) [PhysX] Initialized MultithreadedTaskDispatcher with 8 workers.
 -> (artifact id: '71fdf3c4c70ae6ace596141aa0a4118c') in 0.011862 seconds
Number of updated asset objects reloaded before import = 0
Number of asset objects unloaded after import = 9
========================================================================
Received Import Request.
  Time since last request: 0.004057 seconds.
  path: Assets/Course Library/_Source_Files/Materials/Military_Green.mat
  artifactKey: Guid(7bc72f97a09670a4f9b072e70f88f4cd) Importer(2089858483,0ecaa5967403d082aa24f35e1b516d23)
Start importing Assets/Course Library/_Source_Files/Materials/Military_Green.mat using Guid(7bc72f97a09670a4f9b072e70f88f4cd) Importer(2089858483,0ecaa5967403d082aa24f35e1b516d23) [PhysX] Initialized MultithreadedTaskDispatcher with 8 workers.
 -> (artifact id: '1ac15166a1053769eb13270528521816') in 0.004977 seconds
Number of updated asset objects reloaded before import = 0
Number of asset objects unloaded after import = 2
========================================================================
Received Import Request.
  Time since last request: 0.001839 seconds.
  path: Assets/Course Library/_Source_Files/FBX/Prop_BouyLarge_01.fbx
  artifactKey: Guid(0647d2e13dd76b243b7116446b6c338a) Importer(2089858483,0ecaa5967403d082aa24f35e1b516d23)
Start importing Assets/Course Library/_Source_Files/FBX/Prop_BouyLarge_01.fbx using Guid(0647d2e13dd76b243b7116446b6c338a) Importer(2089858483,0ecaa5967403d082aa24f35e1b516d23) [PhysX] Initialized MultithreadedTaskDispatcher with 8 workers.
 -> (artifact id: 'a46270c2c749d18c002f21b7f9d613b5') in 0.008150 seconds
Number of updated asset objects reloaded before import = 0
Number of asset objects unloaded after import = 7
========================================================================
Received Import Request.
  Time since last request: 0.002760 seconds.
  path: Assets/Course Library/_Source_Files/FBX/SM_Icon_Star_01.fbx
  artifactKey: Guid(f7ec8369cac1a7e4ab36747b35f91c24) Importer(2089858483,0ecaa5967403d082aa24f35e1b516d23)
Start importing Assets/Course Library/_Source_Files/FBX/SM_Icon_Star_01.fbx using Guid(f7ec8369cac1a7e4ab36747b35f91c24) Importer(2089858483,0ecaa5967403d082aa24f35e1b516d23) [PhysX] Initialized MultithreadedTaskDispatcher with 8 workers.
 -> (artifact id: '2e0130335cf45cc21d5e0076a8a0721e') in 0.005860 seconds
Number of updated asset objects reloaded before import = 0
Number of asset objects unloaded after import = 7
========================================================================
Received Import Request.
  Time since last request: 0.001300 seconds.
  path: Assets/Course Library/_Source_Files/Materials/SimpleDogs.mat
  artifactKey: Guid(5a3559dc71a3dee46a71f5627f48bb36) Importer(2089858483,0ecaa5967403d082aa24f35e1b516d23)
Start importing Assets/Course Library/_Source_Files/Materials/SimpleDogs.mat using Guid(5a3559dc71a3dee46a71f5627f48bb36) Importer(2089858483,0ecaa5967403d082aa24f35e1b516d23) [PhysX] Initialized MultithreadedTaskDispatcher with 8 workers.
 -> (artifact id: '1c8216070993194244fa87178e38d75f') in 0.004606 seconds
Number of updated asset objects reloaded before import = 0
Number of asset objects unloaded after import = 2
========================================================================
Received Import Request.
  Time since last request: 0.228880 seconds.
  path: Assets/Course Library/_Source_Files/Materials/SimpleFarmer_FarmersWife_Black.mat
  artifactKey: Guid(f98c6192bf2545644bb912bfaf19f832) Importer(2089858483,0ecaa5967403d082aa24f35e1b516d23)
Start importing Assets/Course Library/_Source_Files/Materials/SimpleFarmer_FarmersWife_Black.mat using Guid(f98c6192bf2545644bb912bfaf19f832) Importer(2089858483,0ecaa5967403d082aa24f35e1b516d23) [PhysX] Initialized MultithreadedTaskDispatcher with 8 workers.
 -> (artifact id: '93e34c6740a4bdb938aa48cc9453b871') in 0.004875 seconds
Number of updated asset objects reloaded before import = 0
Number of asset objects unloaded after import = 2
========================================================================
Received Import Request.
  Time since last request: 0.002607 seconds.
  path: Assets/Course Library/_Source_Files/Materials/SimplePeople_RoadWorker_Black.mat
  artifactKey: Guid(27d5bc9fe48a1ba4f8389809b897e6cb) Importer(2089858483,0ecaa5967403d082aa24f35e1b516d23)
Start importing Assets/Course Library/_Source_Files/Materials/SimplePeople_RoadWorker_Black.mat using Guid(27d5bc9fe48a1ba4f8389809b897e6cb) Importer(2089858483,0ecaa5967403d082aa24f35e1b516d23) [PhysX] Initialized MultithreadedTaskDispatcher with 8 workers.
 -> (artifact id: '20042cbb2103ff7e0c9a2db18e5db6a3') in 0.005149 seconds
Number of updated asset objects reloaded before import = 0
Number of asset objects unloaded after import = 2
========================================================================
Received Import Request.
  Time since last request: 0.000418 seconds.
  path: Assets/Course Library/_Source_Files/Materials/SimpleTown.mat
  artifactKey: Guid(7cce38ba40b7d05439de10ddde5afaf6) Importer(2089858483,0ecaa5967403d082aa24f35e1b516d23)
Start importing Assets/Course Library/_Source_Files/Materials/SimpleTown.mat using Guid(7cce38ba40b7d05439de10ddde5afaf6) Importer(2089858483,0ecaa5967403d082aa24f35e1b516d23) [PhysX] Initialized MultithreadedTaskDispatcher with 8 workers.
 -> (artifact id: '09e0d4188b1c4b8348d7c6a03e3b3aba') in 0.003217 seconds
Number of updated asset objects reloaded before import = 0
Number of asset objects unloaded after import = 2
========================================================================
Received Import Request.
  Time since last request: 0.001627 seconds.
  path: Assets/Course Library/_Source_Files/Misc/Cloud_04.fbx
  artifactKey: Guid(5df7daeab707230409664c66ca47c5ad) Importer(2089858483,0ecaa5967403d082aa24f35e1b516d23)
Start importing Assets/Course Library/_Source_Files/Misc/Cloud_04.fbx using Guid(5df7daeab707230409664c66ca47c5ad) Importer(2089858483,0ecaa5967403d082aa24f35e1b516d23) [PhysX] Initialized MultithreadedTaskDispatcher with 8 workers.
 -> (artifact id: 'c628819866655f458f832fa759dcb589') in 0.004802 seconds
Number of updated asset objects reloaded before import = 0
Number of asset objects unloaded after import = 7
========================================================================
Received Import Request.
  Time since last request: 0.000317 seconds.
  path: Assets/Course Library/_Source_Files/Textures/SimpleFarmer_FarmersDaughter_Brown.png
  artifactKey: Guid(144811adb05d9874fab57bf4b53356a1) Importer(2089858483,0ecaa5967403d082aa24f35e1b516d23)
Start importing Assets/Course Library/_Source_Files/Textures/SimpleFarmer_FarmersDaughter_Brown.png using Guid(144811adb05d9874fab57bf4b53356a1) Importer(2089858483,0ecaa5967403d082aa24f35e1b516d23) [PhysX] Initialized MultithreadedTaskDispatcher with 8 workers.
 -> (artifact id: 'd7fc3431002a1018a1c8c5837a10afc5') in 0.007208 seconds
Number of updated asset objects reloaded before import = 0
Number of asset objects unloaded after import = 1
========================================================================
Received Import Request.
  Time since last request: 0.002660 seconds.
  path: Assets/Course Library/_Source_Files/Misc/SFA_Animal_Fox.controller
  artifactKey: Guid(2c635c4a73fa65c4c9271526dd38e163) Importer(2089858483,0ecaa5967403d082aa24f35e1b516d23)
Start importing Assets/Course Library/_Source_Files/Misc/SFA_Animal_Fox.controller using Guid(2c635c4a73fa65c4c9271526dd38e163) Importer(2089858483,0ecaa5967403d082aa24f35e1b516d23) [PhysX] Initialized MultithreadedTaskDispatcher with 8 workers.
 -> (artifact id: '67303e2d6c90069b65ecd527fb9440c6') in 0.003138 seconds
Number of updated asset objects reloaded before import = 0
Number of asset objects unloaded after import = 11
========================================================================
Received Import Request.
  Time since last request: 0.000102 seconds.
  path: Assets/Course Library/_Source_Files/Textures/PolygonCity_Texture_01_A.png
  artifactKey: Guid(fbde5f73f39181f4d9c7e24c34f0bdf8) Importer(2089858483,0ecaa5967403d082aa24f35e1b516d23)
Start importing Assets/Course Library/_Source_Files/Textures/PolygonCity_Texture_01_A.png using Guid(fbde5f73f39181f4d9c7e24c34f0bdf8) Importer(2089858483,0ecaa5967403d082aa24f35e1b516d23) [PhysX] Initialized MultithreadedTaskDispatcher with 8 workers.
 -> (artifact id: '466cf6b3a08e80e39c490919aad977c7') in 0.007363 seconds
Number of updated asset objects reloaded before import = 0
Number of asset objects unloaded after import = 1
========================================================================
Received Import Request.
  Time since last request: 0.000859 seconds.
  path: Assets/TerrainSampleAssets/ShaderGraphs/Subgraphs/URPSSS.shadersubgraph
  artifactKey: Guid(9037b993318fb2a46b314bdf87073500) Importer(2089858483,0ecaa5967403d082aa24f35e1b516d23)
Start importing Assets/TerrainSampleAssets/ShaderGraphs/Subgraphs/URPSSS.shadersubgraph using Guid(9037b993318fb2a46b314bdf87073500) Importer(2089858483,0ecaa5967403d082aa24f35e1b516d23) [PhysX] Initialized MultithreadedTaskDispatcher with 8 workers.
 -> (artifact id: '85d5ede02ce33b4fe167425802f97d1f') in 0.009114 seconds
Number of updated asset objects reloaded before import = 0
Number of asset objects unloaded after import = 1
========================================================================
Received Import Request.
  Time since last request: 0.004661 seconds.
  path: Assets/Course Library/_Source_Files/Textures/SimplePeople_Punk_Black.png
  artifactKey: Guid(ac7fc91501adbf245badec7c5b7ba18f) Importer(2089858483,0ecaa5967403d082aa24f35e1b516d23)
Start importing Assets/Course Library/_Source_Files/Textures/SimplePeople_Punk_Black.png using Guid(ac7fc91501adbf245badec7c5b7ba18f) Importer(2089858483,0ecaa5967403d082aa24f35e1b516d23) [PhysX] Initialized MultithreadedTaskDispatcher with 8 workers.
 -> (artifact id: '8187a2b082784089c6b50030125907cb') in 0.008677 seconds
Number of updated asset objects reloaded before import = 0
Number of asset objects unloaded after import = 1
========================================================================
Received Import Request.
  Time since last request: 0.002064 seconds.
  path: Assets/TerrainSampleAssets/Textures/Details/Plant_Normal.tif
  artifactKey: Guid(bcd36bed575f11d42bc048f705b8b6a5) Importer(2089858483,0ecaa5967403d082aa24f35e1b516d23)
Start importing Assets/TerrainSampleAssets/Textures/Details/Plant_Normal.tif using Guid(bcd36bed575f11d42bc048f705b8b6a5) Importer(2089858483,0ecaa5967403d082aa24f35e1b516d23) [PhysX] Initialized MultithreadedTaskDispatcher with 8 workers.
 -> (artifact id: 'd8ce14948d78387f637ad338d9452f4c') in 0.009331 seconds
Number of updated asset objects reloaded before import = 0
Number of asset objects unloaded after import = 1
========================================================================
Received Import Request.
  Time since last request: 0.001184 seconds.
  path: Assets/Course Library/_Source_Files/Textures/SimplePeople_BeachBabe_Black.png
  artifactKey: Guid(3b5da37f4a0c7dc4cb0d29868a1bdaa3) Importer(2089858483,0ecaa5967403d082aa24f35e1b516d23)
Start importing Assets/Course Library/_Source_Files/Textures/SimplePeople_BeachBabe_Black.png using Guid(3b5da37f4a0c7dc4cb0d29868a1bdaa3) Importer(2089858483,0ecaa5967403d082aa24f35e1b516d23) [PhysX] Initialized MultithreadedTaskDispatcher with 8 workers.
 -> (artifact id: '1ae56c86509d175ec9aa73aa76c420ef') in 0.007918 seconds
Number of updated asset objects reloaded before import = 0
Number of asset objects unloaded after import = 1
========================================================================
Received Import Request.
  Time since last request: 0.000873 seconds.
  path: Assets/TerrainSampleAssets/Textures/Details/Heather_A_BaseColor.tif
  artifactKey: Guid(deb3a5099f3fc81408def7e176a5f5de) Importer(2089858483,0ecaa5967403d082aa24f35e1b516d23)
Start importing Assets/TerrainSampleAssets/Textures/Details/Heather_A_BaseColor.tif using Guid(deb3a5099f3fc81408def7e176a5f5de) Importer(2089858483,0ecaa5967403d082aa24f35e1b516d23) [PhysX] Initialized MultithreadedTaskDispatcher with 8 workers.
 -> (artifact id: '1490947e2b0ffc8610605c513e4306cb') in 0.008599 seconds
Number of updated asset objects reloaded before import = 0
Number of asset objects unloaded after import = 1
========================================================================
Received Import Request.
  Time since last request: 0.001423 seconds.
  path: Assets/Course Library/_Source_Files/Textures/SimplePeople_RoadWorker_Brown.png
  artifactKey: Guid(a97b265ea09bf7c45b1ad1dc247ab689) Importer(2089858483,0ecaa5967403d082aa24f35e1b516d23)
Start importing Assets/Course Library/_Source_Files/Textures/SimplePeople_RoadWorker_Brown.png using Guid(a97b265ea09bf7c45b1ad1dc247ab689) Importer(2089858483,0ecaa5967403d082aa24f35e1b516d23) [PhysX] Initialized MultithreadedTaskDispatcher with 8 workers.
 -> (artifact id: 'ebe3e12330579b20e6c013f5d6c3cd0b') in 0.006646 seconds
Number of updated asset objects reloaded before import = 0
Number of asset objects unloaded after import = 1
========================================================================
Received Import Request.
  Time since last request: 0.002363 seconds.
  path: Assets/TerrainSampleAssets/Textures/Heightmaps/Canyon01_Heightmap.tif
  artifactKey: Guid(903360ef543b50449ae74931c4fddc2c) Importer(2089858483,0ecaa5967403d082aa24f35e1b516d23)
Start importing Assets/TerrainSampleAssets/Textures/Heightmaps/Canyon01_Heightmap.tif using Guid(903360ef543b50449ae74931c4fddc2c) Importer(2089858483,0ecaa5967403d082aa24f35e1b516d23) [PhysX] Initialized MultithreadedTaskDispatcher with 8 workers.
 -> (artifact id: '7c3d7d807ed38347a8d958fdeaebdb4a') in 0.005807 seconds
Number of updated asset objects reloaded before import = 0
Number of asset objects unloaded after import = 1
========================================================================
Received Import Request.
  Time since last request: 0.006423 seconds.
  path: Assets/Course Library/_Source_Files/Textures/SumoBalls.png
  artifactKey: Guid(bc6f15befefa03546a583706345f1d59) Importer(2089858483,0ecaa5967403d082aa24f35e1b516d23)
Start importing Assets/Course Library/_Source_Files/Textures/SumoBalls.png using Guid(bc6f15befefa03546a583706345f1d59) Importer(2089858483,0ecaa5967403d082aa24f35e1b516d23) [PhysX] Initialized MultithreadedTaskDispatcher with 8 workers.
 -> (artifact id: 'eb9d49860b3495b6a7fd5fb1f71b710d') in 0.009322 seconds
Number of updated asset objects reloaded before import = 0
Number of asset objects unloaded after import = 1
========================================================================
Received Import Request.
  Time since last request: 0.003864 seconds.
  path: Assets/Course Library/_Source_Files/Materials/lambert1.mat
  artifactKey: Guid(755a8ab3a8f607b4eb3106d48b449755) Importer(2089858483,0ecaa5967403d082aa24f35e1b516d23)
Start importing Assets/Course Library/_Source_Files/Materials/lambert1.mat using Guid(755a8ab3a8f607b4eb3106d48b449755) Importer(2089858483,0ecaa5967403d082aa24f35e1b516d23) [PhysX] Initialized MultithreadedTaskDispatcher with 8 workers.
 -> (artifact id: '4576911bc64b957da92c6f7fae850b57') in 0.004728 seconds
Number of updated asset objects reloaded before import = 0
Number of asset objects unloaded after import = 1
========================================================================
Received Import Request.
  Time since last request: 0.002425 seconds.
  path: Assets/Course Library/_Source_Files/Textures/Tex_Military_Green.png
  artifactKey: Guid(91d8e129fe518b34281eef0689092f0d) Importer(2089858483,0ecaa5967403d082aa24f35e1b516d23)
Start importing Assets/Course Library/_Source_Files/Textures/Tex_Military_Green.png using Guid(91d8e129fe518b34281eef0689092f0d) Importer(2089858483,0ecaa5967403d082aa24f35e1b516d23) [PhysX] Initialized MultithreadedTaskDispatcher with 8 workers.
 -> (artifact id: '603a07d4b874aaca50871a2f72de47cd') in 0.005133 seconds
Number of updated asset objects reloaded before import = 0
Number of asset objects unloaded after import = 1
========================================================================
Received Import Request.
  Time since last request: 0.005835 seconds.
  path: Assets/Course Library/_Source_Files/Materials/SumoBalls_Material_Shiny.mat
  artifactKey: Guid(0f9d505bf2ec96147b48ce4900e112ca) Importer(2089858483,0ecaa5967403d082aa24f35e1b516d23)
Start importing Assets/Course Library/_Source_Files/Materials/SumoBalls_Material_Shiny.mat using Guid(0f9d505bf2ec96147b48ce4900e112ca) Importer(2089858483,0ecaa5967403d082aa24f35e1b516d23) [PhysX] Initialized MultithreadedTaskDispatcher with 8 workers.
 -> (artifact id: 'ce88e71785ecbfc739f59c961b5be716') in 0.018095 seconds
Number of updated asset objects reloaded before import = 0
Number of asset objects unloaded after import = 2
========================================================================
Received Import Request.
  Time since last request: 0.002174 seconds.
  path: Assets/TerrainSampleAssets/Textures/Details/GrassDry_BaseColor.tif
  artifactKey: Guid(3785d5abd275c7147a10aa4bf8720df4) Importer(2089858483,0ecaa5967403d082aa24f35e1b516d23)
Start importing Assets/TerrainSampleAssets/Textures/Details/GrassDry_BaseColor.tif using Guid(3785d5abd275c7147a10aa4bf8720df4) Importer(2089858483,0ecaa5967403d082aa24f35e1b516d23) [PhysX] Initialized MultithreadedTaskDispatcher with 8 workers.
 -> (artifact id: 'e003e985a2b22b00b7f75206bc4994fe') in 0.007006 seconds
Number of updated asset objects reloaded before import = 0
Number of asset objects unloaded after import = 1
========================================================================
Received Import Request.
  Time since last request: 0.001617 seconds.
  path: Assets/Course Library/_Source_Files/Materials/SumoBalls_Material.mat
  artifactKey: Guid(ae4ff49dfb4c229488b12d99e4b0e3fc) Importer(2089858483,0ecaa5967403d082aa24f35e1b516d23)
Start importing Assets/Course Library/_Source_Files/Materials/SumoBalls_Material.mat using Guid(ae4ff49dfb4c229488b12d99e4b0e3fc) Importer(2089858483,0ecaa5967403d082aa24f35e1b516d23) [PhysX] Initialized MultithreadedTaskDispatcher with 8 workers.
 -> (artifact id: '7077ad105835b6e6f905c139d0ff2209') in 0.002600 seconds
Number of updated asset objects reloaded before import = 0
Number of asset objects unloaded after import = 2
========================================================================
Received Import Request.
  Time since last request: 0.001111 seconds.
  path: Assets/Course Library/_Source_Files/Textures/SimplePeople_Waitress_White.png
  artifactKey: Guid(dd192c6007229f84ca5ebc4ef9236d19) Importer(2089858483,0ecaa5967403d082aa24f35e1b516d23)
Start importing Assets/Course Library/_Source_Files/Textures/SimplePeople_Waitress_White.png using Guid(dd192c6007229f84ca5ebc4ef9236d19) Importer(2089858483,0ecaa5967403d082aa24f35e1b516d23) [PhysX] Initialized MultithreadedTaskDispatcher with 8 workers.
 -> (artifact id: '70b8c6544df3d20e1345bec064a7c665') in 0.008066 seconds
Number of updated asset objects reloaded before import = 0
Number of asset objects unloaded after import = 1
========================================================================
Received Import Request.
  Time since last request: 0.009499 seconds.
  path: Assets/TerrainSampleAssets/Textures/Details/Bush_A_BaseColor.tif
  artifactKey: Guid(eb04da16cbc16c9488332336fb11b965) Importer(2089858483,0ecaa5967403d082aa24f35e1b516d23)
Start importing Assets/TerrainSampleAssets/Textures/Details/Bush_A_BaseColor.tif using Guid(eb04da16cbc16c9488332336fb11b965) Importer(2089858483,0ecaa5967403d082aa24f35e1b516d23) [PhysX] Initialized MultithreadedTaskDispatcher with 8 workers.
 -> (artifact id: 'ad3e9b25e4f46d66ca5ccc1fc7955f8b') in 0.005115 seconds
Number of updated asset objects reloaded before import = 0
Number of asset objects unloaded after import = 1
========================================================================
Received Import Request.
  Time since last request: 0.258284 seconds.
  path: Assets/TerrainSampleAssets/Textures/Heightmaps/Canyon05_Heightmap.tif
  artifactKey: Guid(3771b24b1afb4bd4d86e3ba795b65a32) Importer(2089858483,0ecaa5967403d082aa24f35e1b516d23)
Start importing Assets/TerrainSampleAssets/Textures/Heightmaps/Canyon05_Heightmap.tif using Guid(3771b24b1afb4bd4d86e3ba795b65a32) Importer(2089858483,0ecaa5967403d082aa24f35e1b516d23) [PhysX] Initialized MultithreadedTaskDispatcher with 8 workers.
 -> (artifact id: 'b25ef1adb5deb76d844ca833d620be6b') in 0.013072 seconds
Number of updated asset objects reloaded before import = 0
Number of asset objects unloaded after import = 1
========================================================================
Received Import Request.
  Time since last request: 0.000141 seconds.
  path: Assets/TerrainSampleAssets/Textures/Terrain/Grass_A_Normal.tif
  artifactKey: Guid(a8a2fc863627f464e838ba616a1d5789) Importer(2089858483,0ecaa5967403d082aa24f35e1b516d23)
Start importing Assets/TerrainSampleAssets/Textures/Terrain/Grass_A_Normal.tif using Guid(a8a2fc863627f464e838ba616a1d5789) Importer(2089858483,0ecaa5967403d082aa24f35e1b516d23) [PhysX] Initialized MultithreadedTaskDispatcher with 8 workers.
 -> (artifact id: 'fb025b66871450c44202757c1a7d94fe') in 0.008696 seconds
Number of updated asset objects reloaded before import = 0
Number of asset objects unloaded after import = 1
========================================================================
Received Import Request.
  Time since last request: 0.000657 seconds.
  path: Assets/TerrainSampleAssets/Textures/Terrain/Pebbles_A_MaskMap.tif
  artifactKey: Guid(8abd4e7f6f86e8b4cb4820fea28b8f34) Importer(2089858483,0ecaa5967403d082aa24f35e1b516d23)
Start importing Assets/TerrainSampleAssets/Textures/Terrain/Pebbles_A_MaskMap.tif using Guid(8abd4e7f6f86e8b4cb4820fea28b8f34) Importer(2089858483,0ecaa5967403d082aa24f35e1b516d23) [PhysX] Initialized MultithreadedTaskDispatcher with 8 workers.
 -> (artifact id: '3cb01301639b7f67984b4e9cd4d5d776') in 0.006875 seconds
Number of updated asset objects reloaded before import = 0
Number of asset objects unloaded after import = 1
========================================================================
Received Import Request.
  Time since last request: 0.001325 seconds.
  path: Assets/TerrainSampleAssets/Textures/Terrain/Sand_Normal.tif
  artifactKey: Guid(83f03b3c2b2d5df40898d8c2123239ae) Importer(2089858483,0ecaa5967403d082aa24f35e1b516d23)
Start importing Assets/TerrainSampleAssets/Textures/Terrain/Sand_Normal.tif using Guid(83f03b3c2b2d5df40898d8c2123239ae) Importer(2089858483,0ecaa5967403d082aa24f35e1b516d23) [PhysX] Initialized MultithreadedTaskDispatcher with 8 workers.
 -> (artifact id: '16260d5dfc1bc5a2f5b5036342f16ccf') in 0.010529 seconds
Number of updated asset objects reloaded before import = 0
Number of asset objects unloaded after import = 1
========================================================================
Received Import Request.
  Time since last request: 0.000808 seconds.
  path: Assets/Course Library/Audio/Sound Effects/Gameplay/Hurt_C_09_8-Bit_11025Hz.wav
  artifactKey: Guid(430a890fb607d471db897c36240711fa) Importer(2089858483,0ecaa5967403d082aa24f35e1b516d23)
Start importing Assets/Course Library/Audio/Sound Effects/Gameplay/Hurt_C_09_8-Bit_11025Hz.wav using Guid(430a890fb607d471db897c36240711fa) Importer(2089858483,0ecaa5967403d082aa24f35e1b516d23) [PhysX] Initialized MultithreadedTaskDispatcher with 8 workers.
 -> (artifact id: 'a70847586675981b14590d3fe932bdca') in 0.010213 seconds
Number of updated asset objects reloaded before import = 0
Number of asset objects unloaded after import = 1
========================================================================
Received Import Request.
  Time since last request: 0.001494 seconds.
  path: Assets/Course Library/Audio/Sound Effects/Gameplay/Hurt_C_07_8-Bit_11025Hz.wav
  artifactKey: Guid(07f1ca4d96bca46dbbaa5f4483f7a48a) Importer(2089858483,0ecaa5967403d082aa24f35e1b516d23)
Start importing Assets/Course Library/Audio/Sound Effects/Gameplay/Hurt_C_07_8-Bit_11025Hz.wav using Guid(07f1ca4d96bca46dbbaa5f4483f7a48a) Importer(2089858483,0ecaa5967403d082aa24f35e1b516d23) [PhysX] Initialized MultithreadedTaskDispatcher with 8 workers.
 -> (artifact id: 'dfcba0715c0539a6503df26ee18bf6dd') in 0.016530 seconds
Number of updated asset objects reloaded before import = 0
Number of asset objects unloaded after import = 1
========================================================================
Received Import Request.
  Time since last request: 0.006368 seconds.
  path: Assets/Course Library/Audio/Sound Effects/UI/Click 02_Minimal UI Sounds.wav
  artifactKey: Guid(d04cbba9bbc6348ee871b50836a12812) Importer(2089858483,0ecaa5967403d082aa24f35e1b516d23)
Start importing Assets/Course Library/Audio/Sound Effects/UI/Click 02_Minimal UI Sounds.wav using Guid(d04cbba9bbc6348ee871b50836a12812) Importer(2089858483,0ecaa5967403d082aa24f35e1b516d23) [PhysX] Initialized MultithreadedTaskDispatcher with 8 workers.
 -> (artifact id: 'c7a81b774f59b4e10eb10422e41fa959') in 0.013193 seconds
Number of updated asset objects reloaded before import = 0
Number of asset objects unloaded after import = 1
========================================================================
Received Import Request.
  Time since last request: 0.001876 seconds.
  path: Assets/Course Library/Audio/Sound Effects/Gameplay/Sensor 01_8-Bit_11025Hz.wav
  artifactKey: Guid(defa821b9870a4f3daf2db62ae1a43f2) Importer(2089858483,0ecaa5967403d082aa24f35e1b516d23)
Start importing Assets/Course Library/Audio/Sound Effects/Gameplay/Sensor 01_8-Bit_11025Hz.wav using Guid(defa821b9870a4f3daf2db62ae1a43f2) Importer(2089858483,0ecaa5967403d082aa24f35e1b516d23) [PhysX] Initialized MultithreadedTaskDispatcher with 8 workers.
 -> (artifact id: '0a59e905c20e5bbf04ac0f96de6d4e88') in 0.020399 seconds
Number of updated asset objects reloaded before import = 0
Number of asset objects unloaded after import = 1
========================================================================
Received Import Request.
  Time since last request: 0.000885 seconds.
  path: Assets/Course Library/Audio/Sound Effects/Gameplay/Hurt_C_05_8-Bit_11025Hz.wav
  artifactKey: Guid(6148a3565030f4ad4bf1d52a57fc3c7f) Importer(2089858483,0ecaa5967403d082aa24f35e1b516d23)
Start importing Assets/Course Library/Audio/Sound Effects/Gameplay/Hurt_C_05_8-Bit_11025Hz.wav using Guid(6148a3565030f4ad4bf1d52a57fc3c7f) Importer(2089858483,0ecaa5967403d082aa24f35e1b516d23) [PhysX] Initialized MultithreadedTaskDispatcher with 8 workers.
 -> (artifact id: '2bd2632596001b6e6ac2f51f353cdc52') in 0.010542 seconds
Number of updated asset objects reloaded before import = 0
Number of asset objects unloaded after import = 1
========================================================================
Received Import Request.
  Time since last request: 0.001013 seconds.
  path: Assets/TerrainSampleAssets/Textures/Heightmaps/Slope03_Heightmap.tiff
  artifactKey: Guid(282e12329d9099343890f875c1429e1a) Importer(2089858483,0ecaa5967403d082aa24f35e1b516d23)
Start importing Assets/TerrainSampleAssets/Textures/Heightmaps/Slope03_Heightmap.tiff using Guid(282e12329d9099343890f875c1429e1a) Importer(2089858483,0ecaa5967403d082aa24f35e1b516d23) [PhysX] Initialized MultithreadedTaskDispatcher with 8 workers.
 -> (artifact id: 'e5afdfe274e5a6aa739e58296230a33c') in 0.007405 seconds
Number of updated asset objects reloaded before import = 0
Number of asset objects unloaded after import = 1
========================================================================
Received Import Request.
  Time since last request: 0.002331 seconds.
  path: Assets/TerrainSampleAssets/Textures/Terrain/Grass_A_MaskMap.tif
  artifactKey: Guid(bd4c61d030690814097a2076498d1c75) Importer(2089858483,0ecaa5967403d082aa24f35e1b516d23)
Start importing Assets/TerrainSampleAssets/Textures/Terrain/Grass_A_MaskMap.tif using Guid(bd4c61d030690814097a2076498d1c75) Importer(2089858483,0ecaa5967403d082aa24f35e1b516d23) [PhysX] Initialized MultithreadedTaskDispatcher with 8 workers.
 -> (artifact id: 'd4f59b05d0f74f073d6b24d2be296689') in 0.009637 seconds
Number of updated asset objects reloaded before import = 0
Number of asset objects unloaded after import = 1
========================================================================
Received Import Request.
  Time since last request: 0.004738 seconds.
  path: Assets/TerrainSampleAssets/Textures/Terrain/Sand_BaseColor.tif
  artifactKey: Guid(e18ae12a8286a594bae0eb036ce9bc12) Importer(2089858483,0ecaa5967403d082aa24f35e1b516d23)
Start importing Assets/TerrainSampleAssets/Textures/Terrain/Sand_BaseColor.tif using Guid(e18ae12a8286a594bae0eb036ce9bc12) Importer(2089858483,0ecaa5967403d082aa24f35e1b516d23) [PhysX] Initialized MultithreadedTaskDispatcher with 8 workers.
 -> (artifact id: '7065994a60277236570ffd461a4b403c') in 0.006942 seconds
Number of updated asset objects reloaded before import = 0
Number of asset objects unloaded after import = 1
========================================================================
Received Import Request.
  Time since last request: 0.002535 seconds.
  path: Assets/TerrainSampleAssets/Textures/Heightmaps/Mountain06_Heightmap.tif
  artifactKey: Guid(b44a453c2397af74cb81885989043518) Importer(2089858483,0ecaa5967403d082aa24f35e1b516d23)
Start importing Assets/TerrainSampleAssets/Textures/Heightmaps/Mountain06_Heightmap.tif using Guid(b44a453c2397af74cb81885989043518) Importer(2089858483,0ecaa5967403d082aa24f35e1b516d23) [PhysX] Initialized MultithreadedTaskDispatcher with 8 workers.
 -> (artifact id: '9bb912ae373c1aaddc74d23ba3090741') in 0.005902 seconds
Number of updated asset objects reloaded before import = 0
Number of asset objects unloaded after import = 1
========================================================================
Received Import Request.
  Time since last request: 0.002348 seconds.
  path: Assets/Course Library/Audio/Sound Effects/Gameplay/Blip_C_06_8-Bit_11025Hz.wav
  artifactKey: Guid(fc8c7aa9892294b0fb6b98d1063fbbe4) Importer(2089858483,0ecaa5967403d082aa24f35e1b516d23)
Start importing Assets/Course Library/Audio/Sound Effects/Gameplay/Blip_C_06_8-Bit_11025Hz.wav using Guid(fc8c7aa9892294b0fb6b98d1063fbbe4) Importer(2089858483,0ecaa5967403d082aa24f35e1b516d23) [PhysX] Initialized MultithreadedTaskDispatcher with 8 workers.
 -> (artifact id: '95affa94c2600b7c90b970f2daccdf13') in 0.023292 seconds
Number of updated asset objects reloaded before import = 0
Number of asset objects unloaded after import = 1
========================================================================
Received Import Request.
  Time since last request: 0.003809 seconds.
  path: Assets/TerrainSampleAssets/Textures/Terrain/Grass_Moss_Normal.tif
  artifactKey: Guid(2114e87dbc5872042860b1588217688e) Importer(2089858483,0ecaa5967403d082aa24f35e1b516d23)
Start importing Assets/TerrainSampleAssets/Textures/Terrain/Grass_Moss_Normal.tif using Guid(2114e87dbc5872042860b1588217688e) Importer(2089858483,0ecaa5967403d082aa24f35e1b516d23) [PhysX] Initialized MultithreadedTaskDispatcher with 8 workers.
 -> (artifact id: 'edc426371bce632606183b432d3a3f28') in 0.008760 seconds
Number of updated asset objects reloaded before import = 0
Number of asset objects unloaded after import = 1
========================================================================
Received Import Request.
  Time since last request: 0.003564 seconds.
  path: Assets/TerrainSampleAssets/Textures/Heightmaps/Slope01_Heightmap.tiff
  artifactKey: Guid(ef9c4dc3cb0fed644b548b70ef4f61a8) Importer(2089858483,0ecaa5967403d082aa24f35e1b516d23)
Start importing Assets/TerrainSampleAssets/Textures/Heightmaps/Slope01_Heightmap.tiff using Guid(ef9c4dc3cb0fed644b548b70ef4f61a8) Importer(2089858483,0ecaa5967403d082aa24f35e1b516d23) [PhysX] Initialized MultithreadedTaskDispatcher with 8 workers.
 -> (artifact id: 'd136a169b0300e609a9486f1e0c30c24') in 0.009217 seconds
Number of updated asset objects reloaded before import = 0
Number of asset objects unloaded after import = 1
========================================================================
Received Import Request.
  Time since last request: 0.002051 seconds.
  path: Assets/Course Library/Audio/Sound Effects/Gameplay/Zap_C_09_8-Bit_11025Hz.wav
  artifactKey: Guid(69575d593f4524383ac9225744c1bc56) Importer(2089858483,0ecaa5967403d082aa24f35e1b516d23)
Start importing Assets/Course Library/Audio/Sound Effects/Gameplay/Zap_C_09_8-Bit_11025Hz.wav using Guid(69575d593f4524383ac9225744c1bc56) Importer(2089858483,0ecaa5967403d082aa24f35e1b516d23) [PhysX] Initialized MultithreadedTaskDispatcher with 8 workers.
 -> (artifact id: '5db76ce84b4716d96738444f0f9b6294') in 0.022046 seconds
Number of updated asset objects reloaded before import = 0
Number of asset objects unloaded after import = 1
========================================================================
Received Import Request.
  Time since last request: 0.000512 seconds.
  path: Assets/TerrainSampleAssets/Textures/Terrain/Rock_Normal.tif
  artifactKey: Guid(d39a1b9e5d5c7b9499f579fa5c70a2a3) Importer(2089858483,0ecaa5967403d082aa24f35e1b516d23)
Start importing Assets/TerrainSampleAssets/Textures/Terrain/Rock_Normal.tif using Guid(d39a1b9e5d5c7b9499f579fa5c70a2a3) Importer(2089858483,0ecaa5967403d082aa24f35e1b516d23) [PhysX] Initialized MultithreadedTaskDispatcher with 8 workers.
 -> (artifact id: '76295fe27ec5640a8d28201d450a8971') in 0.007903 seconds
Number of updated asset objects reloaded before import = 0
Number of asset objects unloaded after import = 1
========================================================================
Received Import Request.
  Time since last request: 0.003659 seconds.
  path: Assets/TerrainSampleAssets/Textures/Heightmaps/Slope04_Heightmap.tiff
  artifactKey: Guid(bac2ee7bfc3dea8438d082adcfe5219b) Importer(2089858483,0ecaa5967403d082aa24f35e1b516d23)
Start importing Assets/TerrainSampleAssets/Textures/Heightmaps/Slope04_Heightmap.tiff using Guid(bac2ee7bfc3dea8438d082adcfe5219b) Importer(2089858483,0ecaa5967403d082aa24f35e1b516d23) [PhysX] Initialized MultithreadedTaskDispatcher with 8 workers.
 -> (artifact id: '3c2954f1256f6425cb519f7f4a098eb0') in 0.008754 seconds
Number of updated asset objects reloaded before import = 0
Number of asset objects unloaded after import = 1
========================================================================
Received Import Request.
  Time since last request: 0.002695 seconds.
  path: Assets/Course Library/Audio/Sound Effects/UI/Click 01_Minimal UI Sounds.wav
  artifactKey: Guid(667390647aa874fe7a3dc7cd1fabdeef) Importer(2089858483,0ecaa5967403d082aa24f35e1b516d23)
Start importing Assets/Course Library/Audio/Sound Effects/UI/Click 01_Minimal UI Sounds.wav using Guid(667390647aa874fe7a3dc7cd1fabdeef) Importer(2089858483,0ecaa5967403d082aa24f35e1b516d23) [PhysX] Initialized MultithreadedTaskDispatcher with 8 workers.
 -> (artifact id: '186ce0f09f64dc9fa21dff0e9bebc38e') in 0.011142 seconds
Number of updated asset objects reloaded before import = 0
Number of asset objects unloaded after import = 1
========================================================================
Received Import Request.
  Time since last request: 0.006173 seconds.
  path: Assets/TerrainSampleAssets/Textures/Heightmaps/Ridge04_Heightmap.tif
  artifactKey: Guid(440810c88740a8045949d48b489e443b) Importer(2089858483,0ecaa5967403d082aa24f35e1b516d23)
Start importing Assets/TerrainSampleAssets/Textures/Heightmaps/Ridge04_Heightmap.tif using Guid(440810c88740a8045949d48b489e443b) Importer(2089858483,0ecaa5967403d082aa24f35e1b516d23) [PhysX] Initialized MultithreadedTaskDispatcher with 8 workers.
 -> (artifact id: '756addbb28350130040419f036b72686') in 0.008642 seconds
Number of updated asset objects reloaded before import = 0
Number of asset objects unloaded after import = 1
========================================================================
Received Import Request.
  Time since last request: 0.151473 seconds.
  path: Assets/Course Library/_Source_Files/FBX/Animations/SimpleCharacter_5.0.controller
  artifactKey: Guid(1de385df2ff713a41adfcbbb63b8af91) Importer(2089858483,0ecaa5967403d082aa24f35e1b516d23)
Start importing Assets/Course Library/_Source_Files/FBX/Animations/SimpleCharacter_5.0.controller using Guid(1de385df2ff713a41adfcbbb63b8af91) Importer(2089858483,0ecaa5967403d082aa24f35e1b516d23) [PhysX] Initialized MultithreadedTaskDispatcher with 8 workers.
 -> (artifact id: '158057eb5fc2acf16210bda74aaa7316') in 0.018631 seconds
Number of updated asset objects reloaded before import = 0
Number of asset objects unloaded after import = 302
Editor requested this worker to shutdown with reason: balancing worker count downwards
TcpMessagingSession - receive error: operation aborted. errorcode: 89, details: Operation aborted.
AssetImportWorker is now disconnected from the server
Process exiting
