Unity Editor version:    2022.3.59f1 (630718f645a5)
Branch:                  2022.3/staging
Build type:              Release
Batch mode:              YES
macOS version:           Version 15.3.2 (Build 24D81)
Darwin version:          24.3.0
Architecture:            arm64
Running under Rosetta:   NO
Available memory:        16384 MB
Using pre-set license
Pro License: YES

COMMAND LINE ARGUMENTS:
/Applications/Unity/Hub/Editor/2022.3.59f1/Unity.app/Contents/MacOS/Unity
-adb2
-batchMode
-noUpm
-name
AssetImportWorker3
-projectPath
/Users/oliveswarts/Playground_Scene/Final_Playground_Project
-logFile
Logs/AssetImportWorker3.log
-srvPort
51599
Successfully changed project path to: /Users/oliveswarts/Playground_Scene/Final_Playground_Project
/Users/oliveswarts/Playground_Scene/Final_Playground_Project
[UnityMemory] Configuration Parameters - Can be set up in boot.config
    "memorysetup-bucket-allocator-granularity=16"
    "memorysetup-bucket-allocator-bucket-count=8"
    "memorysetup-bucket-allocator-block-size=33554432"
    "memorysetup-bucket-allocator-block-count=8"
    "memorysetup-main-allocator-block-size=16777216"
    "memorysetup-thread-allocator-block-size=16777216"
    "memorysetup-gfx-main-allocator-block-size=16777216"
    "memorysetup-gfx-thread-allocator-block-size=16777216"
    "memorysetup-cache-allocator-block-size=4194304"
    "memorysetup-typetree-allocator-block-size=2097152"
    "memorysetup-profiler-bucket-allocator-granularity=16"
    "memorysetup-profiler-bucket-allocator-bucket-count=8"
    "memorysetup-profiler-bucket-allocator-block-size=33554432"
    "memorysetup-profiler-bucket-allocator-block-count=8"
    "memorysetup-profiler-allocator-block-size=16777216"
    "memorysetup-profiler-editor-allocator-block-size=1048576"
    "memorysetup-temp-allocator-size-main=16777216"
    "memorysetup-job-temp-allocator-block-size=2097152"
    "memorysetup-job-temp-allocator-block-size-background=1048576"
    "memorysetup-job-temp-allocator-reduction-small-platforms=262144"
    "memorysetup-allocator-temp-initial-block-size-main=262144"
    "memorysetup-allocator-temp-initial-block-size-worker=262144"
    "memorysetup-temp-allocator-size-background-worker=32768"
    "memorysetup-temp-allocator-size-job-worker=262144"
    "memorysetup-temp-allocator-size-preload-manager=33554432"
    "memorysetup-temp-allocator-size-nav-mesh-worker=65536"
    "memorysetup-temp-allocator-size-audio-worker=65536"
    "memorysetup-temp-allocator-size-cloud-worker=32768"
    "memorysetup-temp-allocator-size-gi-baking-worker=262144"
    "memorysetup-temp-allocator-size-gfx=262144"
Player connection [8313096256]  Target information:

Player connection [8313096256]  * "[IP] 100.107.30.155 [Port] 0 [Flags] 2 [Guid] 1258855687 [EditorId] 1258855687 [Version] 1048832 [Id] OSXEditor(0,Olives-MacBook-Air.local) [Debug] 1 [PackageName] OSXEditor [ProjectName] Editor" 

Player connection [8313096256] Host joined multi-casting on [225.0.0.222:54997]...
Player connection [8313096256] Host joined alternative multi-casting on [225.0.0.222:34997]...
Input System module state changed to: Initialized.
[PhysX] Initialized MultithreadedTaskDispatcher with 8 workers.
Refreshing native plugins compatible for Editor in 14.54 ms, found 2 plugins.
Preloading 0 native plugins for Editor in 0.00 ms.
Initialize engine version: 2022.3.59f1 (630718f645a5)
[Subsystems] Discovering subsystems at path /Applications/Unity/Hub/Editor/2022.3.59f1/Unity.app/Contents/Resources/UnitySubsystems
[Subsystems] Discovering subsystems at path /Users/oliveswarts/Playground_Scene/Final_Playground_Project/Assets
GfxDevice: creating device client; threaded=0; jobified=0
 preferred device: Apple M3 (high power)
Metal devices available: 1
0: Apple M3 (high power)
Using device Apple M3 (high power)
Initializing Metal device caps: Apple M3
Initialize mono
Mono path[0] = '/Applications/Unity/Hub/Editor/2022.3.59f1/Unity.app/Contents/Managed'
Mono path[1] = '/Applications/Unity/Hub/Editor/2022.3.59f1/Unity.app/Contents/MonoBleedingEdge/lib/mono/unityjit-macos'
Mono config path = '/Applications/Unity/Hub/Editor/2022.3.59f1/Unity.app/Contents/MonoBleedingEdge/etc'
Using monoOptions --debugger-agent=transport=dt_socket,embedding=1,server=y,suspend=n,address=127.0.0.1:56617
Begin MonoManager ReloadAssembly
Registering precompiled unity dll's ...
Register platform support module: /Applications/Unity/Hub/Editor/2022.3.59f1/Unity.app/Contents/PlaybackEngines/MacStandaloneSupport/UnityEditor.OSXStandalone.Extensions.dll
Registered in 0.002272 seconds.
- Loaded All Assemblies, in  0.258 seconds
Native extension for OSXStandalone target not found
Mono: successfully reloaded assembly
- Finished resetting the current domain, in  0.185 seconds
Domain Reload Profiling: 443ms
	BeginReloadAssembly (83ms)
		ExecutionOrderSort (0ms)
		DisableScriptedObjects (0ms)
		BackupInstance (0ms)
		ReleaseScriptingObjects (0ms)
		CreateAndSetChildDomain (0ms)
	RebuildCommonClasses (22ms)
	RebuildNativeTypeToScriptingClass (7ms)
	initialDomainReloadingComplete (37ms)
	LoadAllAssembliesAndSetupDomain (109ms)
		LoadAssemblies (83ms)
		RebuildTransferFunctionScriptingTraits (0ms)
		AnalyzeDomain (107ms)
			TypeCache.Refresh (106ms)
				TypeCache.ScanAssembly (92ms)
			ScanForSourceGeneratedMonoScriptInfo (0ms)
			ResolveRequiredComponents (0ms)
	FinalizeReload (186ms)
		ReleaseScriptCaches (0ms)
		RebuildScriptCaches (0ms)
		SetupLoadedEditorAssemblies (156ms)
			LogAssemblyErrors (0ms)
			InitializePlatformSupportModulesInManaged (7ms)
			SetLoadedEditorAssemblies (8ms)
			RefreshPlugins (0ms)
			BeforeProcessingInitializeOnLoad (1ms)
			ProcessInitializeOnLoadAttributes (103ms)
			ProcessInitializeOnLoadMethodAttributes (37ms)
			AfterProcessingInitializeOnLoad (0ms)
			EditorAssembliesLoaded (0ms)
		ExecutionOrderSort2 (0ms)
		AwakeInstancesAfterBackupRestoration (0ms)
========================================================================
Worker process is ready to serve import requests
Caller must complete domain reload
Begin MonoManager ReloadAssembly
- Loaded All Assemblies, in  0.588 seconds
Native extension for OSXStandalone target not found
Mono: successfully reloaded assembly
- Finished resetting the current domain, in  0.444 seconds
Domain Reload Profiling: 1026ms
	BeginReloadAssembly (91ms)
		ExecutionOrderSort (0ms)
		DisableScriptedObjects (3ms)
		BackupInstance (0ms)
		ReleaseScriptingObjects (0ms)
		CreateAndSetChildDomain (33ms)
	RebuildCommonClasses (24ms)
	RebuildNativeTypeToScriptingClass (8ms)
	initialDomainReloadingComplete (27ms)
	LoadAllAssembliesAndSetupDomain (433ms)
		LoadAssemblies (283ms)
		RebuildTransferFunctionScriptingTraits (0ms)
		AnalyzeDomain (179ms)
			TypeCache.Refresh (155ms)
				TypeCache.ScanAssembly (128ms)
			ScanForSourceGeneratedMonoScriptInfo (12ms)
			ResolveRequiredComponents (12ms)
	FinalizeReload (444ms)
		ReleaseScriptCaches (0ms)
		RebuildScriptCaches (0ms)
		SetupLoadedEditorAssemblies (341ms)
			LogAssemblyErrors (0ms)
			InitializePlatformSupportModulesInManaged (5ms)
			SetLoadedEditorAssemblies (2ms)
			RefreshPlugins (0ms)
			BeforeProcessingInitializeOnLoad (37ms)
			ProcessInitializeOnLoadAttributes (239ms)
			ProcessInitializeOnLoadMethodAttributes (57ms)
			AfterProcessingInitializeOnLoad (1ms)
			EditorAssembliesLoaded (0ms)
		ExecutionOrderSort2 (0ms)
		AwakeInstancesAfterBackupRestoration (2ms)
Launching external process: /Applications/Unity/Hub/Editor/2022.3.59f1/Unity.app/Contents/Tools/UnityShaderCompiler
Launched and connected shader compiler UnityShaderCompiler after 0.05 seconds
Refreshing native plugins compatible for Editor in 1.37 ms, found 2 plugins.
Preloading 0 native plugins for Editor in 0.00 ms.
Unloading 4889 Unused Serialized files (Serialized files now loaded: 0)
Unloading 25 unused Assets / (364.6 KB). Loaded Objects now: 5350.
Memory consumption went from 202.9 MB to 202.5 MB.
Total: 8.729125 ms (FindLiveObjects: 0.440959 ms CreateObjectMapping: 0.187708 ms MarkObjects: 7.954625 ms  DeleteObjects: 0.145333 ms)

AssetImportParameters requested are different than current active one (requested -> active):
  custom:container-demuxer-ogg: 62fdf1f143b41e24485cea50d1cbac27 -> 
  custom:video-decoder-ogg-theora: a1e56fd34408186e4bbccfd4996cb3dc -> 
  custom:CustomObjectIndexerAttribute: 72b91833f83ae208fae7752999fa3104 -> 
  custom:container-demuxer-webm: 4f35f7cbe854078d1ac9338744f61a02 -> 
  custom:container-muxer-webm: aa71ff27fc2769a1b78a27578f13a17b -> 
  custom:video-decoder-webm-vp8: 9c59270c3fd7afecdb556c50c9e8de78 -> 
  custom:SearchIndexIgnoredProperties: e643bd26f0fe6173181afceb89e7c659 -> 
  custom:AudioImporter_EditorPlatform: 3918e3fc78b5a79bad01e8451be0beb8 -> 
  custom:framework-osx-AVFoundation: e770b220cccbd017edd2c1fefb359320 -> 
  custom:video-encoder-webm-vp8: eb34c28f22e8b96e1ab97ce403110664 -> 
  custom:audio-decoder-ogg-vorbis: bf7c407c2cedff20999df2af8eb42d56 -> 
  custom:audio-encoder-webm-vorbis: bf7c407c2cedff20999df2af8eb42d56 -> 
========================================================================
Received Import Request.
  Time since last request: 337827.770432 seconds.
  path: Assets/TerrainSampleAssets/Models/Grass_A.asset
  artifactKey: Guid(c8542799e804ef04eb35ba93777008a8) Importer(2089858483,3d70f49cd1c2eb9ae422958d1c652c6b)
Start importing Assets/TerrainSampleAssets/Models/Grass_A.asset using Guid(c8542799e804ef04eb35ba93777008a8) Importer(2089858483,3d70f49cd1c2eb9ae422958d1c652c6b) [PhysX] Initialized MultithreadedTaskDispatcher with 8 workers.
 -> (artifact id: '4f8418dd619e2eca1ec4cecbc4a4ceb0') in 0.121040 seconds
Number of updated asset objects reloaded before import = 0
Number of asset objects unloaded after import = 0
========================================================================
Received Import Request.
  Time since last request: 0.006968 seconds.
  path: Assets/Course Library/Objects/Obstacles/Synty_Cube_01.prefab
  artifactKey: Guid(feddb6666a6474b4a80e6e7fc805f21f) Importer(2089858483,3d70f49cd1c2eb9ae422958d1c652c6b)
Start importing Assets/Course Library/Objects/Obstacles/Synty_Cube_01.prefab using Guid(feddb6666a6474b4a80e6e7fc805f21f) Importer(2089858483,3d70f49cd1c2eb9ae422958d1c652c6b) [PhysX] Initialized MultithreadedTaskDispatcher with 8 workers.
 -> (artifact id: '8333579aa7b20b6b9937204b390f6a4a') in 0.010434 seconds
Number of updated asset objects reloaded before import = 0
Number of asset objects unloaded after import = 9
========================================================================
Received Import Request.
  Time since last request: 0.000122 seconds.
  path: Assets/TerrainSampleAssets/Materials/Grass.asset
  artifactKey: Guid(fc123ab8f2eb56945b5849155624e2c0) Importer(2089858483,0ecaa5967403d082aa24f35e1b516d23)
Start importing Assets/TerrainSampleAssets/Materials/Grass.asset using Guid(fc123ab8f2eb56945b5849155624e2c0) Importer(2089858483,0ecaa5967403d082aa24f35e1b516d23) [PhysX] Initialized MultithreadedTaskDispatcher with 8 workers.
 -> (artifact id: '8296c677315990542760c45fa69b763e') in 0.574473 seconds
Number of updated asset objects reloaded before import = 0
Number of asset objects unloaded after import = 6
========================================================================
Received Import Request.
  Time since last request: 0.115874 seconds.
  path: Assets/Course Library/_Source_Files/FBX/Prop_Barrier02.fbx
  artifactKey: Guid(78056cefff7010745ae502ceee2d13e2) Importer(2089858483,0ecaa5967403d082aa24f35e1b516d23)
Start importing Assets/Course Library/_Source_Files/FBX/Prop_Barrier02.fbx using Guid(78056cefff7010745ae502ceee2d13e2) Importer(2089858483,0ecaa5967403d082aa24f35e1b516d23) [PhysX] Initialized MultithreadedTaskDispatcher with 8 workers.
 -> (artifact id: 'fcd9dfacc77ed8f01e26d853272f10ab') in 0.024407 seconds
Number of updated asset objects reloaded before import = 0
Number of asset objects unloaded after import = 9
========================================================================
Received Import Request.
  Time since last request: 0.001203 seconds.
  path: Assets/Course Library/_Source_Files/FBX/SM_Icon_Balloon_01.fbx
  artifactKey: Guid(2b1600b8b48e3ac4c87e5d81a4153ab7) Importer(2089858483,0ecaa5967403d082aa24f35e1b516d23)
Start importing Assets/Course Library/_Source_Files/FBX/SM_Icon_Balloon_01.fbx using Guid(2b1600b8b48e3ac4c87e5d81a4153ab7) Importer(2089858483,0ecaa5967403d082aa24f35e1b516d23) [PhysX] Initialized MultithreadedTaskDispatcher with 8 workers.
 -> (artifact id: '3f7ee5286aeeeac5612475d0aef5251e') in 0.010846 seconds
Number of updated asset objects reloaded before import = 0
Number of asset objects unloaded after import = 7
========================================================================
Received Import Request.
  Time since last request: 0.000637 seconds.
  path: Assets/Course Library/_Source_Files/Materials/FX_Water.mat
  artifactKey: Guid(daf5714b1bd61c84fb8f439922ec2664) Importer(2089858483,0ecaa5967403d082aa24f35e1b516d23)
Start importing Assets/Course Library/_Source_Files/Materials/FX_Water.mat using Guid(daf5714b1bd61c84fb8f439922ec2664) Importer(2089858483,0ecaa5967403d082aa24f35e1b516d23) [PhysX] Initialized MultithreadedTaskDispatcher with 8 workers.
 -> (artifact id: 'a7036410c0fecbcb4c8c0f5b5a6e3556') in 0.001967 seconds
Number of updated asset objects reloaded before import = 0
Number of asset objects unloaded after import = 1
========================================================================
Received Import Request.
  Time since last request: 0.002095 seconds.
  path: Assets/Course Library/_Source_Files/Materials/FX_Glow.mat
  artifactKey: Guid(040cfa3c61ad57946ae16c627e338920) Importer(2089858483,0ecaa5967403d082aa24f35e1b516d23)
Start importing Assets/Course Library/_Source_Files/Materials/FX_Glow.mat using Guid(040cfa3c61ad57946ae16c627e338920) Importer(2089858483,0ecaa5967403d082aa24f35e1b516d23) [PhysX] Initialized MultithreadedTaskDispatcher with 8 workers.
 -> (artifact id: '351965e66e010ab5697dba7cb8a39e3d') in 0.005896 seconds
Number of updated asset objects reloaded before import = 0
Number of asset objects unloaded after import = 1
========================================================================
Received Import Request.
  Time since last request: 0.000397 seconds.
  path: Assets/Course Library/_Source_Files/FBX/ST_Veh_Van_Green_Z.fbx
  artifactKey: Guid(576da546347c040428bb0204a37e73d3) Importer(2089858483,0ecaa5967403d082aa24f35e1b516d23)
Start importing Assets/Course Library/_Source_Files/FBX/ST_Veh_Van_Green_Z.fbx using Guid(576da546347c040428bb0204a37e73d3) Importer(2089858483,0ecaa5967403d082aa24f35e1b516d23) [PhysX] Initialized MultithreadedTaskDispatcher with 8 workers.
 -> (artifact id: 'e049b02cb2f3214b06d6b02121409237') in 0.014999 seconds
Number of updated asset objects reloaded before import = 0
Number of asset objects unloaded after import = 27
========================================================================
Received Import Request.
  Time since last request: 0.000321 seconds.
  path: Assets/Course Library/_Source_Files/Materials/PolygonNature_MountainSkybox_Snow.mat
  artifactKey: Guid(fb87686c53fbcc24a867e24f6b622498) Importer(2089858483,0ecaa5967403d082aa24f35e1b516d23)
Start importing Assets/Course Library/_Source_Files/Materials/PolygonNature_MountainSkybox_Snow.mat using Guid(fb87686c53fbcc24a867e24f6b622498) Importer(2089858483,0ecaa5967403d082aa24f35e1b516d23) [PhysX] Initialized MultithreadedTaskDispatcher with 8 workers.
 -> (artifact id: '912ab527b72608fe2c1fd7dd58936903') in 0.101912 seconds
Number of updated asset objects reloaded before import = 0
Number of asset objects unloaded after import = 2
========================================================================
Received Import Request.
  Time since last request: 0.004786 seconds.
  path: Assets/Course Library/_Source_Files/FBX/SI_Food_Organic_Pear_02.fbx
  artifactKey: Guid(fac3f861a349d484a91061b9ed7aa40d) Importer(2089858483,0ecaa5967403d082aa24f35e1b516d23)
Start importing Assets/Course Library/_Source_Files/FBX/SI_Food_Organic_Pear_02.fbx using Guid(fac3f861a349d484a91061b9ed7aa40d) Importer(2089858483,0ecaa5967403d082aa24f35e1b516d23) [PhysX] Initialized MultithreadedTaskDispatcher with 8 workers.
 -> (artifact id: 'cb8577b16dcc94bc51e5de5f8d9990e2') in 0.007850 seconds
Number of updated asset objects reloaded before import = 0
Number of asset objects unloaded after import = 7
========================================================================
Received Import Request.
  Time since last request: 0.003917 seconds.
  path: Assets/Course Library/_Source_Files/Materials/SimpleFarmer_Farmer_Black.mat
  artifactKey: Guid(4ffb04dab08f3bc46b4bae49c8873e63) Importer(2089858483,0ecaa5967403d082aa24f35e1b516d23)
Start importing Assets/Course Library/_Source_Files/Materials/SimpleFarmer_Farmer_Black.mat using Guid(4ffb04dab08f3bc46b4bae49c8873e63) Importer(2089858483,0ecaa5967403d082aa24f35e1b516d23) [PhysX] Initialized MultithreadedTaskDispatcher with 8 workers.
 -> (artifact id: 'e869f68a77f999aadc47b15a99b5fb19') in 0.004318 seconds
Number of updated asset objects reloaded before import = 0
Number of asset objects unloaded after import = 2
========================================================================
Received Import Request.
  Time since last request: 0.003384 seconds.
  path: Assets/Course Library/_Source_Files/FBX/SI_MultiplierIcon.fbx
  artifactKey: Guid(7b2e43c7f0b75f54789417d03a4eb3cb) Importer(2089858483,0ecaa5967403d082aa24f35e1b516d23)
Start importing Assets/Course Library/_Source_Files/FBX/SI_MultiplierIcon.fbx using Guid(7b2e43c7f0b75f54789417d03a4eb3cb) Importer(2089858483,0ecaa5967403d082aa24f35e1b516d23) [PhysX] Initialized MultithreadedTaskDispatcher with 8 workers.
 -> (artifact id: '3e12faf00550d305201a7bbd318ed419') in 0.007249 seconds
Number of updated asset objects reloaded before import = 0
Number of asset objects unloaded after import = 7
========================================================================
Received Import Request.
  Time since last request: 0.005410 seconds.
  path: Assets/Course Library/_Source_Files/FBX/SM_Prop_Bone_01.fbx
  artifactKey: Guid(828481e15b18a254c882f17660366d71) Importer(2089858483,0ecaa5967403d082aa24f35e1b516d23)
Start importing Assets/Course Library/_Source_Files/FBX/SM_Prop_Bone_01.fbx using Guid(828481e15b18a254c882f17660366d71) Importer(2089858483,0ecaa5967403d082aa24f35e1b516d23) [PhysX] Initialized MultithreadedTaskDispatcher with 8 workers.
 -> (artifact id: '05877aea291c3da2761a7673f3decd9d') in 0.007434 seconds
Number of updated asset objects reloaded before import = 0
Number of asset objects unloaded after import = 7
========================================================================
Received Import Request.
  Time since last request: 0.000797 seconds.
  path: Assets/Course Library/_Source_Files/FBX/SM_Item_Ball_American_01.fbx
  artifactKey: Guid(eba46a380450fdf458c93cbedb07ed96) Importer(2089858483,0ecaa5967403d082aa24f35e1b516d23)
Start importing Assets/Course Library/_Source_Files/FBX/SM_Item_Ball_American_01.fbx using Guid(eba46a380450fdf458c93cbedb07ed96) Importer(2089858483,0ecaa5967403d082aa24f35e1b516d23) [PhysX] Initialized MultithreadedTaskDispatcher with 8 workers.
 -> (artifact id: '0b6a6081cdba6489f20bc9de492f9877') in 0.005266 seconds
Number of updated asset objects reloaded before import = 0
Number of asset objects unloaded after import = 7
========================================================================
Received Import Request.
  Time since last request: 0.226620 seconds.
  path: Assets/Course Library/_Source_Files/Materials/SimpleForestAnimals.mat
  artifactKey: Guid(a47734c228690c7408645b04cd1a2550) Importer(2089858483,0ecaa5967403d082aa24f35e1b516d23)
Start importing Assets/Course Library/_Source_Files/Materials/SimpleForestAnimals.mat using Guid(a47734c228690c7408645b04cd1a2550) Importer(2089858483,0ecaa5967403d082aa24f35e1b516d23) [PhysX] Initialized MultithreadedTaskDispatcher with 8 workers.
 -> (artifact id: 'cb62bd515d21d86121b12a83a87776aa') in 0.004758 seconds
Number of updated asset objects reloaded before import = 0
Number of asset objects unloaded after import = 2
========================================================================
Received Import Request.
  Time since last request: 0.000449 seconds.
  path: Assets/Course Library/_Source_Files/Materials/SimplePeople_BusinessMan_White.mat
  artifactKey: Guid(497bbddce010fea4da3dcb5c5210ad16) Importer(2089858483,0ecaa5967403d082aa24f35e1b516d23)
Start importing Assets/Course Library/_Source_Files/Materials/SimplePeople_BusinessMan_White.mat using Guid(497bbddce010fea4da3dcb5c5210ad16) Importer(2089858483,0ecaa5967403d082aa24f35e1b516d23) [PhysX] Initialized MultithreadedTaskDispatcher with 8 workers.
 -> (artifact id: '3e11d99c9b8663fb9379433e198190fd') in 0.005659 seconds
Number of updated asset objects reloaded before import = 0
Number of asset objects unloaded after import = 2
========================================================================
Received Import Request.
  Time since last request: 0.003182 seconds.
  path: Assets/Course Library/_Source_Files/Materials/SimplePeople_RoadWorker_White.mat
  artifactKey: Guid(7cbaac20d34fa5d4eb775ebf3e14e643) Importer(2089858483,0ecaa5967403d082aa24f35e1b516d23)
Start importing Assets/Course Library/_Source_Files/Materials/SimplePeople_RoadWorker_White.mat using Guid(7cbaac20d34fa5d4eb775ebf3e14e643) Importer(2089858483,0ecaa5967403d082aa24f35e1b516d23) [PhysX] Initialized MultithreadedTaskDispatcher with 8 workers.
 -> (artifact id: 'ecc031c21e533c66f42b769a1995be29') in 0.005664 seconds
Number of updated asset objects reloaded before import = 0
Number of asset objects unloaded after import = 2
========================================================================
Received Import Request.
  Time since last request: 0.000872 seconds.
  path: Assets/Course Library/_Source_Files/Textures/PolygonTown_Emissive_01.png
  artifactKey: Guid(1fcd1ae03d871fb4987369e5bda45094) Importer(2089858483,0ecaa5967403d082aa24f35e1b516d23)
Start importing Assets/Course Library/_Source_Files/Textures/PolygonTown_Emissive_01.png using Guid(1fcd1ae03d871fb4987369e5bda45094) Importer(2089858483,0ecaa5967403d082aa24f35e1b516d23) [PhysX] Initialized MultithreadedTaskDispatcher with 8 workers.
 -> (artifact id: 'd6cac57797afa1b2e89e79b7b5059dc6') in 0.022930 seconds
Number of updated asset objects reloaded before import = 0
Number of asset objects unloaded after import = 1
========================================================================
Received Import Request.
  Time since last request: 0.000582 seconds.
  path: Assets/TerrainSampleAssets/Textures/Details/BushDry_BaseColor.tif
  artifactKey: Guid(a366a386d5147ee47b6111652608c240) Importer(2089858483,0ecaa5967403d082aa24f35e1b516d23)
Start importing Assets/TerrainSampleAssets/Textures/Details/BushDry_BaseColor.tif using Guid(a366a386d5147ee47b6111652608c240) Importer(2089858483,0ecaa5967403d082aa24f35e1b516d23) [PhysX] Initialized MultithreadedTaskDispatcher with 8 workers.
 -> (artifact id: 'a9e7eeb7d5ee22f583e9fc3247d5ca1a') in 0.011600 seconds
Number of updated asset objects reloaded before import = 0
Number of asset objects unloaded after import = 1
========================================================================
Received Import Request.
  Time since last request: 0.005779 seconds.
  path: Assets/TerrainSampleAssets/Textures/Details/Grass_C_MaskMap.tif
  artifactKey: Guid(20e5036a7508c01479cdb7338b1c86cc) Importer(2089858483,0ecaa5967403d082aa24f35e1b516d23)
Start importing Assets/TerrainSampleAssets/Textures/Details/Grass_C_MaskMap.tif using Guid(20e5036a7508c01479cdb7338b1c86cc) Importer(2089858483,0ecaa5967403d082aa24f35e1b516d23) [PhysX] Initialized MultithreadedTaskDispatcher with 8 workers.
 -> (artifact id: 'd0a48a8a0373df30730f7b445c393924') in 0.005301 seconds
Number of updated asset objects reloaded before import = 0
Number of asset objects unloaded after import = 1
========================================================================
Received Import Request.
  Time since last request: 0.001809 seconds.
  path: Assets/TerrainSampleAssets/Textures/Details/Grass_A_BaseColor.tif
  artifactKey: Guid(9bf68c6e5059e7549b60e91ca11987a6) Importer(2089858483,0ecaa5967403d082aa24f35e1b516d23)
Start importing Assets/TerrainSampleAssets/Textures/Details/Grass_A_BaseColor.tif using Guid(9bf68c6e5059e7549b60e91ca11987a6) Importer(2089858483,0ecaa5967403d082aa24f35e1b516d23) [PhysX] Initialized MultithreadedTaskDispatcher with 8 workers.
 -> (artifact id: '9d052633ef4d38eb1e1e00786a2ebe58') in 0.006784 seconds
Number of updated asset objects reloaded before import = 0
Number of asset objects unloaded after import = 1
========================================================================
Received Import Request.
  Time since last request: 0.002507 seconds.
  path: Assets/Course Library/_Source_Files/Textures/SimpleItems.png
  artifactKey: Guid(38bd1ccdaa9721c4f9c197f3e9e6b9d3) Importer(2089858483,0ecaa5967403d082aa24f35e1b516d23)
Start importing Assets/Course Library/_Source_Files/Textures/SimpleItems.png using Guid(38bd1ccdaa9721c4f9c197f3e9e6b9d3) Importer(2089858483,0ecaa5967403d082aa24f35e1b516d23) [PhysX] Initialized MultithreadedTaskDispatcher with 8 workers.
 -> (artifact id: 'a1cc2a8720ec8d74b92cf888f36b5b2a') in 0.011966 seconds
Number of updated asset objects reloaded before import = 0
Number of asset objects unloaded after import = 1
========================================================================
Received Import Request.
  Time since last request: 0.001100 seconds.
  path: Assets/TerrainSampleAssets/Textures/Details/Plant_MaskMap.tif
  artifactKey: Guid(58f96e5085ad49449a678cbc76949e47) Importer(2089858483,0ecaa5967403d082aa24f35e1b516d23)
Start importing Assets/TerrainSampleAssets/Textures/Details/Plant_MaskMap.tif using Guid(58f96e5085ad49449a678cbc76949e47) Importer(2089858483,0ecaa5967403d082aa24f35e1b516d23) [PhysX] Initialized MultithreadedTaskDispatcher with 8 workers.
 -> (artifact id: '7cc1c4e6223e65e8f37f8c7d026ff461') in 0.007494 seconds
Number of updated asset objects reloaded before import = 0
Number of asset objects unloaded after import = 1
========================================================================
Received Import Request.
  Time since last request: 0.003549 seconds.
  path: Assets/Course Library/_Source_Files/Misc/Mask_Head.mask
  artifactKey: Guid(f4bf3f6dc42479e47b1fd0e457094fb7) Importer(2089858483,0ecaa5967403d082aa24f35e1b516d23)
Start importing Assets/Course Library/_Source_Files/Misc/Mask_Head.mask using Guid(f4bf3f6dc42479e47b1fd0e457094fb7) Importer(2089858483,0ecaa5967403d082aa24f35e1b516d23) [PhysX] Initialized MultithreadedTaskDispatcher with 8 workers.
 -> (artifact id: 'f3431fa3a12a2412028b3a2e2f47a750') in 0.003967 seconds
Number of updated asset objects reloaded before import = 0
Number of asset objects unloaded after import = 1
========================================================================
Received Import Request.
  Time since last request: 0.003466 seconds.
  path: Assets/Course Library/_Source_Files/Materials/SimpleShopInteriors.mat
  artifactKey: Guid(b243f1f84ea457945900d7c80e573112) Importer(2089858483,0ecaa5967403d082aa24f35e1b516d23)
Start importing Assets/Course Library/_Source_Files/Materials/SimpleShopInteriors.mat using Guid(b243f1f84ea457945900d7c80e573112) Importer(2089858483,0ecaa5967403d082aa24f35e1b516d23) [PhysX] Initialized MultithreadedTaskDispatcher with 8 workers.
 -> (artifact id: 'e3981b0148910a420113c24edc045d14') in 0.005223 seconds
Number of updated asset objects reloaded before import = 0
Number of asset objects unloaded after import = 2
========================================================================
Received Import Request.
  Time since last request: 0.001466 seconds.
  path: Assets/TerrainSampleAssets/Textures/Details/Grass_C_Thickness.tif
  artifactKey: Guid(5ac60e8e8739b1f4daeb70e1c662df49) Importer(2089858483,0ecaa5967403d082aa24f35e1b516d23)
Start importing Assets/TerrainSampleAssets/Textures/Details/Grass_C_Thickness.tif using Guid(5ac60e8e8739b1f4daeb70e1c662df49) Importer(2089858483,0ecaa5967403d082aa24f35e1b516d23) [PhysX] Initialized MultithreadedTaskDispatcher with 8 workers.
 -> (artifact id: '9b42bb468779ef3ef75ac0e975fa4551') in 0.006532 seconds
Number of updated asset objects reloaded before import = 0
Number of asset objects unloaded after import = 1
========================================================================
Received Import Request.
  Time since last request: 0.004378 seconds.
  path: Assets/TerrainSampleAssets/Textures/Heightmaps/Canyon02_Heightmap.tif
  artifactKey: Guid(4fe4d3241d435594b82a72af96e4052d) Importer(2089858483,0ecaa5967403d082aa24f35e1b516d23)
Start importing Assets/TerrainSampleAssets/Textures/Heightmaps/Canyon02_Heightmap.tif using Guid(4fe4d3241d435594b82a72af96e4052d) Importer(2089858483,0ecaa5967403d082aa24f35e1b516d23) [PhysX] Initialized MultithreadedTaskDispatcher with 8 workers.
 -> (artifact id: '6e995c7206a8425ebb39eefeca900022') in 0.004553 seconds
Number of updated asset objects reloaded before import = 0
Number of asset objects unloaded after import = 1
========================================================================
Received Import Request.
  Time since last request: 0.004407 seconds.
  path: Assets/TerrainSampleAssets/Textures/Details/Fern_MaskMap.tif
  artifactKey: Guid(d5a7b708862dd0a449b4bccbefdd2335) Importer(2089858483,0ecaa5967403d082aa24f35e1b516d23)
Start importing Assets/TerrainSampleAssets/Textures/Details/Fern_MaskMap.tif using Guid(d5a7b708862dd0a449b4bccbefdd2335) Importer(2089858483,0ecaa5967403d082aa24f35e1b516d23) [PhysX] Initialized MultithreadedTaskDispatcher with 8 workers.
 -> (artifact id: '3b34f9a6c6af88bca77c95cdd2d8ce42') in 0.008667 seconds
Number of updated asset objects reloaded before import = 0
Number of asset objects unloaded after import = 1
========================================================================
Received Import Request.
  Time since last request: 0.004176 seconds.
  path: Assets/Course Library/_Source_Files/Materials/SimplePeople_BusinessMan_Black.mat
  artifactKey: Guid(632309c76598ef2439d70d47bb507f87) Importer(2089858483,0ecaa5967403d082aa24f35e1b516d23)
Start importing Assets/Course Library/_Source_Files/Materials/SimplePeople_BusinessMan_Black.mat using Guid(632309c76598ef2439d70d47bb507f87) Importer(2089858483,0ecaa5967403d082aa24f35e1b516d23) [PhysX] Initialized MultithreadedTaskDispatcher with 8 workers.
 -> (artifact id: '3cf0e91f4c382ae6beb2f08305fc12a2') in 0.004897 seconds
Number of updated asset objects reloaded before import = 0
Number of asset objects unloaded after import = 2
========================================================================
Received Import Request.
  Time since last request: 0.000464 seconds.
  path: Assets/Course Library/_Source_Files/Textures/SimpleFarmer_FarmersWife_Black.png
  artifactKey: Guid(1d2be5615bea5d44f97a1c40b5c11815) Importer(2089858483,0ecaa5967403d082aa24f35e1b516d23)
Start importing Assets/Course Library/_Source_Files/Textures/SimpleFarmer_FarmersWife_Black.png using Guid(1d2be5615bea5d44f97a1c40b5c11815) Importer(2089858483,0ecaa5967403d082aa24f35e1b516d23) [PhysX] Initialized MultithreadedTaskDispatcher with 8 workers.
 -> (artifact id: 'c90baae6c9d2605ff783fd9eb15238ae') in 0.006109 seconds
Number of updated asset objects reloaded before import = 0
Number of asset objects unloaded after import = 1
========================================================================
Received Import Request.
  Time since last request: 0.002931 seconds.
  path: Assets/TerrainSampleAssets/Textures/Details/BushDry_MaskMap.tif
  artifactKey: Guid(ba5d550271efae04b84eeb0e550be656) Importer(2089858483,0ecaa5967403d082aa24f35e1b516d23)
Start importing Assets/TerrainSampleAssets/Textures/Details/BushDry_MaskMap.tif using Guid(ba5d550271efae04b84eeb0e550be656) Importer(2089858483,0ecaa5967403d082aa24f35e1b516d23) [PhysX] Initialized MultithreadedTaskDispatcher with 8 workers.
 -> (artifact id: '3aa881d8b9964e8bd0afa65dd942dc04') in 0.018815 seconds
Number of updated asset objects reloaded before import = 0
Number of asset objects unloaded after import = 1
========================================================================
Received Import Request.
  Time since last request: 0.000950 seconds.
  path: Assets/Course Library/_Source_Files/Textures/SimplePeople_RoadWorker_Black.png
  artifactKey: Guid(9d815fed57ec7fe40a9d89cd5a708ea8) Importer(2089858483,0ecaa5967403d082aa24f35e1b516d23)
Start importing Assets/Course Library/_Source_Files/Textures/SimplePeople_RoadWorker_Black.png using Guid(9d815fed57ec7fe40a9d89cd5a708ea8) Importer(2089858483,0ecaa5967403d082aa24f35e1b516d23) [PhysX] Initialized MultithreadedTaskDispatcher with 8 workers.
 -> (artifact id: 'c2d904dd1aad49cd7cd8bb9775a955a6') in 0.004734 seconds
Number of updated asset objects reloaded before import = 0
Number of asset objects unloaded after import = 1
========================================================================
Received Import Request.
  Time since last request: 0.002939 seconds.
  path: Assets/Course Library/_Source_Files/Textures/SimpleFarmer_FarmersDaughter_Black.png
  artifactKey: Guid(96100b630096bb24b8ec619d9e6b1211) Importer(2089858483,0ecaa5967403d082aa24f35e1b516d23)
Start importing Assets/Course Library/_Source_Files/Textures/SimpleFarmer_FarmersDaughter_Black.png using Guid(96100b630096bb24b8ec619d9e6b1211) Importer(2089858483,0ecaa5967403d082aa24f35e1b516d23) [PhysX] Initialized MultithreadedTaskDispatcher with 8 workers.
 -> (artifact id: '1c08f26bde71e4777f3f723ddf50380e') in 0.015806 seconds
Number of updated asset objects reloaded before import = 0
Number of asset objects unloaded after import = 1
========================================================================
Received Import Request.
  Time since last request: 0.267763 seconds.
  path: Assets/TerrainSampleAssets/Textures/Heightmaps/Cracked_Earth02_Heightmap.tif
  artifactKey: Guid(ce389a44803b703498159190bc7d48af) Importer(2089858483,0ecaa5967403d082aa24f35e1b516d23)
Start importing Assets/TerrainSampleAssets/Textures/Heightmaps/Cracked_Earth02_Heightmap.tif using Guid(ce389a44803b703498159190bc7d48af) Importer(2089858483,0ecaa5967403d082aa24f35e1b516d23) [PhysX] Initialized MultithreadedTaskDispatcher with 8 workers.
 -> (artifact id: '28bb1642fc261b6b17c66ed5045989b0') in 0.006064 seconds
Number of updated asset objects reloaded before import = 0
Number of asset objects unloaded after import = 1
========================================================================
Received Import Request.
  Time since last request: 0.000139 seconds.
  path: Assets/TerrainSampleAssets/Textures/Terrain/Black_Sand_Normal.tif
  artifactKey: Guid(28a478660ea9d9541b2118c5e95cbb4e) Importer(2089858483,0ecaa5967403d082aa24f35e1b516d23)
Start importing Assets/TerrainSampleAssets/Textures/Terrain/Black_Sand_Normal.tif using Guid(28a478660ea9d9541b2118c5e95cbb4e) Importer(2089858483,0ecaa5967403d082aa24f35e1b516d23) [PhysX] Initialized MultithreadedTaskDispatcher with 8 workers.
 -> (artifact id: '26c534f2dbae98dbc37f187ef892d456') in 0.009131 seconds
Number of updated asset objects reloaded before import = 0
Number of asset objects unloaded after import = 1
========================================================================
Received Import Request.
  Time since last request: 0.001237 seconds.
  path: Assets/Course Library/Audio/Sound Effects/Gameplay/Loading 01_8-Bit_11025Hz.wav
  artifactKey: Guid(256e94d7cc7d148fc9da89570896ac37) Importer(2089858483,0ecaa5967403d082aa24f35e1b516d23)
Start importing Assets/Course Library/Audio/Sound Effects/Gameplay/Loading 01_8-Bit_11025Hz.wav using Guid(256e94d7cc7d148fc9da89570896ac37) Importer(2089858483,0ecaa5967403d082aa24f35e1b516d23) [PhysX] Initialized MultithreadedTaskDispatcher with 8 workers.
 -> (artifact id: 'fd864b4263aee6ac2c78d47eb686aa59') in 0.033608 seconds
Number of updated asset objects reloaded before import = 0
Number of asset objects unloaded after import = 1
========================================================================
Received Import Request.
  Time since last request: 0.001996 seconds.
  path: Assets/TerrainSampleAssets/Textures/Terrain/Rock_BaseColor.tif
  artifactKey: Guid(7e35234e281d141418972228ee38415e) Importer(2089858483,0ecaa5967403d082aa24f35e1b516d23)
Start importing Assets/TerrainSampleAssets/Textures/Terrain/Rock_BaseColor.tif using Guid(7e35234e281d141418972228ee38415e) Importer(2089858483,0ecaa5967403d082aa24f35e1b516d23) [PhysX] Initialized MultithreadedTaskDispatcher with 8 workers.
 -> (artifact id: '395d191fc96ce41fd0e91b37f3bbc55c') in 0.005880 seconds
Number of updated asset objects reloaded before import = 0
Number of asset objects unloaded after import = 1
========================================================================
Received Import Request.
  Time since last request: 0.005110 seconds.
  path: Assets/Course Library/Audio/Sound Effects/Gameplay/Boom_C_02_8-Bit_11025Hz.wav
  artifactKey: Guid(ef2cde67276e7490e860213ae5393038) Importer(2089858483,0ecaa5967403d082aa24f35e1b516d23)
Start importing Assets/Course Library/Audio/Sound Effects/Gameplay/Boom_C_02_8-Bit_11025Hz.wav using Guid(ef2cde67276e7490e860213ae5393038) Importer(2089858483,0ecaa5967403d082aa24f35e1b516d23) [PhysX] Initialized MultithreadedTaskDispatcher with 8 workers.
 -> (artifact id: '6cbb64aeca6cce6209bed244dfae3889') in 0.013413 seconds
Number of updated asset objects reloaded before import = 0
Number of asset objects unloaded after import = 1
========================================================================
Received Import Request.
  Time since last request: 0.000192 seconds.
  path: Assets/TerrainSampleAssets/Textures/Heightmaps/Slope02_Heightmap.tiff
  artifactKey: Guid(da02531a879811e48a7f7766744588c8) Importer(2089858483,0ecaa5967403d082aa24f35e1b516d23)
Start importing Assets/TerrainSampleAssets/Textures/Heightmaps/Slope02_Heightmap.tiff using Guid(da02531a879811e48a7f7766744588c8) Importer(2089858483,0ecaa5967403d082aa24f35e1b516d23) [PhysX] Initialized MultithreadedTaskDispatcher with 8 workers.
 -> (artifact id: '0b052a1fade7305e6376d25c342daa94') in 0.006933 seconds
Number of updated asset objects reloaded before import = 0
Number of asset objects unloaded after import = 1
========================================================================
Received Import Request.
  Time since last request: 0.001809 seconds.
  path: Assets/Course Library/Audio/Sound Effects/Gameplay/Blip_C_07_8-Bit_11025Hz.wav
  artifactKey: Guid(6f1637b41d770415d9d1e6a33a1db4c8) Importer(2089858483,0ecaa5967403d082aa24f35e1b516d23)
Start importing Assets/Course Library/Audio/Sound Effects/Gameplay/Blip_C_07_8-Bit_11025Hz.wav using Guid(6f1637b41d770415d9d1e6a33a1db4c8) Importer(2089858483,0ecaa5967403d082aa24f35e1b516d23) [PhysX] Initialized MultithreadedTaskDispatcher with 8 workers.
 -> (artifact id: '898ba2dd1db1e4ee3c8b83f5c554a503') in 0.012840 seconds
Number of updated asset objects reloaded before import = 0
Number of asset objects unloaded after import = 1
========================================================================
Received Import Request.
  Time since last request: 0.002399 seconds.
  path: Assets/TerrainSampleAssets/Textures/Heightmaps/Plateau02_Heightmap.tif
  artifactKey: Guid(7fce2600db05ae54ea39d9e5681232cc) Importer(2089858483,0ecaa5967403d082aa24f35e1b516d23)
Start importing Assets/TerrainSampleAssets/Textures/Heightmaps/Plateau02_Heightmap.tif using Guid(7fce2600db05ae54ea39d9e5681232cc) Importer(2089858483,0ecaa5967403d082aa24f35e1b516d23) [PhysX] Initialized MultithreadedTaskDispatcher with 8 workers.
 -> (artifact id: '455bdafe17e25a95c713356e325d2e50') in 0.008466 seconds
Number of updated asset objects reloaded before import = 0
Number of asset objects unloaded after import = 1
========================================================================
Received Import Request.
  Time since last request: 0.000442 seconds.
  path: Assets/TerrainSampleAssets/Textures/Terrain/Tidal_Pools_MaskMap.tif
  artifactKey: Guid(e39c4b98a4756b043a23fb5b81e7b25a) Importer(2089858483,0ecaa5967403d082aa24f35e1b516d23)
Start importing Assets/TerrainSampleAssets/Textures/Terrain/Tidal_Pools_MaskMap.tif using Guid(e39c4b98a4756b043a23fb5b81e7b25a) Importer(2089858483,0ecaa5967403d082aa24f35e1b516d23) [PhysX] Initialized MultithreadedTaskDispatcher with 8 workers.
 -> (artifact id: 'b34df3e746669a3bc1010acbada69f48') in 0.007625 seconds
Number of updated asset objects reloaded before import = 0
Number of asset objects unloaded after import = 1
========================================================================
Received Import Request.
  Time since last request: 0.004293 seconds.
  path: Assets/Course Library/Audio/Sound Effects/Gameplay/Loading 02_8-Bit_11025Hz.wav
  artifactKey: Guid(15d7c727e8b9d4d909758851d8cc7cac) Importer(2089858483,0ecaa5967403d082aa24f35e1b516d23)
Start importing Assets/Course Library/Audio/Sound Effects/Gameplay/Loading 02_8-Bit_11025Hz.wav using Guid(15d7c727e8b9d4d909758851d8cc7cac) Importer(2089858483,0ecaa5967403d082aa24f35e1b516d23) [PhysX] Initialized MultithreadedTaskDispatcher with 8 workers.
 -> (artifact id: 'ded852a593de4708a9e062fc4cc356a9') in 0.011541 seconds
Number of updated asset objects reloaded before import = 0
Number of asset objects unloaded after import = 1
========================================================================
Received Import Request.
  Time since last request: 0.006425 seconds.
  path: Assets/TerrainSampleAssets/Textures/Terrain/Grass_B_BaseColor.tif
  artifactKey: Guid(e318f31bebce62d48a648da3f8ba56c9) Importer(2089858483,0ecaa5967403d082aa24f35e1b516d23)
Start importing Assets/TerrainSampleAssets/Textures/Terrain/Grass_B_BaseColor.tif using Guid(e318f31bebce62d48a648da3f8ba56c9) Importer(2089858483,0ecaa5967403d082aa24f35e1b516d23) [PhysX] Initialized MultithreadedTaskDispatcher with 8 workers.
 -> (artifact id: '9a89a3a2fe3b8ebc792b3ce6f1345365') in 0.005371 seconds
Number of updated asset objects reloaded before import = 0
Number of asset objects unloaded after import = 1
========================================================================
Received Import Request.
  Time since last request: 0.000801 seconds.
  path: Assets/TerrainSampleAssets/Textures/Terrain/Heather_MaskMap.tif
  artifactKey: Guid(240efe9002d9e7a44b9f2a592f357102) Importer(2089858483,0ecaa5967403d082aa24f35e1b516d23)
Start importing Assets/TerrainSampleAssets/Textures/Terrain/Heather_MaskMap.tif using Guid(240efe9002d9e7a44b9f2a592f357102) Importer(2089858483,0ecaa5967403d082aa24f35e1b516d23) [PhysX] Initialized MultithreadedTaskDispatcher with 8 workers.
 -> (artifact id: '6075f08783185fd3ec9c4ad8e64ec11c') in 0.012753 seconds
Number of updated asset objects reloaded before import = 0
Number of asset objects unloaded after import = 1
========================================================================
Received Import Request.
  Time since last request: 0.000948 seconds.
  path: Assets/TerrainSampleAssets/Textures/Heightmaps/Ridge03_Heightmap.tif
  artifactKey: Guid(b1dadb884e92879469e470aba88f0096) Importer(2089858483,0ecaa5967403d082aa24f35e1b516d23)
Start importing Assets/TerrainSampleAssets/Textures/Heightmaps/Ridge03_Heightmap.tif using Guid(b1dadb884e92879469e470aba88f0096) Importer(2089858483,0ecaa5967403d082aa24f35e1b516d23) [PhysX] Initialized MultithreadedTaskDispatcher with 8 workers.
 -> (artifact id: 'ba27bc9dde2ca6e9c347b2f7be4e87ee') in 0.008950 seconds
Number of updated asset objects reloaded before import = 0
Number of asset objects unloaded after import = 1
========================================================================
Received Import Request.
  Time since last request: 0.001928 seconds.
  path: Assets/Course Library/Audio/Sound Effects/Gameplay/Boom_C_04_8-Bit_11025Hz.wav
  artifactKey: Guid(9c87f285d32fa4569b77ddf3a7e6df5e) Importer(2089858483,0ecaa5967403d082aa24f35e1b516d23)
Start importing Assets/Course Library/Audio/Sound Effects/Gameplay/Boom_C_04_8-Bit_11025Hz.wav using Guid(9c87f285d32fa4569b77ddf3a7e6df5e) Importer(2089858483,0ecaa5967403d082aa24f35e1b516d23) [PhysX] Initialized MultithreadedTaskDispatcher with 8 workers.
 -> (artifact id: 'e7a4ee380d034675844b7c299edb8b91') in 0.010039 seconds
Number of updated asset objects reloaded before import = 0
Number of asset objects unloaded after import = 1
========================================================================
Received Import Request.
  Time since last request: 0.000566 seconds.
  path: Assets/TerrainSampleAssets/Textures/Heightmaps/Mountain08_Heightmap.tif
  artifactKey: Guid(d5428cdc2df49fc4a9aa5bbbcfcfe0e0) Importer(2089858483,0ecaa5967403d082aa24f35e1b516d23)
Start importing Assets/TerrainSampleAssets/Textures/Heightmaps/Mountain08_Heightmap.tif using Guid(d5428cdc2df49fc4a9aa5bbbcfcfe0e0) Importer(2089858483,0ecaa5967403d082aa24f35e1b516d23) [PhysX] Initialized MultithreadedTaskDispatcher with 8 workers.
 -> (artifact id: 'f88b50687122f7ee04e09b030516babe') in 0.012320 seconds
Number of updated asset objects reloaded before import = 0
Number of asset objects unloaded after import = 1
========================================================================
Received Import Request.
  Time since last request: 0.004824 seconds.
  path: Assets/TerrainSampleAssets/Textures/Terrain/Muddy_Normal.tif
  artifactKey: Guid(86f7d07dde38b154188fd60359df541e) Importer(2089858483,0ecaa5967403d082aa24f35e1b516d23)
Start importing Assets/TerrainSampleAssets/Textures/Terrain/Muddy_Normal.tif using Guid(86f7d07dde38b154188fd60359df541e) Importer(2089858483,0ecaa5967403d082aa24f35e1b516d23) [PhysX] Initialized MultithreadedTaskDispatcher with 8 workers.
 -> (artifact id: '45d43bfb1f1aca7a821dc9796195f993') in 0.008910 seconds
Number of updated asset objects reloaded before import = 0
Number of asset objects unloaded after import = 1
========================================================================
Received Import Request.
  Time since last request: 0.001497 seconds.
  path: Assets/TerrainSampleAssets/Textures/Terrain/Tidal_Pools_BaseColor.tif
  artifactKey: Guid(65c50b065f264b042a12153fb6454aa5) Importer(2089858483,0ecaa5967403d082aa24f35e1b516d23)
Start importing Assets/TerrainSampleAssets/Textures/Terrain/Tidal_Pools_BaseColor.tif using Guid(65c50b065f264b042a12153fb6454aa5) Importer(2089858483,0ecaa5967403d082aa24f35e1b516d23) [PhysX] Initialized MultithreadedTaskDispatcher with 8 workers.
 -> (artifact id: 'd899bac3f763ac389827b22cee33d8a6') in 0.008350 seconds
Number of updated asset objects reloaded before import = 0
Number of asset objects unloaded after import = 1
========================================================================
Received Import Request.
  Time since last request: 0.002908 seconds.
  path: Assets/Course Library/Audio/Sound Effects/Gameplay/Zap_C_02_8-Bit_11025Hz.wav
  artifactKey: Guid(31fce46de4adb42a9904d8d68bde62f2) Importer(2089858483,0ecaa5967403d082aa24f35e1b516d23)
Start importing Assets/Course Library/Audio/Sound Effects/Gameplay/Zap_C_02_8-Bit_11025Hz.wav using Guid(31fce46de4adb42a9904d8d68bde62f2) Importer(2089858483,0ecaa5967403d082aa24f35e1b516d23) [PhysX] Initialized MultithreadedTaskDispatcher with 8 workers.
 -> (artifact id: 'd6d95b84b74ce307f1dc5de57fabcb3d') in 0.009405 seconds
Number of updated asset objects reloaded before import = 0
Number of asset objects unloaded after import = 1
========================================================================
Received Import Request.
  Time since last request: 0.001623 seconds.
  path: Assets/TerrainSampleAssets/Textures/Terrain/Snow_BaseColor.tif
  artifactKey: Guid(ffa01093856b873448237de84289ee85) Importer(2089858483,0ecaa5967403d082aa24f35e1b516d23)
Start importing Assets/TerrainSampleAssets/Textures/Terrain/Snow_BaseColor.tif using Guid(ffa01093856b873448237de84289ee85) Importer(2089858483,0ecaa5967403d082aa24f35e1b516d23) [PhysX] Initialized MultithreadedTaskDispatcher with 8 workers.
 -> (artifact id: '2d52b88bf07fb0014c5f798e67259804') in 0.007050 seconds
Number of updated asset objects reloaded before import = 0
Number of asset objects unloaded after import = 1
========================================================================
Received Import Request.
  Time since last request: 0.003300 seconds.
  path: Assets/TerrainSampleAssets/Textures/Terrain/Grass_Dry_Normal.tif
  artifactKey: Guid(d835c61db4c94444eabef9cf95e8a7c4) Importer(2089858483,0ecaa5967403d082aa24f35e1b516d23)
Start importing Assets/TerrainSampleAssets/Textures/Terrain/Grass_Dry_Normal.tif using Guid(d835c61db4c94444eabef9cf95e8a7c4) Importer(2089858483,0ecaa5967403d082aa24f35e1b516d23) [PhysX] Initialized MultithreadedTaskDispatcher with 8 workers.
 -> (artifact id: '2b7dc9c2714915ff15a00b1aace2cb45') in 0.010264 seconds
Number of updated asset objects reloaded before import = 0
Number of asset objects unloaded after import = 1
========================================================================
Received Import Request.
  Time since last request: 0.001799 seconds.
  path: Assets/TerrainSampleAssets/Textures/Terrain/Grass_B_MaskMap.tif
  artifactKey: Guid(0f48eac8617d0de4cbc056e1734e798b) Importer(2089858483,0ecaa5967403d082aa24f35e1b516d23)
Start importing Assets/TerrainSampleAssets/Textures/Terrain/Grass_B_MaskMap.tif using Guid(0f48eac8617d0de4cbc056e1734e798b) Importer(2089858483,0ecaa5967403d082aa24f35e1b516d23) [PhysX] Initialized MultithreadedTaskDispatcher with 8 workers.
 -> (artifact id: 'b80b19918f4002535e2f15623983aebe') in 0.008612 seconds
Number of updated asset objects reloaded before import = 0
Number of asset objects unloaded after import = 1
========================================================================
Received Import Request.
  Time since last request: 0.000276 seconds.
  path: Assets/Course Library/Audio/Sound Effects/Gameplay/Boom_C_08_8-Bit_11025Hz.wav
  artifactKey: Guid(ad1e7e92faf364edea5027d7c47ed724) Importer(2089858483,0ecaa5967403d082aa24f35e1b516d23)
Start importing Assets/Course Library/Audio/Sound Effects/Gameplay/Boom_C_08_8-Bit_11025Hz.wav using Guid(ad1e7e92faf364edea5027d7c47ed724) Importer(2089858483,0ecaa5967403d082aa24f35e1b516d23) [PhysX] Initialized MultithreadedTaskDispatcher with 8 workers.
 -> (artifact id: 'c71db3985665639b3f3b3c4d7d6aa871') in 0.010800 seconds
Number of updated asset objects reloaded before import = 0
Number of asset objects unloaded after import = 1
========================================================================
Received Import Request.
  Time since last request: 0.161647 seconds.
  path: Assets/Course Library/_Source_Files/Textures/Misc/PolygonTown_Texture_Metallic.tga
  artifactKey: Guid(414d49db8a9dc1b4c884ddcd07bfa01f) Importer(2089858483,0ecaa5967403d082aa24f35e1b516d23)
Start importing Assets/Course Library/_Source_Files/Textures/Misc/PolygonTown_Texture_Metallic.tga using Guid(414d49db8a9dc1b4c884ddcd07bfa01f) Importer(2089858483,0ecaa5967403d082aa24f35e1b516d23) [PhysX] Initialized MultithreadedTaskDispatcher with 8 workers.
 -> (artifact id: '9a97d418783d17989f643d9de37dd9ec') in 0.005817 seconds
Number of updated asset objects reloaded before import = 0
Number of asset objects unloaded after import = 1
========================================================================
Received Import Request.
  Time since last request: 0.000312 seconds.
  path: Assets/TerrainSampleAssets/Textures/Terrain/Materials/Sand_BaseColor.mat
  artifactKey: Guid(9d118541e757d4222bada018d123f9a5) Importer(2089858483,0ecaa5967403d082aa24f35e1b516d23)
Start importing Assets/TerrainSampleAssets/Textures/Terrain/Materials/Sand_BaseColor.mat using Guid(9d118541e757d4222bada018d123f9a5) Importer(2089858483,0ecaa5967403d082aa24f35e1b516d23) [PhysX] Initialized MultithreadedTaskDispatcher with 8 workers.
 -> (artifact id: '6d4ae8e5f1cfbf0219edf45dd8e6eb6e') in 0.006525 seconds
Number of updated asset objects reloaded before import = 0
Number of asset objects unloaded after import = 2
========================================================================
Received Import Request.
  Time since last request: 0.001715 seconds.
  path: Assets/TerrainSampleAssets/Textures/Details/Materials/Bush_A_BaseColor 2.mat
  artifactKey: Guid(9e323bdc06f014bf193c262d9c93e345) Importer(2089858483,0ecaa5967403d082aa24f35e1b516d23)
Start importing Assets/TerrainSampleAssets/Textures/Details/Materials/Bush_A_BaseColor 2.mat using Guid(9e323bdc06f014bf193c262d9c93e345) Importer(2089858483,0ecaa5967403d082aa24f35e1b516d23) [PhysX] Initialized MultithreadedTaskDispatcher with 8 workers.
 -> (artifact id: '89356029223e32e39f8bf63663cf82f4') in 0.003179 seconds
Number of updated asset objects reloaded before import = 0
Number of asset objects unloaded after import = 2
========================================================================
Received Import Request.
  Time since last request: 9.226248 seconds.
  path: Assets/Course Library/Characters/Town/SimplePeople_Man_Business_Black.prefab
  artifactKey: Guid(2f8d00bf5057f624e949aef802595da9) Importer(815301076,1909f56bfc062723c751e8b465ee728b)
Start importing Assets/Course Library/Characters/Town/SimplePeople_Man_Business_Black.prefab using Guid(2f8d00bf5057f624e949aef802595da9) Importer(815301076,1909f56bfc062723c751e8b465ee728b) [PhysX] Initialized MultithreadedTaskDispatcher with 8 workers.
[PhysX] Initialized MultithreadedTaskDispatcher with 8 workers.
 -> (artifact id: '76a132bd9aa660d0c749b216090b9ed1') in 0.723437 seconds
Number of updated asset objects reloaded before import = 0
Number of asset objects unloaded after import = 424
========================================================================
Received Import Request.
  Time since last request: 0.218235 seconds.
  path: Assets/Course Library/_Source_Files/Materials/PolygonPrototype_Texture_01.mat
  artifactKey: Guid(41680dad0f0243748b4e228f49a2e3c4) Importer(2089858483,0ecaa5967403d082aa24f35e1b516d23)
Start importing Assets/Course Library/_Source_Files/Materials/PolygonPrototype_Texture_01.mat using Guid(41680dad0f0243748b4e228f49a2e3c4) Importer(2089858483,0ecaa5967403d082aa24f35e1b516d23) [PhysX] Initialized MultithreadedTaskDispatcher with 8 workers.
 -> (artifact id: 'de71aa234ce76e11144a95f6f505123a') in 0.005832 seconds
Number of updated asset objects reloaded before import = 0
Number of asset objects unloaded after import = 2
========================================================================
Received Import Request.
  Time since last request: 0.000044 seconds.
  path: Assets/Course Library/_Source_Files/Materials/SimplePeople_RoadWorker_Black.mat
  artifactKey: Guid(27d5bc9fe48a1ba4f8389809b897e6cb) Importer(2089858483,0ecaa5967403d082aa24f35e1b516d23)
Start importing Assets/Course Library/_Source_Files/Materials/SimplePeople_RoadWorker_Black.mat using Guid(27d5bc9fe48a1ba4f8389809b897e6cb) Importer(2089858483,0ecaa5967403d082aa24f35e1b516d23) [PhysX] Initialized MultithreadedTaskDispatcher with 8 workers.
 -> (artifact id: 'db23518e66317b3257410eb7fd7f036d') in 0.003624 seconds
Number of updated asset objects reloaded before import = 0
Number of asset objects unloaded after import = 2
========================================================================
Received Import Request.
  Time since last request: 0.000035 seconds.
  path: Assets/Course Library/_Source_Files/Materials/PolygonCity_Mat_01_A.mat
  artifactKey: Guid(62e25ef75a2216f418d06453c9ad15cb) Importer(2089858483,0ecaa5967403d082aa24f35e1b516d23)
Start importing Assets/Course Library/_Source_Files/Materials/PolygonCity_Mat_01_A.mat using Guid(62e25ef75a2216f418d06453c9ad15cb) Importer(2089858483,0ecaa5967403d082aa24f35e1b516d23) [PhysX] Initialized MultithreadedTaskDispatcher with 8 workers.
 -> (artifact id: '8bdfb1be4fe1e9ff0bbeb76e0305fcfc') in 0.006629 seconds
Number of updated asset objects reloaded before import = 0
Number of asset objects unloaded after import = 5
========================================================================
Received Import Request.
  Time since last request: 0.000039 seconds.
  path: Assets/Course Library/_Source_Files/Materials/PolygonMinis_Fantasy_01.mat
  artifactKey: Guid(a16b7b85a356b7d469067849a165dcff) Importer(2089858483,0ecaa5967403d082aa24f35e1b516d23)
Start importing Assets/Course Library/_Source_Files/Materials/PolygonMinis_Fantasy_01.mat using Guid(a16b7b85a356b7d469067849a165dcff) Importer(2089858483,0ecaa5967403d082aa24f35e1b516d23) [PhysX] Initialized MultithreadedTaskDispatcher with 8 workers.
 -> (artifact id: '8df2f1fec551d1d093345b918275d044') in 0.005303 seconds
Number of updated asset objects reloaded before import = 0
Number of asset objects unloaded after import = 2
========================================================================
Received Import Request.
  Time since last request: 0.000072 seconds.
  path: Assets/Course Library/Characters/Town/SimplePeople_Woman_Doctor_White.prefab
  artifactKey: Guid(d70170446aa035f40a2429d04ab83ea6) Importer(2089858483,0ecaa5967403d082aa24f35e1b516d23)
Start importing Assets/Course Library/Characters/Town/SimplePeople_Woman_Doctor_White.prefab using Guid(d70170446aa035f40a2429d04ab83ea6) Importer(2089858483,0ecaa5967403d082aa24f35e1b516d23) [PhysX] Initialized MultithreadedTaskDispatcher with 8 workers.
 -> (artifact id: 'c2b2ed2d13bd7dd5d75aa500594d9965') in 0.013887 seconds
Number of updated asset objects reloaded before import = 0
Number of asset objects unloaded after import = 400
========================================================================
Received Import Request.
  Time since last request: 0.000030 seconds.
  path: Assets/Course Library/_Source_Files/Materials/SimpleTown.mat
  artifactKey: Guid(7cce38ba40b7d05439de10ddde5afaf6) Importer(2089858483,0ecaa5967403d082aa24f35e1b516d23)
Start importing Assets/Course Library/_Source_Files/Materials/SimpleTown.mat using Guid(7cce38ba40b7d05439de10ddde5afaf6) Importer(2089858483,0ecaa5967403d082aa24f35e1b516d23) [PhysX] Initialized MultithreadedTaskDispatcher with 8 workers.
 -> (artifact id: 'd46da6458df091633c4749ae96ef548c') in 0.002345 seconds
Number of updated asset objects reloaded before import = 0
Number of asset objects unloaded after import = 2
========================================================================
Received Import Request.
  Time since last request: 0.000044 seconds.
  path: Assets/Course Library/_Source_Files/Materials/SimpleFarmer_FarmWrangler_Black.mat
  artifactKey: Guid(9d9526852cc4b0b42bf5de686168e78d) Importer(2089858483,0ecaa5967403d082aa24f35e1b516d23)
Start importing Assets/Course Library/_Source_Files/Materials/SimpleFarmer_FarmWrangler_Black.mat using Guid(9d9526852cc4b0b42bf5de686168e78d) Importer(2089858483,0ecaa5967403d082aa24f35e1b516d23) [PhysX] Initialized MultithreadedTaskDispatcher with 8 workers.
 -> (artifact id: '3c7020e2920da20bc9f1890c865878c7') in 0.003071 seconds
Number of updated asset objects reloaded before import = 0
Number of asset objects unloaded after import = 2
========================================================================
Received Import Request.
  Time since last request: 0.000032 seconds.
  path: Assets/Course Library/Characters/Town/SimplePeople_Woman_Doctor_Brown.prefab
  artifactKey: Guid(f19c9246d91b3d5488c65e0539de4da2) Importer(2089858483,0ecaa5967403d082aa24f35e1b516d23)
Start importing Assets/Course Library/Characters/Town/SimplePeople_Woman_Doctor_Brown.prefab using Guid(f19c9246d91b3d5488c65e0539de4da2) Importer(2089858483,0ecaa5967403d082aa24f35e1b516d23) [PhysX] Initialized MultithreadedTaskDispatcher with 8 workers.
 -> (artifact id: '4883eb674cfe9a4babed633017e57606') in 0.013729 seconds
Number of updated asset objects reloaded before import = 0
Number of asset objects unloaded after import = 400
========================================================================
Received Import Request.
  Time since last request: 0.000051 seconds.
  path: Assets/Course Library/Characters/Town/SimplePeople_Man_Business_Brown.prefab
  artifactKey: Guid(c14bb5ce28dbb7442a2f79d8b6a061ce) Importer(2089858483,0ecaa5967403d082aa24f35e1b516d23)
Start importing Assets/Course Library/Characters/Town/SimplePeople_Man_Business_Brown.prefab using Guid(c14bb5ce28dbb7442a2f79d8b6a061ce) Importer(2089858483,0ecaa5967403d082aa24f35e1b516d23) [PhysX] Initialized MultithreadedTaskDispatcher with 8 workers.
 -> (artifact id: 'ca835a9ddd4780f5d12ceaa8c02d6b0e') in 0.012465 seconds
Number of updated asset objects reloaded before import = 0
Number of asset objects unloaded after import = 400
========================================================================
Received Import Request.
  Time since last request: 0.000034 seconds.
  path: Assets/Course Library/Characters/Town/SimplePeople_Man_RoadWorker_White.prefab
  artifactKey: Guid(0703a1849c2c89b4db4568688faf0c5f) Importer(2089858483,0ecaa5967403d082aa24f35e1b516d23)
Start importing Assets/Course Library/Characters/Town/SimplePeople_Man_RoadWorker_White.prefab using Guid(0703a1849c2c89b4db4568688faf0c5f) Importer(2089858483,0ecaa5967403d082aa24f35e1b516d23) [PhysX] Initialized MultithreadedTaskDispatcher with 8 workers.
 -> (artifact id: '2561d27627e9b6671b7c29d6dc25e971') in 0.012436 seconds
Number of updated asset objects reloaded before import = 0
Number of asset objects unloaded after import = 400
========================================================================
Received Import Request.
  Time since last request: 0.000033 seconds.
  path: Assets/Course Library/_Source_Files/Materials/PolygonPrototype_Texture_04.mat
  artifactKey: Guid(7d22fc6b9a431b043a917fb89a80bcfc) Importer(2089858483,0ecaa5967403d082aa24f35e1b516d23)
Start importing Assets/Course Library/_Source_Files/Materials/PolygonPrototype_Texture_04.mat using Guid(7d22fc6b9a431b043a917fb89a80bcfc) Importer(2089858483,0ecaa5967403d082aa24f35e1b516d23) [PhysX] Initialized MultithreadedTaskDispatcher with 8 workers.
 -> (artifact id: 'b831cf2fcd848601b5b8fffc74c73f97') in 0.004758 seconds
Number of updated asset objects reloaded before import = 0
Number of asset objects unloaded after import = 2
========================================================================
Received Import Request.
  Time since last request: 0.000034 seconds.
  path: Assets/Course Library/_Source_Files/Materials/SimplePort.mat
  artifactKey: Guid(46f69b2efbd76a744906e46f98d0e35b) Importer(2089858483,0ecaa5967403d082aa24f35e1b516d23)
Start importing Assets/Course Library/_Source_Files/Materials/SimplePort.mat using Guid(46f69b2efbd76a744906e46f98d0e35b) Importer(2089858483,0ecaa5967403d082aa24f35e1b516d23) [PhysX] Initialized MultithreadedTaskDispatcher with 8 workers.
 -> (artifact id: 'f13d7bd9b46412088614fe10a7df09a1') in 0.004076 seconds
Number of updated asset objects reloaded before import = 0
Number of asset objects unloaded after import = 2
========================================================================
Received Import Request.
  Time since last request: 0.000032 seconds.
  path: Assets/Course Library/Characters/Town/SimplePeople_Woman_Waitress_White.prefab
  artifactKey: Guid(fe520ce6663e67348a964bf7b4318e26) Importer(2089858483,0ecaa5967403d082aa24f35e1b516d23)
Start importing Assets/Course Library/Characters/Town/SimplePeople_Woman_Waitress_White.prefab using Guid(fe520ce6663e67348a964bf7b4318e26) Importer(2089858483,0ecaa5967403d082aa24f35e1b516d23) [PhysX] Initialized MultithreadedTaskDispatcher with 8 workers.
 -> (artifact id: 'ac1626b74d6a9f0dfe49c1df61790328') in 0.012096 seconds
Number of updated asset objects reloaded before import = 0
Number of asset objects unloaded after import = 400
========================================================================
Received Import Request.
  Time since last request: 0.000029 seconds.
  path: Assets/Course Library/Characters/Town/SimplePeople_Man_RoadWorker_Black.prefab
  artifactKey: Guid(3afad42cab5a57a4c9f19f8deaaf8689) Importer(2089858483,0ecaa5967403d082aa24f35e1b516d23)
Start importing Assets/Course Library/Characters/Town/SimplePeople_Man_RoadWorker_Black.prefab using Guid(3afad42cab5a57a4c9f19f8deaaf8689) Importer(2089858483,0ecaa5967403d082aa24f35e1b516d23) [PhysX] Initialized MultithreadedTaskDispatcher with 8 workers.
 -> (artifact id: 'd8d44cad5a5fd7a85371c9adb77e46d8') in 0.012009 seconds
Number of updated asset objects reloaded before import = 0
Number of asset objects unloaded after import = 400
========================================================================
Received Import Request.
  Time since last request: 0.000039 seconds.
  path: Assets/Course Library/Characters/Town/SimplePeople_Man_RoadWorker_Brown.prefab
  artifactKey: Guid(70ab0d3e71b54ac4bbd703cb0a686c4d) Importer(2089858483,0ecaa5967403d082aa24f35e1b516d23)
Start importing Assets/Course Library/Characters/Town/SimplePeople_Man_RoadWorker_Brown.prefab using Guid(70ab0d3e71b54ac4bbd703cb0a686c4d) Importer(2089858483,0ecaa5967403d082aa24f35e1b516d23) [PhysX] Initialized MultithreadedTaskDispatcher with 8 workers.
 -> (artifact id: 'ae66b74ffb396de6ff711fe61fbfd0eb') in 0.014061 seconds
Number of updated asset objects reloaded before import = 0
Number of asset objects unloaded after import = 400
========================================================================
Received Import Request.
  Time since last request: 0.000037 seconds.
  path: Assets/Course Library/_Source_Files/Materials/Misc/Veh_Glass.mat
  artifactKey: Guid(28d911d60eed0d64fb122f25adeed646) Importer(2089858483,0ecaa5967403d082aa24f35e1b516d23)
Start importing Assets/Course Library/_Source_Files/Materials/Misc/Veh_Glass.mat using Guid(28d911d60eed0d64fb122f25adeed646) Importer(2089858483,0ecaa5967403d082aa24f35e1b516d23) [PhysX] Initialized MultithreadedTaskDispatcher with 8 workers.
 -> (artifact id: '96acf843fa0d54799272af42040759f9') in 0.002455 seconds
Number of updated asset objects reloaded before import = 0
Number of asset objects unloaded after import = 1
========================================================================
Received Import Request.
  Time since last request: 0.000040 seconds.
  path: Assets/Course Library/_Source_Files/Materials/SimpleAirport.mat
  artifactKey: Guid(f9063a172dec5824f87a148932421f2d) Importer(2089858483,0ecaa5967403d082aa24f35e1b516d23)
Start importing Assets/Course Library/_Source_Files/Materials/SimpleAirport.mat using Guid(f9063a172dec5824f87a148932421f2d) Importer(2089858483,0ecaa5967403d082aa24f35e1b516d23) [PhysX] Initialized MultithreadedTaskDispatcher with 8 workers.
 -> (artifact id: '7d9ad13d0d2fff764283446f718e3517') in 0.003988 seconds
Number of updated asset objects reloaded before import = 0
Number of asset objects unloaded after import = 2
========================================================================
Received Import Request.
  Time since last request: 0.000028 seconds.
  path: Assets/Course Library/_Source_Files/Materials/SimplePeople_BeachBabe_Black.mat
  artifactKey: Guid(a40e1f49699c0da4b878646e3acdfad8) Importer(2089858483,0ecaa5967403d082aa24f35e1b516d23)
Start importing Assets/Course Library/_Source_Files/Materials/SimplePeople_BeachBabe_Black.mat using Guid(a40e1f49699c0da4b878646e3acdfad8) Importer(2089858483,0ecaa5967403d082aa24f35e1b516d23) [PhysX] Initialized MultithreadedTaskDispatcher with 8 workers.
 -> (artifact id: 'f2f5bf2b0f5de167326138d223d80183') in 0.002801 seconds
Number of updated asset objects reloaded before import = 0
Number of asset objects unloaded after import = 2
========================================================================
Received Import Request.
  Time since last request: 0.000076 seconds.
  path: Assets/Course Library/_Source_Files/Materials/SimpleIcons.mat
  artifactKey: Guid(9c0880e4cd8a8704e82b6940624b569a) Importer(2089858483,0ecaa5967403d082aa24f35e1b516d23)
Start importing Assets/Course Library/_Source_Files/Materials/SimpleIcons.mat using Guid(9c0880e4cd8a8704e82b6940624b569a) Importer(2089858483,0ecaa5967403d082aa24f35e1b516d23) [PhysX] Initialized MultithreadedTaskDispatcher with 8 workers.
 -> (artifact id: 'a7c2160cfd217cfd2185cb2af418082f') in 0.002295 seconds
Number of updated asset objects reloaded before import = 0
Number of asset objects unloaded after import = 2
========================================================================
Received Import Request.
  Time since last request: 0.000057 seconds.
  path: Assets/Course Library/_Source_Files/Materials/SimplePeople_Doctor_Brown.mat
  artifactKey: Guid(eb10910f153c6cc4585a14616bd3d32e) Importer(2089858483,0ecaa5967403d082aa24f35e1b516d23)
Start importing Assets/Course Library/_Source_Files/Materials/SimplePeople_Doctor_Brown.mat using Guid(eb10910f153c6cc4585a14616bd3d32e) Importer(2089858483,0ecaa5967403d082aa24f35e1b516d23) [PhysX] Initialized MultithreadedTaskDispatcher with 8 workers.
 -> (artifact id: 'cc96c3f554d6ffc75f94ea4d378b202f') in 0.003995 seconds
Number of updated asset objects reloaded before import = 0
Number of asset objects unloaded after import = 2
========================================================================
Received Import Request.
  Time since last request: 0.000026 seconds.
  path: Assets/Course Library/_Source_Files/Materials/lambert1.mat
  artifactKey: Guid(755a8ab3a8f607b4eb3106d48b449755) Importer(2089858483,0ecaa5967403d082aa24f35e1b516d23)
Start importing Assets/Course Library/_Source_Files/Materials/lambert1.mat using Guid(755a8ab3a8f607b4eb3106d48b449755) Importer(2089858483,0ecaa5967403d082aa24f35e1b516d23) [PhysX] Initialized MultithreadedTaskDispatcher with 8 workers.
 -> (artifact id: '4140885f2a57707bbd0504e1288dc98c') in 0.001979 seconds
Number of updated asset objects reloaded before import = 0
Number of asset objects unloaded after import = 1
========================================================================
Received Import Request.
  Time since last request: 0.000029 seconds.
  path: Assets/Course Library/_Source_Files/Materials/SimplePeople_BusinessMan_Black.mat
  artifactKey: Guid(632309c76598ef2439d70d47bb507f87) Importer(2089858483,0ecaa5967403d082aa24f35e1b516d23)
Start importing Assets/Course Library/_Source_Files/Materials/SimplePeople_BusinessMan_Black.mat using Guid(632309c76598ef2439d70d47bb507f87) Importer(2089858483,0ecaa5967403d082aa24f35e1b516d23) [PhysX] Initialized MultithreadedTaskDispatcher with 8 workers.
 -> (artifact id: 'fb6ca286492642e705d9afd81d301ae6') in 0.002587 seconds
Number of updated asset objects reloaded before import = 0
Number of asset objects unloaded after import = 2
========================================================================
Received Import Request.
  Time since last request: 0.000065 seconds.
  path: Assets/Course Library/_Source_Files/Materials/SumoBalls_Material_Shiny.mat
  artifactKey: Guid(0f9d505bf2ec96147b48ce4900e112ca) Importer(2089858483,0ecaa5967403d082aa24f35e1b516d23)
Start importing Assets/Course Library/_Source_Files/Materials/SumoBalls_Material_Shiny.mat using Guid(0f9d505bf2ec96147b48ce4900e112ca) Importer(2089858483,0ecaa5967403d082aa24f35e1b516d23) [PhysX] Initialized MultithreadedTaskDispatcher with 8 workers.
 -> (artifact id: '60e89e084b13de6578f3b6d53ade2657') in 0.018457 seconds
Number of updated asset objects reloaded before import = 0
Number of asset objects unloaded after import = 2
========================================================================
Received Import Request.
  Time since last request: 0.000081 seconds.
  path: Assets/Course Library/_Source_Files/Materials/SimpleFarmer_FarmersDaughter_White.mat
  artifactKey: Guid(56ebc0202fbc1a24a960ec004e48a858) Importer(2089858483,0ecaa5967403d082aa24f35e1b516d23)
Start importing Assets/Course Library/_Source_Files/Materials/SimpleFarmer_FarmersDaughter_White.mat using Guid(56ebc0202fbc1a24a960ec004e48a858) Importer(2089858483,0ecaa5967403d082aa24f35e1b516d23) [PhysX] Initialized MultithreadedTaskDispatcher with 8 workers.
 -> (artifact id: '04bc1503b9f1e870ba73badd78c6fa90') in 0.002830 seconds
Number of updated asset objects reloaded before import = 0
Number of asset objects unloaded after import = 2
========================================================================
Received Import Request.
  Time since last request: 0.000081 seconds.
  path: Assets/Course Library/_Source_Files/Materials/SimpleFarmer_FarmersDaughter_Brown.mat
  artifactKey: Guid(cc347604e888272408e91697907628e5) Importer(2089858483,0ecaa5967403d082aa24f35e1b516d23)
Start importing Assets/Course Library/_Source_Files/Materials/SimpleFarmer_FarmersDaughter_Brown.mat using Guid(cc347604e888272408e91697907628e5) Importer(2089858483,0ecaa5967403d082aa24f35e1b516d23) [PhysX] Initialized MultithreadedTaskDispatcher with 8 workers.
 -> (artifact id: 'a128a47433004e1f537634345f1d89d7') in 0.004198 seconds
Number of updated asset objects reloaded before import = 0
Number of asset objects unloaded after import = 2
========================================================================
Received Import Request.
  Time since last request: 0.000063 seconds.
  path: Assets/Course Library/_Source_Files/Materials/SimpleItems.mat
  artifactKey: Guid(dc043a9656f81bc488510dcda2b382ab) Importer(2089858483,0ecaa5967403d082aa24f35e1b516d23)
Start importing Assets/Course Library/_Source_Files/Materials/SimpleItems.mat using Guid(dc043a9656f81bc488510dcda2b382ab) Importer(2089858483,0ecaa5967403d082aa24f35e1b516d23) [PhysX] Initialized MultithreadedTaskDispatcher with 8 workers.
 -> (artifact id: 'eee554c756f1d9edeab3b20280d4761b') in 0.002788 seconds
Number of updated asset objects reloaded before import = 0
Number of asset objects unloaded after import = 2
========================================================================
Received Import Request.
  Time since last request: 0.000066 seconds.
  path: Assets/Course Library/_Source_Files/Materials/SimpleAnimalsFarm.mat
  artifactKey: Guid(185ca34253615de44926902d54fb6f1d) Importer(2089858483,0ecaa5967403d082aa24f35e1b516d23)
Start importing Assets/Course Library/_Source_Files/Materials/SimpleAnimalsFarm.mat using Guid(185ca34253615de44926902d54fb6f1d) Importer(2089858483,0ecaa5967403d082aa24f35e1b516d23) [PhysX] Initialized MultithreadedTaskDispatcher with 8 workers.
 -> (artifact id: 'abfe3ea46b2bc5dbc199c3307d7c0aff') in 0.002716 seconds
Number of updated asset objects reloaded before import = 0
Number of asset objects unloaded after import = 2
========================================================================
Received Import Request.
  Time since last request: 0.000088 seconds.
  path: Assets/Course Library/_Source_Files/Materials/SimpleFarmer_Farmer_Brown.mat
  artifactKey: Guid(d4f57b669d9639544b1d50ba3f22dbe4) Importer(2089858483,0ecaa5967403d082aa24f35e1b516d23)
Start importing Assets/Course Library/_Source_Files/Materials/SimpleFarmer_Farmer_Brown.mat using Guid(d4f57b669d9639544b1d50ba3f22dbe4) Importer(2089858483,0ecaa5967403d082aa24f35e1b516d23) [PhysX] Initialized MultithreadedTaskDispatcher with 8 workers.
 -> (artifact id: '49f6921452edd55f7899e34be3cfb8bd') in 0.002532 seconds
Number of updated asset objects reloaded before import = 0
Number of asset objects unloaded after import = 2
========================================================================
Received Import Request.
  Time since last request: 0.000072 seconds.
  path: Assets/Course Library/_Source_Files/Materials/SimpleFarmer_FarmersWife_White.mat
  artifactKey: Guid(94bc80c9a69c60e40a7f3e87548db65e) Importer(2089858483,0ecaa5967403d082aa24f35e1b516d23)
Start importing Assets/Course Library/_Source_Files/Materials/SimpleFarmer_FarmersWife_White.mat using Guid(94bc80c9a69c60e40a7f3e87548db65e) Importer(2089858483,0ecaa5967403d082aa24f35e1b516d23) [PhysX] Initialized MultithreadedTaskDispatcher with 8 workers.
 -> (artifact id: 'cac63650b24b3f894fa92d9deceffcfa') in 0.002579 seconds
Number of updated asset objects reloaded before import = 0
Number of asset objects unloaded after import = 2
========================================================================
Received Import Request.
  Time since last request: 0.000122 seconds.
  path: Assets/Course Library/_Source_Files/Materials/SimplePeople_Waitress_Black.mat
  artifactKey: Guid(95db71c87bb7ddc43a6594071030bc9c) Importer(2089858483,0ecaa5967403d082aa24f35e1b516d23)
Start importing Assets/Course Library/_Source_Files/Materials/SimplePeople_Waitress_Black.mat using Guid(95db71c87bb7ddc43a6594071030bc9c) Importer(2089858483,0ecaa5967403d082aa24f35e1b516d23) [PhysX] Initialized MultithreadedTaskDispatcher with 8 workers.
 -> (artifact id: '81cfb83980b23a23475e126e8ffc1ea7') in 0.002723 seconds
Number of updated asset objects reloaded before import = 0
Number of asset objects unloaded after import = 2
========================================================================
Received Import Request.
  Time since last request: 0.000034 seconds.
  path: Assets/Course Library/_Source_Files/Materials/PolygonNature_01.mat
  artifactKey: Guid(b72e16591230315448c77c827b522ae1) Importer(2089858483,0ecaa5967403d082aa24f35e1b516d23)
Start importing Assets/Course Library/_Source_Files/Materials/PolygonNature_01.mat using Guid(b72e16591230315448c77c827b522ae1) Importer(2089858483,0ecaa5967403d082aa24f35e1b516d23) [PhysX] Initialized MultithreadedTaskDispatcher with 8 workers.
 -> (artifact id: 'ed7870aebab09ff45ecb287ba3b3ccf8') in 0.003834 seconds
Number of updated asset objects reloaded before import = 0
Number of asset objects unloaded after import = 2
========================================================================
Received Import Request.
  Time since last request: 0.000102 seconds.
  path: Assets/Course Library/Characters/Town/SimplePeople_Man_Business_Black.prefab
  artifactKey: Guid(2f8d00bf5057f624e949aef802595da9) Importer(2089858483,0ecaa5967403d082aa24f35e1b516d23)
Start importing Assets/Course Library/Characters/Town/SimplePeople_Man_Business_Black.prefab using Guid(2f8d00bf5057f624e949aef802595da9) Importer(2089858483,0ecaa5967403d082aa24f35e1b516d23) [PhysX] Initialized MultithreadedTaskDispatcher with 8 workers.
 -> (artifact id: 'd6f33af65a446769740bd2f00ea8d1d0') in 0.011525 seconds
Number of updated asset objects reloaded before import = 0
Number of asset objects unloaded after import = 400
========================================================================
Received Import Request.
  Time since last request: 0.000044 seconds.
  path: Assets/Course Library/Characters/Town/SimplePeople_Woman_Waitress_Brown.prefab
  artifactKey: Guid(882e87ba7c26a9d47a4f001002357e94) Importer(2089858483,0ecaa5967403d082aa24f35e1b516d23)
Start importing Assets/Course Library/Characters/Town/SimplePeople_Woman_Waitress_Brown.prefab using Guid(882e87ba7c26a9d47a4f001002357e94) Importer(2089858483,0ecaa5967403d082aa24f35e1b516d23) [PhysX] Initialized MultithreadedTaskDispatcher with 8 workers.
 -> (artifact id: 'a3953c5d36b78f8172a6292d0bf00479') in 0.012412 seconds
Number of updated asset objects reloaded before import = 0
Number of asset objects unloaded after import = 400
========================================================================
Received Import Request.
  Time since last request: 5.865438 seconds.
  path: Assets/Course Library/Characters/Town/SimplePeople_Man_Business_Brown.prefab
  artifactKey: Guid(c14bb5ce28dbb7442a2f79d8b6a061ce) Importer(815301076,1909f56bfc062723c751e8b465ee728b)
Start importing Assets/Course Library/Characters/Town/SimplePeople_Man_Business_Brown.prefab using Guid(c14bb5ce28dbb7442a2f79d8b6a061ce) Importer(815301076,1909f56bfc062723c751e8b465ee728b) [PhysX] Initialized MultithreadedTaskDispatcher with 8 workers.
[PhysX] Initialized MultithreadedTaskDispatcher with 8 workers.
 -> (artifact id: '2d82d44f61fff30fd64e2c30199b7ffb') in 0.025266 seconds
Number of updated asset objects reloaded before import = 0
Number of asset objects unloaded after import = 405
========================================================================
Received Import Request.
  Time since last request: 0.646285 seconds.
  path: Assets/Course Library/Characters/Town/SimplePeople_Man_Business_White.prefab
  artifactKey: Guid(b186f9485a0828b468f98fe846ae1a68) Importer(815301076,1909f56bfc062723c751e8b465ee728b)
Start importing Assets/Course Library/Characters/Town/SimplePeople_Man_Business_White.prefab using Guid(b186f9485a0828b468f98fe846ae1a68) Importer(815301076,1909f56bfc062723c751e8b465ee728b) [PhysX] Initialized MultithreadedTaskDispatcher with 8 workers.
[PhysX] Initialized MultithreadedTaskDispatcher with 8 workers.
 -> (artifact id: '110d3df04ad5cbcfde95c5223ea7dd5a') in 0.023440 seconds
Number of updated asset objects reloaded before import = 0
Number of asset objects unloaded after import = 405
========================================================================
Received Import Request.
  Time since last request: 0.388213 seconds.
  path: Assets/Course Library/Characters/Town/SimplePeople_Man_Punk_Black.prefab
  artifactKey: Guid(fe32ce89f99911a478ea9e6736294382) Importer(815301076,1909f56bfc062723c751e8b465ee728b)
Start importing Assets/Course Library/Characters/Town/SimplePeople_Man_Punk_Black.prefab using Guid(fe32ce89f99911a478ea9e6736294382) Importer(815301076,1909f56bfc062723c751e8b465ee728b) [PhysX] Initialized MultithreadedTaskDispatcher with 8 workers.
[PhysX] Initialized MultithreadedTaskDispatcher with 8 workers.
 -> (artifact id: '74f66e1dc6541eda38d4ea7603f75de5') in 0.022567 seconds
Number of updated asset objects reloaded before import = 0
Number of asset objects unloaded after import = 405
========================================================================
Received Import Request.
  Time since last request: 0.228400 seconds.
  path: Assets/Course Library/Characters/Town/SimplePeople_Man_Punk_Brown.prefab
  artifactKey: Guid(4a7c3ad7168bb834b87a91e3f94ad3d6) Importer(815301076,1909f56bfc062723c751e8b465ee728b)
Start importing Assets/Course Library/Characters/Town/SimplePeople_Man_Punk_Brown.prefab using Guid(4a7c3ad7168bb834b87a91e3f94ad3d6) Importer(815301076,1909f56bfc062723c751e8b465ee728b) [PhysX] Initialized MultithreadedTaskDispatcher with 8 workers.
[PhysX] Initialized MultithreadedTaskDispatcher with 8 workers.
 -> (artifact id: 'bd4158ae9e75797a3118e4c4288c0a2e') in 0.023903 seconds
Number of updated asset objects reloaded before import = 0
Number of asset objects unloaded after import = 405
========================================================================
Received Import Request.
  Time since last request: 0.169141 seconds.
  path: Assets/Course Library/Characters/Town/SimplePeople_Man_Punk_White.prefab
  artifactKey: Guid(f147a01ef442b2345a3546109476c690) Importer(815301076,1909f56bfc062723c751e8b465ee728b)
Start importing Assets/Course Library/Characters/Town/SimplePeople_Man_Punk_White.prefab using Guid(f147a01ef442b2345a3546109476c690) Importer(815301076,1909f56bfc062723c751e8b465ee728b) [PhysX] Initialized MultithreadedTaskDispatcher with 8 workers.
[PhysX] Initialized MultithreadedTaskDispatcher with 8 workers.
 -> (artifact id: '20bbf7219d432115e09d5e17e9fa3949') in 0.022281 seconds
Number of updated asset objects reloaded before import = 0
Number of asset objects unloaded after import = 405
========================================================================
Received Import Request.
  Time since last request: 0.114230 seconds.
  path: Assets/Course Library/Characters/Town/SimplePeople_Man_RoadWorker_Black.prefab
  artifactKey: Guid(3afad42cab5a57a4c9f19f8deaaf8689) Importer(815301076,1909f56bfc062723c751e8b465ee728b)
Start importing Assets/Course Library/Characters/Town/SimplePeople_Man_RoadWorker_Black.prefab using Guid(3afad42cab5a57a4c9f19f8deaaf8689) Importer(815301076,1909f56bfc062723c751e8b465ee728b) [PhysX] Initialized MultithreadedTaskDispatcher with 8 workers.
[PhysX] Initialized MultithreadedTaskDispatcher with 8 workers.
 -> (artifact id: '2f320547f94c7b6ea687c2b24158173c') in 0.020312 seconds
Number of updated asset objects reloaded before import = 0
Number of asset objects unloaded after import = 405
========================================================================
Received Import Request.
  Time since last request: 0.506040 seconds.
  path: Assets/Course Library/Characters/Town/SimplePeople_Man_RoadWorker_Brown.prefab
  artifactKey: Guid(70ab0d3e71b54ac4bbd703cb0a686c4d) Importer(815301076,1909f56bfc062723c751e8b465ee728b)
Start importing Assets/Course Library/Characters/Town/SimplePeople_Man_RoadWorker_Brown.prefab using Guid(70ab0d3e71b54ac4bbd703cb0a686c4d) Importer(815301076,1909f56bfc062723c751e8b465ee728b) [PhysX] Initialized MultithreadedTaskDispatcher with 8 workers.
[PhysX] Initialized MultithreadedTaskDispatcher with 8 workers.
 -> (artifact id: '6e32a14f068a84ef12070cefe4988bac') in 0.022851 seconds
Number of updated asset objects reloaded before import = 0
Number of asset objects unloaded after import = 405
========================================================================
Received Import Request.
  Time since last request: 0.229037 seconds.
  path: Assets/Course Library/Characters/Town/SimplePeople_Man_RoadWorker_White.prefab
  artifactKey: Guid(0703a1849c2c89b4db4568688faf0c5f) Importer(815301076,1909f56bfc062723c751e8b465ee728b)
Start importing Assets/Course Library/Characters/Town/SimplePeople_Man_RoadWorker_White.prefab using Guid(0703a1849c2c89b4db4568688faf0c5f) Importer(815301076,1909f56bfc062723c751e8b465ee728b) [PhysX] Initialized MultithreadedTaskDispatcher with 8 workers.
[PhysX] Initialized MultithreadedTaskDispatcher with 8 workers.
 -> (artifact id: 'd429e9aedeb877bff0508c72d2db41a6') in 0.022956 seconds
Number of updated asset objects reloaded before import = 0
Number of asset objects unloaded after import = 405
========================================================================
Received Import Request.
  Time since last request: 0.182643 seconds.
  path: Assets/Course Library/Characters/Town/SimplePeople_Woman_Doctor_Black.prefab
  artifactKey: Guid(03ffd135f81a3fb4cb6f2e6e944f979d) Importer(815301076,1909f56bfc062723c751e8b465ee728b)
Start importing Assets/Course Library/Characters/Town/SimplePeople_Woman_Doctor_Black.prefab using Guid(03ffd135f81a3fb4cb6f2e6e944f979d) Importer(815301076,1909f56bfc062723c751e8b465ee728b) [PhysX] Initialized MultithreadedTaskDispatcher with 8 workers.
[PhysX] Initialized MultithreadedTaskDispatcher with 8 workers.
 -> (artifact id: 'c95758764b8aa9688bc1d3fc851c40ce') in 0.024258 seconds
Number of updated asset objects reloaded before import = 0
Number of asset objects unloaded after import = 403
========================================================================
Received Import Request.
  Time since last request: 0.148471 seconds.
  path: Assets/Course Library/Characters/Town/SimplePeople_Woman_Doctor_Brown.prefab
  artifactKey: Guid(f19c9246d91b3d5488c65e0539de4da2) Importer(815301076,1909f56bfc062723c751e8b465ee728b)
Start importing Assets/Course Library/Characters/Town/SimplePeople_Woman_Doctor_Brown.prefab using Guid(f19c9246d91b3d5488c65e0539de4da2) Importer(815301076,1909f56bfc062723c751e8b465ee728b) [PhysX] Initialized MultithreadedTaskDispatcher with 8 workers.
[PhysX] Initialized MultithreadedTaskDispatcher with 8 workers.
 -> (artifact id: '41b6f478dd8dd840e5f4f17468376e75') in 0.022013 seconds
Number of updated asset objects reloaded before import = 0
Number of asset objects unloaded after import = 403
========================================================================
Received Import Request.
  Time since last request: 1.125691 seconds.
  path: Assets/Course Library/Characters/Town/SimplePeople_Woman_Doctor_White.prefab
  artifactKey: Guid(d70170446aa035f40a2429d04ab83ea6) Importer(815301076,1909f56bfc062723c751e8b465ee728b)
Start importing Assets/Course Library/Characters/Town/SimplePeople_Woman_Doctor_White.prefab using Guid(d70170446aa035f40a2429d04ab83ea6) Importer(815301076,1909f56bfc062723c751e8b465ee728b) [PhysX] Initialized MultithreadedTaskDispatcher with 8 workers.
[PhysX] Initialized MultithreadedTaskDispatcher with 8 workers.
 -> (artifact id: 'bb93edc27f9cf56e21b80ec28904bdcb') in 0.025235 seconds
Number of updated asset objects reloaded before import = 0
Number of asset objects unloaded after import = 403
========================================================================
Received Import Request.
  Time since last request: 0.281600 seconds.
  path: Assets/Course Library/Characters/Town/SimplePeople_Woman_Waitress_Black.prefab
  artifactKey: Guid(20847b8e912bc604b99e748a676d067b) Importer(815301076,1909f56bfc062723c751e8b465ee728b)
Start importing Assets/Course Library/Characters/Town/SimplePeople_Woman_Waitress_Black.prefab using Guid(20847b8e912bc604b99e748a676d067b) Importer(815301076,1909f56bfc062723c751e8b465ee728b) [PhysX] Initialized MultithreadedTaskDispatcher with 8 workers.
[PhysX] Initialized MultithreadedTaskDispatcher with 8 workers.
 -> (artifact id: '8eacb4712c3eaf4bcc700cd28c4fb21c') in 0.023149 seconds
Number of updated asset objects reloaded before import = 0
Number of asset objects unloaded after import = 403
========================================================================
Received Import Request.
  Time since last request: 0.264249 seconds.
  path: Assets/Course Library/Characters/Town/SimplePeople_Woman_Waitress_Brown.prefab
  artifactKey: Guid(882e87ba7c26a9d47a4f001002357e94) Importer(815301076,1909f56bfc062723c751e8b465ee728b)
Start importing Assets/Course Library/Characters/Town/SimplePeople_Woman_Waitress_Brown.prefab using Guid(882e87ba7c26a9d47a4f001002357e94) Importer(815301076,1909f56bfc062723c751e8b465ee728b) [PhysX] Initialized MultithreadedTaskDispatcher with 8 workers.
[PhysX] Initialized MultithreadedTaskDispatcher with 8 workers.
 -> (artifact id: 'a39a91c1d054393435e1e2bd0ddbb2a7') in 0.024227 seconds
Number of updated asset objects reloaded before import = 0
Number of asset objects unloaded after import = 403
========================================================================
Received Import Request.
  Time since last request: 0.257128 seconds.
  path: Assets/Course Library/Characters/Town/SimplePeople_Woman_Waitress_White.prefab
  artifactKey: Guid(fe520ce6663e67348a964bf7b4318e26) Importer(815301076,1909f56bfc062723c751e8b465ee728b)
Start importing Assets/Course Library/Characters/Town/SimplePeople_Woman_Waitress_White.prefab using Guid(fe520ce6663e67348a964bf7b4318e26) Importer(815301076,1909f56bfc062723c751e8b465ee728b) [PhysX] Initialized MultithreadedTaskDispatcher with 8 workers.
[PhysX] Initialized MultithreadedTaskDispatcher with 8 workers.
 -> (artifact id: '4e8bc9f366ca261adff0289dca798911') in 0.022602 seconds
Number of updated asset objects reloaded before import = 0
Number of asset objects unloaded after import = 403
========================================================================
Received Import Request.
  Time since last request: 0.292353 seconds.
  path: Assets/Course Library/Environments
  artifactKey: Guid(9adf4911ba9b441c7b1dd27fe12b6487) Importer(815301076,1909f56bfc062723c751e8b465ee728b)
Start importing Assets/Course Library/Environments using Guid(9adf4911ba9b441c7b1dd27fe12b6487) Importer(815301076,1909f56bfc062723c751e8b465ee728b) [PhysX] Initialized MultithreadedTaskDispatcher with 8 workers.
 -> (artifact id: '83105cbea6973e01f40b452684c65847') in 0.000563 seconds
Number of updated asset objects reloaded before import = 0
Number of asset objects unloaded after import = 0
========================================================================
Received Import Request.
  Time since last request: 3.600053 seconds.
  path: Assets/Course Library/Characters/Town
  artifactKey: Guid(1c40e59f62d66499483f34d7d8e9fc29) Importer(815301076,1909f56bfc062723c751e8b465ee728b)
Start importing Assets/Course Library/Characters/Town using Guid(1c40e59f62d66499483f34d7d8e9fc29) Importer(815301076,1909f56bfc062723c751e8b465ee728b) [PhysX] Initialized MultithreadedTaskDispatcher with 8 workers.
 -> (artifact id: '03f8134f460163296113b952b49e155f') in 0.000308 seconds
Number of updated asset objects reloaded before import = 0
Number of asset objects unloaded after import = 0
========================================================================
Received Import Request.
  Time since last request: 4.191672 seconds.
  path: Assets/Course Library/Characters/Farm/SimpleFarmer_Woman_02_White.prefab
  artifactKey: Guid(7169122e91e1981469b2b6045ddf7963) Importer(815301076,1909f56bfc062723c751e8b465ee728b)
Start importing Assets/Course Library/Characters/Farm/SimpleFarmer_Woman_02_White.prefab using Guid(7169122e91e1981469b2b6045ddf7963) Importer(815301076,1909f56bfc062723c751e8b465ee728b) [PhysX] Initialized MultithreadedTaskDispatcher with 8 workers.
[PhysX] Initialized MultithreadedTaskDispatcher with 8 workers.
 -> (artifact id: '2e60300972d2dd758c1b40065b4cf528') in 0.024999 seconds
Number of updated asset objects reloaded before import = 0
Number of asset objects unloaded after import = 359
========================================================================
Received Import Request.
  Time since last request: 0.437103 seconds.
  path: Assets/Course Library/Characters/Farm/SimpleFarmer_Woman_02_Brown.prefab
  artifactKey: Guid(610afbb40c4385d42aa33adfe3531f0a) Importer(815301076,1909f56bfc062723c751e8b465ee728b)
Start importing Assets/Course Library/Characters/Farm/SimpleFarmer_Woman_02_Brown.prefab using Guid(610afbb40c4385d42aa33adfe3531f0a) Importer(815301076,1909f56bfc062723c751e8b465ee728b) [PhysX] Initialized MultithreadedTaskDispatcher with 8 workers.
[PhysX] Initialized MultithreadedTaskDispatcher with 8 workers.
 -> (artifact id: '2ae2ac57e0dbdf08708c8c6cc8e78cb7') in 0.025963 seconds
Number of updated asset objects reloaded before import = 0
Number of asset objects unloaded after import = 357
========================================================================
Received Import Request.
  Time since last request: 0.365611 seconds.
  path: Assets/Course Library/Characters/Farm/SimpleFarmer_Woman_02_Black.prefab
  artifactKey: Guid(0e1316a3e46fdb349b6ff648610a1d71) Importer(815301076,1909f56bfc062723c751e8b465ee728b)
Start importing Assets/Course Library/Characters/Farm/SimpleFarmer_Woman_02_Black.prefab using Guid(0e1316a3e46fdb349b6ff648610a1d71) Importer(815301076,1909f56bfc062723c751e8b465ee728b) [PhysX] Initialized MultithreadedTaskDispatcher with 8 workers.
[PhysX] Initialized MultithreadedTaskDispatcher with 8 workers.
 -> (artifact id: 'e47b5ddd307fa0f59d95c571b95f3040') in 0.024066 seconds
Number of updated asset objects reloaded before import = 0
Number of asset objects unloaded after import = 357
========================================================================
Received Import Request.
  Time since last request: 0.332053 seconds.
  path: Assets/Course Library/Characters/Farm/SimpleFarmer_Woman_01_White.prefab
  artifactKey: Guid(3cf7f489270aac84fb12901330960a5b) Importer(815301076,1909f56bfc062723c751e8b465ee728b)
Start importing Assets/Course Library/Characters/Farm/SimpleFarmer_Woman_01_White.prefab using Guid(3cf7f489270aac84fb12901330960a5b) Importer(815301076,1909f56bfc062723c751e8b465ee728b) [PhysX] Initialized MultithreadedTaskDispatcher with 8 workers.
[PhysX] Initialized MultithreadedTaskDispatcher with 8 workers.
 -> (artifact id: '110865c2d14a0ca3620be1b74c31dbc0') in 0.023893 seconds
Number of updated asset objects reloaded before import = 0
Number of asset objects unloaded after import = 357
========================================================================
Received Import Request.
  Time since last request: 0.299896 seconds.
  path: Assets/Course Library/Characters/Farm/SimpleFarmer_Woman_01_Brown.prefab
  artifactKey: Guid(f3f69bcf5a1514c458ed5c9b96f28e34) Importer(815301076,1909f56bfc062723c751e8b465ee728b)
Start importing Assets/Course Library/Characters/Farm/SimpleFarmer_Woman_01_Brown.prefab using Guid(f3f69bcf5a1514c458ed5c9b96f28e34) Importer(815301076,1909f56bfc062723c751e8b465ee728b) [PhysX] Initialized MultithreadedTaskDispatcher with 8 workers.
[PhysX] Initialized MultithreadedTaskDispatcher with 8 workers.
 -> (artifact id: 'ba9b003aac2ab4a718def9d392314c8b') in 0.023754 seconds
Number of updated asset objects reloaded before import = 0
Number of asset objects unloaded after import = 357
========================================================================
Received Import Request.
  Time since last request: 0.541145 seconds.
  path: Assets/Course Library/Characters/Farm/SimpleFarmer_Woman_01_Black.prefab
  artifactKey: Guid(2af1fa464b69e4c4cb1a408373c7d971) Importer(815301076,1909f56bfc062723c751e8b465ee728b)
Start importing Assets/Course Library/Characters/Farm/SimpleFarmer_Woman_01_Black.prefab using Guid(2af1fa464b69e4c4cb1a408373c7d971) Importer(815301076,1909f56bfc062723c751e8b465ee728b) [PhysX] Initialized MultithreadedTaskDispatcher with 8 workers.
[PhysX] Initialized MultithreadedTaskDispatcher with 8 workers.
 -> (artifact id: 'c9c3e79beee053d19018aa58fda81cb3') in 0.022800 seconds
Number of updated asset objects reloaded before import = 0
Number of asset objects unloaded after import = 357
========================================================================
Received Import Request.
  Time since last request: 0.351731 seconds.
  path: Assets/Course Library/Characters/Farm/SimpleFarmer_Man_02_White.prefab
  artifactKey: Guid(7b6675de545141649953fd8adec4561b) Importer(815301076,1909f56bfc062723c751e8b465ee728b)
Start importing Assets/Course Library/Characters/Farm/SimpleFarmer_Man_02_White.prefab using Guid(7b6675de545141649953fd8adec4561b) Importer(815301076,1909f56bfc062723c751e8b465ee728b) [PhysX] Initialized MultithreadedTaskDispatcher with 8 workers.
[PhysX] Initialized MultithreadedTaskDispatcher with 8 workers.
 -> (artifact id: '0d66bfdb05bb085c21f76981e8f9a338') in 0.023638 seconds
Number of updated asset objects reloaded before import = 0
Number of asset objects unloaded after import = 357
========================================================================
Received Import Request.
  Time since last request: 0.439389 seconds.
  path: Assets/Course Library/Characters/Farm/SimpleFarmer_Man_02_Brown.prefab
  artifactKey: Guid(814f4326a50812947b2469896d89a215) Importer(815301076,1909f56bfc062723c751e8b465ee728b)
Start importing Assets/Course Library/Characters/Farm/SimpleFarmer_Man_02_Brown.prefab using Guid(814f4326a50812947b2469896d89a215) Importer(815301076,1909f56bfc062723c751e8b465ee728b) [PhysX] Initialized MultithreadedTaskDispatcher with 8 workers.
[PhysX] Initialized MultithreadedTaskDispatcher with 8 workers.
 -> (artifact id: '7f2da3dfb7c4b91899c52c27c0aa61d6') in 0.025046 seconds
Number of updated asset objects reloaded before import = 0
Number of asset objects unloaded after import = 357
========================================================================
Received Import Request.
  Time since last request: 0.265780 seconds.
  path: Assets/Course Library/Characters/Farm/SimpleFarmer_Man_02_Black.prefab
  artifactKey: Guid(fc01a3bb589cebc4aa10892db165243b) Importer(815301076,1909f56bfc062723c751e8b465ee728b)
Start importing Assets/Course Library/Characters/Farm/SimpleFarmer_Man_02_Black.prefab using Guid(fc01a3bb589cebc4aa10892db165243b) Importer(815301076,1909f56bfc062723c751e8b465ee728b) [PhysX] Initialized MultithreadedTaskDispatcher with 8 workers.
[PhysX] Initialized MultithreadedTaskDispatcher with 8 workers.
 -> (artifact id: '90f40fb581a6cd76f919fda6ffe99481') in 0.023951 seconds
Number of updated asset objects reloaded before import = 0
Number of asset objects unloaded after import = 357
========================================================================
Received Import Request.
  Time since last request: 0.149609 seconds.
  path: Assets/Course Library/Characters/Farm/SimpleFarmer_Man_01_White.prefab
  artifactKey: Guid(3bd8a450fcb589542a7843ea7bda2ee6) Importer(815301076,1909f56bfc062723c751e8b465ee728b)
Start importing Assets/Course Library/Characters/Farm/SimpleFarmer_Man_01_White.prefab using Guid(3bd8a450fcb589542a7843ea7bda2ee6) Importer(815301076,1909f56bfc062723c751e8b465ee728b) [PhysX] Initialized MultithreadedTaskDispatcher with 8 workers.
[PhysX] Initialized MultithreadedTaskDispatcher with 8 workers.
 -> (artifact id: 'f47bc632df1c07d9000be77e8d5292ff') in 0.022919 seconds
Number of updated asset objects reloaded before import = 0
Number of asset objects unloaded after import = 357
========================================================================
Received Import Request.
  Time since last request: 25.303357 seconds.
  path: Assets/Prefabs/Player.prefab
  artifactKey: Guid(d358a99e7ce2c41abb662ad25c97c1c0) Importer(2089858483,0ecaa5967403d082aa24f35e1b516d23)
Start importing Assets/Prefabs/Player.prefab using Guid(d358a99e7ce2c41abb662ad25c97c1c0) Importer(2089858483,0ecaa5967403d082aa24f35e1b516d23) [PhysX] Initialized MultithreadedTaskDispatcher with 8 workers.
 -> (artifact id: '2503ace0746ac915fd728096b7509575') in 0.020763 seconds
Number of updated asset objects reloaded before import = 0
Number of asset objects unloaded after import = 72
========================================================================
Received Import Request.
  Time since last request: 20.931296 seconds.
  path: Assets/Prefabs/Player.prefab
  artifactKey: Guid(d358a99e7ce2c41abb662ad25c97c1c0) Importer(2089858483,0ecaa5967403d082aa24f35e1b516d23)
Start importing Assets/Prefabs/Player.prefab using Guid(d358a99e7ce2c41abb662ad25c97c1c0) Importer(2089858483,0ecaa5967403d082aa24f35e1b516d23) [PhysX] Initialized MultithreadedTaskDispatcher with 8 workers.
 -> (artifact id: 'd39116c57e5cd9fb5f736c200293bd20') in 0.011191 seconds
Number of updated asset objects reloaded before import = 0
Number of asset objects unloaded after import = 72
========================================================================
Received Import Request.
  Time since last request: 10.059002 seconds.
  path: Assets/Prefabs/Player.prefab
  artifactKey: Guid(d358a99e7ce2c41abb662ad25c97c1c0) Importer(2089858483,0ecaa5967403d082aa24f35e1b516d23)
Start importing Assets/Prefabs/Player.prefab using Guid(d358a99e7ce2c41abb662ad25c97c1c0) Importer(2089858483,0ecaa5967403d082aa24f35e1b516d23) [PhysX] Initialized MultithreadedTaskDispatcher with 8 workers.
 -> (artifact id: 'fc156c1e638756f9394f723458f561d2') in 0.011527 seconds
Number of updated asset objects reloaded before import = 0
Number of asset objects unloaded after import = 72
========================================================================
Received Import Request.
  Time since last request: 6.054054 seconds.
  path: Assets/Prefabs/Player.prefab
  artifactKey: Guid(d358a99e7ce2c41abb662ad25c97c1c0) Importer(2089858483,0ecaa5967403d082aa24f35e1b516d23)
Start importing Assets/Prefabs/Player.prefab using Guid(d358a99e7ce2c41abb662ad25c97c1c0) Importer(2089858483,0ecaa5967403d082aa24f35e1b516d23) [PhysX] Initialized MultithreadedTaskDispatcher with 8 workers.
 -> (artifact id: 'e2f28ca1c3c70b91660eba3235687125') in 0.008076 seconds
Number of updated asset objects reloaded before import = 0
Number of asset objects unloaded after import = 72
========================================================================
Received Import Request.
  Time since last request: 7.437763 seconds.
  path: Assets/Prefabs/Player.prefab
  artifactKey: Guid(d358a99e7ce2c41abb662ad25c97c1c0) Importer(2089858483,0ecaa5967403d082aa24f35e1b516d23)
Start importing Assets/Prefabs/Player.prefab using Guid(d358a99e7ce2c41abb662ad25c97c1c0) Importer(2089858483,0ecaa5967403d082aa24f35e1b516d23) [PhysX] Initialized MultithreadedTaskDispatcher with 8 workers.
 -> (artifact id: '5246951feb0ca7ae094987ac46a730c2') in 0.005753 seconds
Number of updated asset objects reloaded before import = 0
Number of asset objects unloaded after import = 72
========================================================================
Received Import Request.
  Time since last request: 2.390720 seconds.
  path: Assets/Prefabs/Player.prefab
  artifactKey: Guid(d358a99e7ce2c41abb662ad25c97c1c0) Importer(2089858483,0ecaa5967403d082aa24f35e1b516d23)
Start importing Assets/Prefabs/Player.prefab using Guid(d358a99e7ce2c41abb662ad25c97c1c0) Importer(2089858483,0ecaa5967403d082aa24f35e1b516d23) [PhysX] Initialized MultithreadedTaskDispatcher with 8 workers.
 -> (artifact id: 'd438777b97a3e9d54f222d3c25c96db0') in 0.007351 seconds
Number of updated asset objects reloaded before import = 0
Number of asset objects unloaded after import = 72
========================================================================
Received Import Request.
  Time since last request: 10.901486 seconds.
  path: Assets/Prefabs/Player.prefab
  artifactKey: Guid(d358a99e7ce2c41abb662ad25c97c1c0) Importer(2089858483,0ecaa5967403d082aa24f35e1b516d23)
Start importing Assets/Prefabs/Player.prefab using Guid(d358a99e7ce2c41abb662ad25c97c1c0) Importer(2089858483,0ecaa5967403d082aa24f35e1b516d23) [PhysX] Initialized MultithreadedTaskDispatcher with 8 workers.
 -> (artifact id: '1525a900866d6d764011deb44cb348fc') in 0.007345 seconds
Number of updated asset objects reloaded before import = 0
Number of asset objects unloaded after import = 72
========================================================================
Received Import Request.
  Time since last request: 5.688096 seconds.
  path: Assets/Prefabs/Player.prefab
  artifactKey: Guid(d358a99e7ce2c41abb662ad25c97c1c0) Importer(2089858483,0ecaa5967403d082aa24f35e1b516d23)
Start importing Assets/Prefabs/Player.prefab using Guid(d358a99e7ce2c41abb662ad25c97c1c0) Importer(2089858483,0ecaa5967403d082aa24f35e1b516d23) [PhysX] Initialized MultithreadedTaskDispatcher with 8 workers.
 -> (artifact id: '3a97dd9e332d2232cf44f61098696bf0') in 0.011827 seconds
Number of updated asset objects reloaded before import = 0
Number of asset objects unloaded after import = 72
========================================================================
Received Import Request.
  Time since last request: 2.803145 seconds.
  path: Assets/Prefabs/Player.prefab
  artifactKey: Guid(d358a99e7ce2c41abb662ad25c97c1c0) Importer(2089858483,0ecaa5967403d082aa24f35e1b516d23)
Start importing Assets/Prefabs/Player.prefab using Guid(d358a99e7ce2c41abb662ad25c97c1c0) Importer(2089858483,0ecaa5967403d082aa24f35e1b516d23) [PhysX] Initialized MultithreadedTaskDispatcher with 8 workers.
 -> (artifact id: 'f4676e0eb5fd03cf2ab8e1667ab9f819') in 0.009777 seconds
Number of updated asset objects reloaded before import = 0
Number of asset objects unloaded after import = 72
========================================================================
Received Import Request.
  Time since last request: 1.982108 seconds.
  path: Assets/Prefabs/Player.prefab
  artifactKey: Guid(d358a99e7ce2c41abb662ad25c97c1c0) Importer(2089858483,0ecaa5967403d082aa24f35e1b516d23)
Start importing Assets/Prefabs/Player.prefab using Guid(d358a99e7ce2c41abb662ad25c97c1c0) Importer(2089858483,0ecaa5967403d082aa24f35e1b516d23) [PhysX] Initialized MultithreadedTaskDispatcher with 8 workers.
 -> (artifact id: 'c7563b24c2759a00db54789cee73d653') in 0.010667 seconds
Number of updated asset objects reloaded before import = 0
Number of asset objects unloaded after import = 72
========================================================================
Received Import Request.
  Time since last request: 1.999028 seconds.
  path: Assets/Prefabs/Player.prefab
  artifactKey: Guid(d358a99e7ce2c41abb662ad25c97c1c0) Importer(2089858483,0ecaa5967403d082aa24f35e1b516d23)
Start importing Assets/Prefabs/Player.prefab using Guid(d358a99e7ce2c41abb662ad25c97c1c0) Importer(2089858483,0ecaa5967403d082aa24f35e1b516d23) [PhysX] Initialized MultithreadedTaskDispatcher with 8 workers.
 -> (artifact id: '87f992d4f97dd744d7622be78bf7dc1d') in 0.009366 seconds
Number of updated asset objects reloaded before import = 0
Number of asset objects unloaded after import = 72
========================================================================
Received Import Request.
  Time since last request: 10.495610 seconds.
  path: Assets/Prefabs/Player.prefab
  artifactKey: Guid(d358a99e7ce2c41abb662ad25c97c1c0) Importer(2089858483,0ecaa5967403d082aa24f35e1b516d23)
Start importing Assets/Prefabs/Player.prefab using Guid(d358a99e7ce2c41abb662ad25c97c1c0) Importer(2089858483,0ecaa5967403d082aa24f35e1b516d23) [PhysX] Initialized MultithreadedTaskDispatcher with 8 workers.
 -> (artifact id: 'e704e86e7dd8a1d0996aff65d7a7948f') in 0.007370 seconds
Number of updated asset objects reloaded before import = 0
Number of asset objects unloaded after import = 72
========================================================================
Received Import Request.
  Time since last request: 12.530964 seconds.
  path: Assets/Prefabs/Player.prefab
  artifactKey: Guid(d358a99e7ce2c41abb662ad25c97c1c0) Importer(2089858483,0ecaa5967403d082aa24f35e1b516d23)
Start importing Assets/Prefabs/Player.prefab using Guid(d358a99e7ce2c41abb662ad25c97c1c0) Importer(2089858483,0ecaa5967403d082aa24f35e1b516d23) [PhysX] Initialized MultithreadedTaskDispatcher with 8 workers.
 -> (artifact id: 'd78dca39fe4d89c5998b987d350ecca7') in 0.010862 seconds
Number of updated asset objects reloaded before import = 0
Number of asset objects unloaded after import = 72
========================================================================
Received Import Request.
  Time since last request: 10.298596 seconds.
  path: Assets/Prefabs/Player.prefab
  artifactKey: Guid(d358a99e7ce2c41abb662ad25c97c1c0) Importer(2089858483,0ecaa5967403d082aa24f35e1b516d23)
Start importing Assets/Prefabs/Player.prefab using Guid(d358a99e7ce2c41abb662ad25c97c1c0) Importer(2089858483,0ecaa5967403d082aa24f35e1b516d23) [PhysX] Initialized MultithreadedTaskDispatcher with 8 workers.
 -> (artifact id: '825137fa9d67889d04910c0de220e02a') in 0.012358 seconds
Number of updated asset objects reloaded before import = 0
Number of asset objects unloaded after import = 73
========================================================================
Received Import Request.
  Time since last request: 6.838038 seconds.
  path: Assets/Prefabs/Player.prefab
  artifactKey: Guid(d358a99e7ce2c41abb662ad25c97c1c0) Importer(2089858483,0ecaa5967403d082aa24f35e1b516d23)
Start importing Assets/Prefabs/Player.prefab using Guid(d358a99e7ce2c41abb662ad25c97c1c0) Importer(2089858483,0ecaa5967403d082aa24f35e1b516d23) [PhysX] Initialized MultithreadedTaskDispatcher with 8 workers.
 -> (artifact id: 'de285697f240c6e407b3573b6fed5ec9') in 0.007158 seconds
Number of updated asset objects reloaded before import = 0
Number of asset objects unloaded after import = 73
========================================================================
Received Import Request.
  Time since last request: 9.486311 seconds.
  path: Assets/Prefabs/Player.prefab
  artifactKey: Guid(d358a99e7ce2c41abb662ad25c97c1c0) Importer(2089858483,0ecaa5967403d082aa24f35e1b516d23)
Start importing Assets/Prefabs/Player.prefab using Guid(d358a99e7ce2c41abb662ad25c97c1c0) Importer(2089858483,0ecaa5967403d082aa24f35e1b516d23) [PhysX] Initialized MultithreadedTaskDispatcher with 8 workers.
 -> (artifact id: '3bf2b64f05c06bc05bb71a4d33536abf') in 0.010657 seconds
Number of updated asset objects reloaded before import = 0
Number of asset objects unloaded after import = 73
========================================================================
Received Import Request.
  Time since last request: 2.582433 seconds.
  path: Assets/Prefabs/Player.prefab
  artifactKey: Guid(d358a99e7ce2c41abb662ad25c97c1c0) Importer(2089858483,0ecaa5967403d082aa24f35e1b516d23)
Start importing Assets/Prefabs/Player.prefab using Guid(d358a99e7ce2c41abb662ad25c97c1c0) Importer(2089858483,0ecaa5967403d082aa24f35e1b516d23) [PhysX] Initialized MultithreadedTaskDispatcher with 8 workers.
 -> (artifact id: 'f90f4e8c923429c638aca554e53b5f82') in 0.007307 seconds
Number of updated asset objects reloaded before import = 0
Number of asset objects unloaded after import = 73
========================================================================
Received Prepare
Caller must complete domain reload
Begin MonoManager ReloadAssembly
Thread 0x335187000 may have been prematurely finalized
- Loaded All Assemblies, in  0.242 seconds
Native extension for OSXStandalone target not found
Mono: successfully reloaded assembly
- Finished resetting the current domain, in  0.769 seconds
Domain Reload Profiling: 1011ms
	BeginReloadAssembly (100ms)
		ExecutionOrderSort (0ms)
		DisableScriptedObjects (5ms)
		BackupInstance (0ms)
		ReleaseScriptingObjects (0ms)
		CreateAndSetChildDomain (47ms)
	RebuildCommonClasses (19ms)
	RebuildNativeTypeToScriptingClass (7ms)
	initialDomainReloadingComplete (11ms)
	LoadAllAssembliesAndSetupDomain (105ms)
		LoadAssemblies (122ms)
		RebuildTransferFunctionScriptingTraits (0ms)
		AnalyzeDomain (11ms)
			TypeCache.Refresh (4ms)
				TypeCache.ScanAssembly (0ms)
			ScanForSourceGeneratedMonoScriptInfo (0ms)
			ResolveRequiredComponents (6ms)
	FinalizeReload (769ms)
		ReleaseScriptCaches (0ms)
		RebuildScriptCaches (0ms)
		SetupLoadedEditorAssemblies (212ms)
			LogAssemblyErrors (0ms)
			InitializePlatformSupportModulesInManaged (2ms)
			SetLoadedEditorAssemblies (2ms)
			RefreshPlugins (0ms)
			BeforeProcessingInitializeOnLoad (32ms)
			ProcessInitializeOnLoadAttributes (144ms)
			ProcessInitializeOnLoadMethodAttributes (31ms)
			AfterProcessingInitializeOnLoad (1ms)
			EditorAssembliesLoaded (0ms)
		ExecutionOrderSort2 (0ms)
		AwakeInstancesAfterBackupRestoration (8ms)
Refreshing native plugins compatible for Editor in 0.66 ms, found 2 plugins.
Preloading 0 native plugins for Editor in 0.00 ms.
Unloading 4738 Unused Serialized files (Serialized files now loaded: 0)
Unloading 21 unused Assets / (368.8 KB). Loaded Objects now: 5405.
Memory consumption went from 194.2 MB to 193.8 MB.
Total: 2.416042 ms (FindLiveObjects: 0.143000 ms CreateObjectMapping: 0.050791 ms MarkObjects: 2.106750 ms  DeleteObjects: 0.115125 ms)

Prepare: number of updated asset objects reloaded= 0
AssetImportParameters requested are different than current active one (requested -> active):
  custom:container-demuxer-ogg: 62fdf1f143b41e24485cea50d1cbac27 -> 
  custom:video-decoder-ogg-theora: a1e56fd34408186e4bbccfd4996cb3dc -> 
  custom:CustomObjectIndexerAttribute: 72b91833f83ae208fae7752999fa3104 -> 
  custom:container-demuxer-webm: 4f35f7cbe854078d1ac9338744f61a02 -> 
  custom:container-muxer-webm: aa71ff27fc2769a1b78a27578f13a17b -> 
  custom:video-decoder-webm-vp8: 9c59270c3fd7afecdb556c50c9e8de78 -> 
  custom:SearchIndexIgnoredProperties: e643bd26f0fe6173181afceb89e7c659 -> 
  custom:AudioImporter_EditorPlatform: 3918e3fc78b5a79bad01e8451be0beb8 -> 
  custom:framework-osx-AVFoundation: e770b220cccbd017edd2c1fefb359320 -> 
  custom:video-encoder-webm-vp8: eb34c28f22e8b96e1ab97ce403110664 -> 
  custom:audio-decoder-ogg-vorbis: bf7c407c2cedff20999df2af8eb42d56 -> 
  custom:audio-encoder-webm-vorbis: bf7c407c2cedff20999df2af8eb42d56 -> 
========================================================================
Received Import Request.
  Time since last request: 1156.900460 seconds.
  path: Assets/Asset Store
  artifactKey: Guid(4fca8ffd7278e4e56b7b324f2e72c8fb) Importer(815301076,1909f56bfc062723c751e8b465ee728b)
Start importing Assets/Asset Store using Guid(4fca8ffd7278e4e56b7b324f2e72c8fb) Importer(815301076,1909f56bfc062723c751e8b465ee728b) [PhysX] Initialized MultithreadedTaskDispatcher with 8 workers.
 -> (artifact id: 'e2ba2e3a5b0695b5f2cd569596208113') in 0.004125 seconds
Number of updated asset objects reloaded before import = 0
Number of asset objects unloaded after import = 0
========================================================================
Received Import Request.
  Time since last request: 23.214390 seconds.
  path: Assets/Asset Store/LowPolyTropicalEnvironment_LITE
  artifactKey: Guid(8c23ec551bed3984b9823b8bc0bf206b) Importer(815301076,1909f56bfc062723c751e8b465ee728b)
Start importing Assets/Asset Store/LowPolyTropicalEnvironment_LITE using Guid(8c23ec551bed3984b9823b8bc0bf206b) Importer(815301076,1909f56bfc062723c751e8b465ee728b) [PhysX] Initialized MultithreadedTaskDispatcher with 8 workers.
 -> (artifact id: '3f548a9ce2b7861b46a822ff60c09c46') in 0.000472 seconds
Number of updated asset objects reloaded before import = 1
Number of asset objects unloaded after import = 0
========================================================================
Received Import Request.
  Time since last request: 15.466757 seconds.
  path: Assets/Asset Store/LowPolyTropicalEnvironment_LITE/Prefabs/Barrel_04.prefab
  artifactKey: Guid(ce66a822c9a3f614fbdf2bc93393f17e) Importer(815301076,1909f56bfc062723c751e8b465ee728b)
Start importing Assets/Asset Store/LowPolyTropicalEnvironment_LITE/Prefabs/Barrel_04.prefab using Guid(ce66a822c9a3f614fbdf2bc93393f17e) Importer(815301076,1909f56bfc062723c751e8b465ee728b) [PhysX] Initialized MultithreadedTaskDispatcher with 8 workers.
[PhysX] Initialized MultithreadedTaskDispatcher with 8 workers.
 -> (artifact id: '155bf4d5e6bd070d485c3a37fdc3465c') in 0.212402 seconds
Number of updated asset objects reloaded before import = 0
Number of asset objects unloaded after import = 43
========================================================================
Received Import Request.
  Time since last request: 13.569216 seconds.
  path: Assets/Course Library/_Source_Files/Materials/SimpleFarmer_Farmer_White.mat
  artifactKey: Guid(76856409e42797647857f1675c1b6ef9) Importer(2089858483,0ecaa5967403d082aa24f35e1b516d23)
Start importing Assets/Course Library/_Source_Files/Materials/SimpleFarmer_Farmer_White.mat using Guid(76856409e42797647857f1675c1b6ef9) Importer(2089858483,0ecaa5967403d082aa24f35e1b516d23) [PhysX] Initialized MultithreadedTaskDispatcher with 8 workers.
 -> (artifact id: '3b7ef3f7ba05b6e622998e47a9852b6b') in 0.103561 seconds
Number of updated asset objects reloaded before import = 0
Number of asset objects unloaded after import = 2
========================================================================
Received Import Request.
  Time since last request: 0.000094 seconds.
  path: Assets/Asset Store/LowPolyTropicalEnvironment_LITE
  artifactKey: Guid(8c23ec551bed3984b9823b8bc0bf206b) Importer(2089858483,0ecaa5967403d082aa24f35e1b516d23)
Start importing Assets/Asset Store/LowPolyTropicalEnvironment_LITE using Guid(8c23ec551bed3984b9823b8bc0bf206b) Importer(2089858483,0ecaa5967403d082aa24f35e1b516d23) [PhysX] Initialized MultithreadedTaskDispatcher with 8 workers.
 -> (artifact id: '57e21d3bcaeece6b7451774ccfb484b4') in 0.002528 seconds
Number of updated asset objects reloaded before import = 0
Number of asset objects unloaded after import = 1
========================================================================
Received Import Request.
  Time since last request: 0.000078 seconds.
  path: Assets/Course Library/Characters/Town/SimplePeople_Man_RoadWorker_Black.prefab
  artifactKey: Guid(3afad42cab5a57a4c9f19f8deaaf8689) Importer(2089858483,3d70f49cd1c2eb9ae422958d1c652c6b)
Start importing Assets/Course Library/Characters/Town/SimplePeople_Man_RoadWorker_Black.prefab using Guid(3afad42cab5a57a4c9f19f8deaaf8689) Importer(2089858483,3d70f49cd1c2eb9ae422958d1c652c6b) [PhysX] Initialized MultithreadedTaskDispatcher with 8 workers.
 -> (artifact id: '6741a9f536e9fe605f08649ce75bf3f3') in 0.018976 seconds
Number of updated asset objects reloaded before import = 0
Number of asset objects unloaded after import = 99
========================================================================
Received Import Request.
  Time since last request: 0.000041 seconds.
  path: Assets/Course Library/_Source_Files/Materials/SimplePeople_RoadWorker_Black.mat
  artifactKey: Guid(27d5bc9fe48a1ba4f8389809b897e6cb) Importer(2089858483,0ecaa5967403d082aa24f35e1b516d23)
Start importing Assets/Course Library/_Source_Files/Materials/SimplePeople_RoadWorker_Black.mat using Guid(27d5bc9fe48a1ba4f8389809b897e6cb) Importer(2089858483,0ecaa5967403d082aa24f35e1b516d23) [PhysX] Initialized MultithreadedTaskDispatcher with 8 workers.
 -> (artifact id: '2e62a7f72bfbab645d034f829d08e129') in 0.004067 seconds
Number of updated asset objects reloaded before import = 0
Number of asset objects unloaded after import = 2
========================================================================
Received Import Request.
  Time since last request: 0.000030 seconds.
  path: Assets/Asset Store/LowPolyTropicalEnvironment_LITE/Textures/TropicalEnvironmentLite_Sand.png
  artifactKey: Guid(fc7c7d8754cf5de48a02a482c9adfa86) Importer(2089858483,0ecaa5967403d082aa24f35e1b516d23)
Start importing Assets/Asset Store/LowPolyTropicalEnvironment_LITE/Textures/TropicalEnvironmentLite_Sand.png using Guid(fc7c7d8754cf5de48a02a482c9adfa86) Importer(2089858483,0ecaa5967403d082aa24f35e1b516d23) [PhysX] Initialized MultithreadedTaskDispatcher with 8 workers.
 -> (artifact id: '0eca3aca5fd06467cebcb40a04cbe325') in 0.026129 seconds
Number of updated asset objects reloaded before import = 0
Number of asset objects unloaded after import = 1
========================================================================
Received Import Request.
  Time since last request: 0.000051 seconds.
  path: Assets/Course Library/_Source_Files/Materials/SimplePeople_Waitress_Brown.mat
  artifactKey: Guid(7a72a6e6dc8f7894b982c3d079fd3272) Importer(2089858483,0ecaa5967403d082aa24f35e1b516d23)
Start importing Assets/Course Library/_Source_Files/Materials/SimplePeople_Waitress_Brown.mat using Guid(7a72a6e6dc8f7894b982c3d079fd3272) Importer(2089858483,0ecaa5967403d082aa24f35e1b516d23) [PhysX] Initialized MultithreadedTaskDispatcher with 8 workers.
 -> (artifact id: '7e7881c0ef98d2258b844ebf37e2d0a2') in 0.003986 seconds
Number of updated asset objects reloaded before import = 0
Number of asset objects unloaded after import = 2
========================================================================
Received Import Request.
  Time since last request: 0.000037 seconds.
  path: Assets/Asset Store/TerrainSampleAssets/Prefabs/Bush_A.prefab
  artifactKey: Guid(0ec1c69bd47ad864f96cc2b516f6cd4b) Importer(2089858483,3d70f49cd1c2eb9ae422958d1c652c6b)
Start importing Assets/Asset Store/TerrainSampleAssets/Prefabs/Bush_A.prefab using Guid(0ec1c69bd47ad864f96cc2b516f6cd4b) Importer(2089858483,3d70f49cd1c2eb9ae422958d1c652c6b) [PhysX] Initialized MultithreadedTaskDispatcher with 8 workers.
 -> (artifact id: '739bcf7b608aa61dce89cd61735bc520') in 0.003358 seconds
Number of updated asset objects reloaded before import = 0
Number of asset objects unloaded after import = 8
========================================================================
Received Import Request.
  Time since last request: 0.000092 seconds.
  path: Assets/Asset Store/TerrainSampleAssets/Materials/Plant.asset
  artifactKey: Guid(f53f3a3078db3cd4a9bcd875d3b2a557) Importer(2089858483,0ecaa5967403d082aa24f35e1b516d23)
Start importing Assets/Asset Store/TerrainSampleAssets/Materials/Plant.asset using Guid(f53f3a3078db3cd4a9bcd875d3b2a557) Importer(2089858483,0ecaa5967403d082aa24f35e1b516d23) [PhysX] Initialized MultithreadedTaskDispatcher with 8 workers.
 -> (artifact id: '035e40753444806a92ccf534d20f8209') in 0.357126 seconds
Number of updated asset objects reloaded before import = 0
Number of asset objects unloaded after import = 5
========================================================================
Received Import Request.
  Time since last request: 0.001442 seconds.
  path: Assets/Asset Store/TerrainSampleAssets/Models/Plant_B.asset
  artifactKey: Guid(97025d35e5b57294f92451cbaf836c12) Importer(2089858483,3d70f49cd1c2eb9ae422958d1c652c6b)
Start importing Assets/Asset Store/TerrainSampleAssets/Models/Plant_B.asset using Guid(97025d35e5b57294f92451cbaf836c12) Importer(2089858483,3d70f49cd1c2eb9ae422958d1c652c6b) [PhysX] Initialized MultithreadedTaskDispatcher with 8 workers.
 -> (artifact id: '9496f995400a778862ce42a6594f6edb') in 0.002132 seconds
Number of updated asset objects reloaded before import = 0
Number of asset objects unloaded after import = 0
========================================================================
Received Import Request.
  Time since last request: 0.000868 seconds.
  path: Assets/Asset Store/TerrainSampleAssets/Prefabs/Fern_A.prefab
  artifactKey: Guid(6629880e46886724fa0107d3035304e6) Importer(2089858483,3d70f49cd1c2eb9ae422958d1c652c6b)
Start importing Assets/Asset Store/TerrainSampleAssets/Prefabs/Fern_A.prefab using Guid(6629880e46886724fa0107d3035304e6) Importer(2089858483,3d70f49cd1c2eb9ae422958d1c652c6b) [PhysX] Initialized MultithreadedTaskDispatcher with 8 workers.
 -> (artifact id: 'd9a24336e204dfc338193540843a0a67') in 0.003761 seconds
Number of updated asset objects reloaded before import = 0
Number of asset objects unloaded after import = 8
========================================================================
Received Import Request.
  Time since last request: 0.000433 seconds.
  path: Assets/Asset Store/LowPolyTropicalEnvironment_LITE/Scenes/TropicalEnvironmentLite_Overview.unity
  artifactKey: Guid(589c56df49beb804a8e62f1ffd581293) Importer(2089858483,3d70f49cd1c2eb9ae422958d1c652c6b)
Start importing Assets/Asset Store/LowPolyTropicalEnvironment_LITE/Scenes/TropicalEnvironmentLite_Overview.unity using Guid(589c56df49beb804a8e62f1ffd581293) Importer(2089858483,3d70f49cd1c2eb9ae422958d1c652c6b) [PhysX] Initialized MultithreadedTaskDispatcher with 8 workers.
Opening scene 'Assets/Asset Store/LowPolyTropicalEnvironment_LITE/Scenes/TropicalEnvironmentLite_Overview.unity additively'
Loaded scene 'Assets/Asset Store/LowPolyTropicalEnvironment_LITE/Scenes/TropicalEnvironmentLite_Overview.unity'
	Deserialize:            1.489 ms
	Integration:            12.252 ms
	Integration of assets:  0.002 ms
	Thread Wait Time:       0.004 ms
	Total Operation Time:   13.747 ms
 -> (artifact id: 'bbbda480ab6bd508e367507a056be4b1') in 0.031819 seconds
Number of updated asset objects reloaded before import = 0
Number of asset objects unloaded after import = 229
========================================================================
Received Import Request.
  Time since last request: 0.000046 seconds.
  path: Assets/Asset Store/TerrainSampleAssets/Materials/Grass_C.asset
  artifactKey: Guid(d3f698d8d13edc2478d19e143b436434) Importer(2089858483,3d70f49cd1c2eb9ae422958d1c652c6b)
Start importing Assets/Asset Store/TerrainSampleAssets/Materials/Grass_C.asset using Guid(d3f698d8d13edc2478d19e143b436434) Importer(2089858483,3d70f49cd1c2eb9ae422958d1c652c6b) [PhysX] Initialized MultithreadedTaskDispatcher with 8 workers.
 -> (artifact id: '97db153517141e726f61755da3438173') in 0.003143 seconds
Number of updated asset objects reloaded before import = 0
Number of asset objects unloaded after import = 0
========================================================================
Received Import Request.
  Time since last request: 0.000814 seconds.
  path: Assets/Asset Store/LowPolyTropicalEnvironment_LITE/Prefabs/Tent_01.prefab
  artifactKey: Guid(a79f26c2c26a872468e9cc5925298ae7) Importer(2089858483,0ecaa5967403d082aa24f35e1b516d23)
Start importing Assets/Asset Store/LowPolyTropicalEnvironment_LITE/Prefabs/Tent_01.prefab using Guid(a79f26c2c26a872468e9cc5925298ae7) Importer(2089858483,0ecaa5967403d082aa24f35e1b516d23) [PhysX] Initialized MultithreadedTaskDispatcher with 8 workers.
 -> (artifact id: '60dfc360b61d2b593cfe867b6bfa2cca') in 0.006046 seconds
Number of updated asset objects reloaded before import = 0
Number of asset objects unloaded after import = 21
========================================================================
Received Import Request.
  Time since last request: 0.000034 seconds.
  path: Assets/Asset Store/TerrainSampleAssets/Textures/Details
  artifactKey: Guid(2237978dd4f94904dbd95e281226ca42) Importer(2089858483,0ecaa5967403d082aa24f35e1b516d23)
Start importing Assets/Asset Store/TerrainSampleAssets/Textures/Details using Guid(2237978dd4f94904dbd95e281226ca42) Importer(2089858483,0ecaa5967403d082aa24f35e1b516d23) [PhysX] Initialized MultithreadedTaskDispatcher with 8 workers.
 -> (artifact id: '2748bbb2f2452458c47003d3ef7a41d3') in 0.001541 seconds
Number of updated asset objects reloaded before import = 0
Number of asset objects unloaded after import = 1
========================================================================
Received Import Request.
  Time since last request: 0.000046 seconds.
  path: Assets/Asset Store/TerrainSampleAssets/Prefabs/Heather_B.prefab
  artifactKey: Guid(dd902ff2a6f685041be127af00c09664) Importer(2089858483,3d70f49cd1c2eb9ae422958d1c652c6b)
Start importing Assets/Asset Store/TerrainSampleAssets/Prefabs/Heather_B.prefab using Guid(dd902ff2a6f685041be127af00c09664) Importer(2089858483,3d70f49cd1c2eb9ae422958d1c652c6b) [PhysX] Initialized MultithreadedTaskDispatcher with 8 workers.
 -> (artifact id: 'e47e0220141635d05cd797b96e6cba15') in 0.002394 seconds
Number of updated asset objects reloaded before import = 0
Number of asset objects unloaded after import = 8
========================================================================
Received Import Request.
  Time since last request: 0.000030 seconds.
  path: Assets/Asset Store/LowPolyTropicalEnvironment_LITE/Prefabs/Skull_01.prefab
  artifactKey: Guid(13613d48b05008747b336f4a0568a938) Importer(2089858483,3d70f49cd1c2eb9ae422958d1c652c6b)
Start importing Assets/Asset Store/LowPolyTropicalEnvironment_LITE/Prefabs/Skull_01.prefab using Guid(13613d48b05008747b336f4a0568a938) Importer(2089858483,3d70f49cd1c2eb9ae422958d1c652c6b) [PhysX] Initialized MultithreadedTaskDispatcher with 8 workers.
 -> (artifact id: '2618686d716b10d6b5d0ed189ac31e94') in 0.001971 seconds
Number of updated asset objects reloaded before import = 0
Number of asset objects unloaded after import = 17
========================================================================
Received Import Request.
  Time since last request: 0.000029 seconds.
  path: Assets/Asset Store/LowPolyTropicalEnvironment_LITE/Models
  artifactKey: Guid(4aa655aa65a3c8a4c960e444ef67d0f6) Importer(2089858483,0ecaa5967403d082aa24f35e1b516d23)
Start importing Assets/Asset Store/LowPolyTropicalEnvironment_LITE/Models using Guid(4aa655aa65a3c8a4c960e444ef67d0f6) Importer(2089858483,0ecaa5967403d082aa24f35e1b516d23) [PhysX] Initialized MultithreadedTaskDispatcher with 8 workers.
 -> (artifact id: '4cd62fed1b096c0b9dd9e1e419f3817a') in 0.001424 seconds
Number of updated asset objects reloaded before import = 0
Number of asset objects unloaded after import = 1
========================================================================
Received Import Request.
  Time since last request: 0.000101 seconds.
  path: Assets/Asset Store/TerrainSampleAssets/Models/Plant_A.asset
  artifactKey: Guid(d427b65f0342fe84fa77dabe420757ee) Importer(2089858483,3d70f49cd1c2eb9ae422958d1c652c6b)
Start importing Assets/Asset Store/TerrainSampleAssets/Models/Plant_A.asset using Guid(d427b65f0342fe84fa77dabe420757ee) Importer(2089858483,3d70f49cd1c2eb9ae422958d1c652c6b) [PhysX] Initialized MultithreadedTaskDispatcher with 8 workers.
 -> (artifact id: 'cfe62f1412988c36cc7f508a21756667') in 0.002018 seconds
Number of updated asset objects reloaded before import = 0
Number of asset objects unloaded after import = 0
========================================================================
Received Import Request.
  Time since last request: 0.000069 seconds.
  path: Assets/Asset Store/LowPolyTropicalEnvironment_LITE/Models/Skull_01.fbx
  artifactKey: Guid(f348a0f467f71dc49b39778f1b38e95a) Importer(2089858483,0ecaa5967403d082aa24f35e1b516d23)
Start importing Assets/Asset Store/LowPolyTropicalEnvironment_LITE/Models/Skull_01.fbx using Guid(f348a0f467f71dc49b39778f1b38e95a) Importer(2089858483,0ecaa5967403d082aa24f35e1b516d23) [PhysX] Initialized MultithreadedTaskDispatcher with 8 workers.
 -> (artifact id: '04a950764e9bc9b5c44bf57bd6e5280b') in 0.018274 seconds
Number of updated asset objects reloaded before import = 0
Number of asset objects unloaded after import = 15
========================================================================
Received Import Request.
  Time since last request: 0.007601 seconds.
  path: Assets/Asset Store/LowPolyTropicalEnvironment_LITE/Models/Tent_01.fbx
  artifactKey: Guid(2b422041de3d9304393c67654828ce4e) Importer(2089858483,0ecaa5967403d082aa24f35e1b516d23)
Start importing Assets/Asset Store/LowPolyTropicalEnvironment_LITE/Models/Tent_01.fbx using Guid(2b422041de3d9304393c67654828ce4e) Importer(2089858483,0ecaa5967403d082aa24f35e1b516d23) [PhysX] Initialized MultithreadedTaskDispatcher with 8 workers.
 -> (artifact id: '0a97073521c89ba4776df5a5fee64301') in 0.005869 seconds
Number of updated asset objects reloaded before import = 0
Number of asset objects unloaded after import = 20
========================================================================
Received Import Request.
  Time since last request: 0.002373 seconds.
  path: Assets/Course Library/_Source_Files/Materials/SimplePeople_Doctor_Black.mat
  artifactKey: Guid(fbe960bc30150b14789f737d9e137d68) Importer(2089858483,0ecaa5967403d082aa24f35e1b516d23)
Start importing Assets/Course Library/_Source_Files/Materials/SimplePeople_Doctor_Black.mat using Guid(fbe960bc30150b14789f737d9e137d68) Importer(2089858483,0ecaa5967403d082aa24f35e1b516d23) [PhysX] Initialized MultithreadedTaskDispatcher with 8 workers.
 -> (artifact id: '0886cae4fe7ae6dac3b35ad766093d49') in 0.008946 seconds
Number of updated asset objects reloaded before import = 0
Number of asset objects unloaded after import = 2
========================================================================
Received Import Request.
  Time since last request: 0.006062 seconds.
  path: Assets/Asset Store/TerrainSampleAssets/ShaderGraphs/Subgraphs/MainLight.shadersubgraph
  artifactKey: Guid(22848ae0b35f9cb4f830ade382bd4f44) Importer(2089858483,0ecaa5967403d082aa24f35e1b516d23)
Start importing Assets/Asset Store/TerrainSampleAssets/ShaderGraphs/Subgraphs/MainLight.shadersubgraph using Guid(22848ae0b35f9cb4f830ade382bd4f44) Importer(2089858483,0ecaa5967403d082aa24f35e1b516d23) [PhysX] Initialized MultithreadedTaskDispatcher with 8 workers.
 -> (artifact id: '6e3193513ff681a08442b0154963af7c') in 0.012923 seconds
Number of updated asset objects reloaded before import = 0
Number of asset objects unloaded after import = 1
========================================================================
Received Import Request.
  Time since last request: 0.000158 seconds.
  path: Assets/Asset Store/TerrainSampleAssets/Textures/Terrain/Soil_Rocks_Normal.tif
  artifactKey: Guid(773f0cf0efc85a14a9f70e559642746f) Importer(2089858483,0ecaa5967403d082aa24f35e1b516d23)
Start importing Assets/Asset Store/TerrainSampleAssets/Textures/Terrain/Soil_Rocks_Normal.tif using Guid(773f0cf0efc85a14a9f70e559642746f) Importer(2089858483,0ecaa5967403d082aa24f35e1b516d23) [PhysX] Initialized MultithreadedTaskDispatcher with 8 workers.
 -> (artifact id: 'a3c79fb00d25911c485e1b8d36505be4') in 0.011818 seconds
Number of updated asset objects reloaded before import = 0
Number of asset objects unloaded after import = 1
========================================================================
Received Import Request.
  Time since last request: 0.000486 seconds.
  path: Assets/Asset Store/TerrainSampleAssets/Models/GrassDry_A.asset
  artifactKey: Guid(95c06121a3f5d524c8cad4ff4e302950) Importer(2089858483,0ecaa5967403d082aa24f35e1b516d23)
Start importing Assets/Asset Store/TerrainSampleAssets/Models/GrassDry_A.asset using Guid(95c06121a3f5d524c8cad4ff4e302950) Importer(2089858483,0ecaa5967403d082aa24f35e1b516d23) [PhysX] Initialized MultithreadedTaskDispatcher with 8 workers.
 -> (artifact id: 'f6b1a3ad482a8040923508f85a502334') in 0.003352 seconds
Number of updated asset objects reloaded before import = 0
Number of asset objects unloaded after import = 1
========================================================================
Received Import Request.
  Time since last request: 0.001202 seconds.
  path: Assets/Asset Store/TerrainSampleAssets/Textures/Heightmaps/Volcano01_Heightmap.tif
  artifactKey: Guid(363319f155d126f42babcdde1483c92d) Importer(2089858483,0ecaa5967403d082aa24f35e1b516d23)
Start importing Assets/Asset Store/TerrainSampleAssets/Textures/Heightmaps/Volcano01_Heightmap.tif using Guid(363319f155d126f42babcdde1483c92d) Importer(2089858483,0ecaa5967403d082aa24f35e1b516d23) [PhysX] Initialized MultithreadedTaskDispatcher with 8 workers.
 -> (artifact id: '99cd3b6f5289409e08ea8ae1c3cab431') in 0.011702 seconds
Number of updated asset objects reloaded before import = 0
Number of asset objects unloaded after import = 1
========================================================================
Received Import Request.
  Time since last request: 0.000133 seconds.
  path: Assets/Course Library/_Source_Files/Materials/SimpleFarmer_FarmWrangler_Brown.mat
  artifactKey: Guid(98fbfc47bde97094b8c2f009de847406) Importer(2089858483,0ecaa5967403d082aa24f35e1b516d23)
Start importing Assets/Course Library/_Source_Files/Materials/SimpleFarmer_FarmWrangler_Brown.mat using Guid(98fbfc47bde97094b8c2f009de847406) Importer(2089858483,0ecaa5967403d082aa24f35e1b516d23) [PhysX] Initialized MultithreadedTaskDispatcher with 8 workers.
 -> (artifact id: '740e138d222083734814ae3495513333') in 0.005480 seconds
Number of updated asset objects reloaded before import = 0
Number of asset objects unloaded after import = 2
========================================================================
Received Import Request.
  Time since last request: 0.000078 seconds.
  path: Assets/Asset Store/TerrainSampleAssets/TerrainLayers/Sand_TerrainLayer.terrainlayer
  artifactKey: Guid(1ded3ba1c5a90054e8f23ddfa62fb2b7) Importer(2089858483,0ecaa5967403d082aa24f35e1b516d23)
Start importing Assets/Asset Store/TerrainSampleAssets/TerrainLayers/Sand_TerrainLayer.terrainlayer using Guid(1ded3ba1c5a90054e8f23ddfa62fb2b7) Importer(2089858483,0ecaa5967403d082aa24f35e1b516d23) [PhysX] Initialized MultithreadedTaskDispatcher with 8 workers.
 -> (artifact id: 'e0dca281a3f59d0cbf03550152d02f3b') in 0.013472 seconds
Number of updated asset objects reloaded before import = 0
Number of asset objects unloaded after import = 4
Editor requested this worker to shutdown with reason: balancing worker count downwards
TcpMessagingSession - receive error: operation aborted. errorcode: 89, details: Operation aborted.
AssetImportWorker is now disconnected from the server
Process exiting
