Unity Editor version:    2022.3.59f1 (630718f645a5)
Branch:                  2022.3/staging
Build type:              Release
Batch mode:              YES
macOS version:           Version 15.3.2 (Build 24D81)
Darwin version:          24.3.0
Architecture:            arm64
Running under Rosetta:   NO
Available memory:        16384 MB
Using pre-set license
Pro License: YES

COMMAND LINE ARGUMENTS:
/Applications/Unity/Hub/Editor/2022.3.59f1/Unity.app/Contents/MacOS/Unity
-adb2
-batchMode
-noUpm
-name
AssetImportWorker1
-projectPath
/Users/oliveswarts/Playground_Scene/Final_Playground_Project
-logFile
Logs/AssetImportWorker1.log
-srvPort
51599
Successfully changed project path to: /Users/oliveswarts/Playground_Scene/Final_Playground_Project
/Users/oliveswarts/Playground_Scene/Final_Playground_Project
[UnityMemory] Configuration Parameters - Can be set up in boot.config
    "memorysetup-bucket-allocator-granularity=16"
    "memorysetup-bucket-allocator-bucket-count=8"
    "memorysetup-bucket-allocator-block-size=33554432"
    "memorysetup-bucket-allocator-block-count=8"
    "memorysetup-main-allocator-block-size=16777216"
    "memorysetup-thread-allocator-block-size=16777216"
    "memorysetup-gfx-main-allocator-block-size=16777216"
    "memorysetup-gfx-thread-allocator-block-size=16777216"
    "memorysetup-cache-allocator-block-size=4194304"
    "memorysetup-typetree-allocator-block-size=2097152"
    "memorysetup-profiler-bucket-allocator-granularity=16"
    "memorysetup-profiler-bucket-allocator-bucket-count=8"
    "memorysetup-profiler-bucket-allocator-block-size=33554432"
    "memorysetup-profiler-bucket-allocator-block-count=8"
    "memorysetup-profiler-allocator-block-size=16777216"
    "memorysetup-profiler-editor-allocator-block-size=1048576"
    "memorysetup-temp-allocator-size-main=16777216"
    "memorysetup-job-temp-allocator-block-size=2097152"
    "memorysetup-job-temp-allocator-block-size-background=1048576"
    "memorysetup-job-temp-allocator-reduction-small-platforms=262144"
    "memorysetup-allocator-temp-initial-block-size-main=262144"
    "memorysetup-allocator-temp-initial-block-size-worker=262144"
    "memorysetup-temp-allocator-size-background-worker=32768"
    "memorysetup-temp-allocator-size-job-worker=262144"
    "memorysetup-temp-allocator-size-preload-manager=33554432"
    "memorysetup-temp-allocator-size-nav-mesh-worker=65536"
    "memorysetup-temp-allocator-size-audio-worker=65536"
    "memorysetup-temp-allocator-size-cloud-worker=32768"
    "memorysetup-temp-allocator-size-gi-baking-worker=262144"
    "memorysetup-temp-allocator-size-gfx=262144"
Player connection [8313096256]  Target information:

Player connection [8313096256]  * "[IP] 100.107.30.155 [Port] 0 [Flags] 2 [Guid] 2876615801 [EditorId] 2876615801 [Version] 1048832 [Id] OSXEditor(0,Olives-MacBook-Air.local) [Debug] 1 [PackageName] OSXEditor [ProjectName] Editor" 

Player connection [8313096256] Host joined multi-casting on [225.0.0.222:54997]...
Player connection [8313096256] Host joined alternative multi-casting on [225.0.0.222:34997]...
Input System module state changed to: Initialized.
[PhysX] Initialized MultithreadedTaskDispatcher with 8 workers.
Refreshing native plugins compatible for Editor in 12.82 ms, found 2 plugins.
Preloading 0 native plugins for Editor in 0.00 ms.
Initialize engine version: 2022.3.59f1 (630718f645a5)
[Subsystems] Discovering subsystems at path /Applications/Unity/Hub/Editor/2022.3.59f1/Unity.app/Contents/Resources/UnitySubsystems
[Subsystems] Discovering subsystems at path /Users/oliveswarts/Playground_Scene/Final_Playground_Project/Assets
GfxDevice: creating device client; threaded=0; jobified=0
 preferred device: Apple M3 (high power)
Metal devices available: 1
0: Apple M3 (high power)
Using device Apple M3 (high power)
Initializing Metal device caps: Apple M3
Initialize mono
Mono path[0] = '/Applications/Unity/Hub/Editor/2022.3.59f1/Unity.app/Contents/Managed'
Mono path[1] = '/Applications/Unity/Hub/Editor/2022.3.59f1/Unity.app/Contents/MonoBleedingEdge/lib/mono/unityjit-macos'
Mono config path = '/Applications/Unity/Hub/Editor/2022.3.59f1/Unity.app/Contents/MonoBleedingEdge/etc'
Using monoOptions --debugger-agent=transport=dt_socket,embedding=1,server=y,suspend=n,address=127.0.0.1:56560
Begin MonoManager ReloadAssembly
Registering precompiled unity dll's ...
Register platform support module: /Applications/Unity/Hub/Editor/2022.3.59f1/Unity.app/Contents/PlaybackEngines/MacStandaloneSupport/UnityEditor.OSXStandalone.Extensions.dll
Registered in 0.000904 seconds.
- Loaded All Assemblies, in  0.207 seconds
Native extension for OSXStandalone target not found
Mono: successfully reloaded assembly
- Finished resetting the current domain, in  0.126 seconds
Domain Reload Profiling: 334ms
	BeginReloadAssembly (78ms)
		ExecutionOrderSort (0ms)
		DisableScriptedObjects (0ms)
		BackupInstance (0ms)
		ReleaseScriptingObjects (0ms)
		CreateAndSetChildDomain (0ms)
	RebuildCommonClasses (19ms)
	RebuildNativeTypeToScriptingClass (6ms)
	initialDomainReloadingComplete (24ms)
	LoadAllAssembliesAndSetupDomain (80ms)
		LoadAssemblies (80ms)
		RebuildTransferFunctionScriptingTraits (0ms)
		AnalyzeDomain (77ms)
			TypeCache.Refresh (76ms)
				TypeCache.ScanAssembly (69ms)
			ScanForSourceGeneratedMonoScriptInfo (0ms)
			ResolveRequiredComponents (0ms)
	FinalizeReload (127ms)
		ReleaseScriptCaches (0ms)
		RebuildScriptCaches (0ms)
		SetupLoadedEditorAssemblies (98ms)
			LogAssemblyErrors (0ms)
			InitializePlatformSupportModulesInManaged (5ms)
			SetLoadedEditorAssemblies (4ms)
			RefreshPlugins (0ms)
			BeforeProcessingInitializeOnLoad (1ms)
			ProcessInitializeOnLoadAttributes (67ms)
			ProcessInitializeOnLoadMethodAttributes (22ms)
			AfterProcessingInitializeOnLoad (0ms)
			EditorAssembliesLoaded (0ms)
		ExecutionOrderSort2 (0ms)
		AwakeInstancesAfterBackupRestoration (0ms)
========================================================================
Worker process is ready to serve import requests
Caller must complete domain reload
Begin MonoManager ReloadAssembly
- Loaded All Assemblies, in  0.344 seconds
Native extension for OSXStandalone target not found
Mono: successfully reloaded assembly
- Finished resetting the current domain, in  0.287 seconds
Domain Reload Profiling: 632ms
	BeginReloadAssembly (58ms)
		ExecutionOrderSort (0ms)
		DisableScriptedObjects (2ms)
		BackupInstance (0ms)
		ReleaseScriptingObjects (0ms)
		CreateAndSetChildDomain (14ms)
	RebuildCommonClasses (18ms)
	RebuildNativeTypeToScriptingClass (6ms)
	initialDomainReloadingComplete (18ms)
	LoadAllAssembliesAndSetupDomain (244ms)
		LoadAssemblies (166ms)
		RebuildTransferFunctionScriptingTraits (0ms)
		AnalyzeDomain (102ms)
			TypeCache.Refresh (87ms)
				TypeCache.ScanAssembly (77ms)
			ScanForSourceGeneratedMonoScriptInfo (9ms)
			ResolveRequiredComponents (5ms)
	FinalizeReload (287ms)
		ReleaseScriptCaches (0ms)
		RebuildScriptCaches (0ms)
		SetupLoadedEditorAssemblies (216ms)
			LogAssemblyErrors (0ms)
			InitializePlatformSupportModulesInManaged (2ms)
			SetLoadedEditorAssemblies (2ms)
			RefreshPlugins (0ms)
			BeforeProcessingInitializeOnLoad (30ms)
			ProcessInitializeOnLoadAttributes (152ms)
			ProcessInitializeOnLoadMethodAttributes (30ms)
			AfterProcessingInitializeOnLoad (0ms)
			EditorAssembliesLoaded (0ms)
		ExecutionOrderSort2 (0ms)
		AwakeInstancesAfterBackupRestoration (2ms)
Launching external process: /Applications/Unity/Hub/Editor/2022.3.59f1/Unity.app/Contents/Tools/UnityShaderCompiler
Launched and connected shader compiler UnityShaderCompiler after 0.02 seconds
Refreshing native plugins compatible for Editor in 0.64 ms, found 2 plugins.
Preloading 0 native plugins for Editor in 0.00 ms.
Unloading 4889 Unused Serialized files (Serialized files now loaded: 0)
Unloading 25 unused Assets / (364.4 KB). Loaded Objects now: 5349.
Memory consumption went from 202.5 MB to 202.1 MB.
Total: 2.407125 ms (FindLiveObjects: 0.145875 ms CreateObjectMapping: 0.051584 ms MarkObjects: 2.045125 ms  DeleteObjects: 0.163958 ms)

AssetImportParameters requested are different than current active one (requested -> active):
  custom:container-demuxer-ogg: 62fdf1f143b41e24485cea50d1cbac27 -> 
  custom:video-decoder-ogg-theora: a1e56fd34408186e4bbccfd4996cb3dc -> 
  custom:CustomObjectIndexerAttribute: 72b91833f83ae208fae7752999fa3104 -> 
  custom:container-demuxer-webm: 4f35f7cbe854078d1ac9338744f61a02 -> 
  custom:container-muxer-webm: aa71ff27fc2769a1b78a27578f13a17b -> 
  custom:video-decoder-webm-vp8: 9c59270c3fd7afecdb556c50c9e8de78 -> 
  custom:SearchIndexIgnoredProperties: e643bd26f0fe6173181afceb89e7c659 -> 
  custom:AudioImporter_EditorPlatform: 3918e3fc78b5a79bad01e8451be0beb8 -> 
  custom:framework-osx-AVFoundation: e770b220cccbd017edd2c1fefb359320 -> 
  custom:video-encoder-webm-vp8: eb34c28f22e8b96e1ab97ce403110664 -> 
  custom:audio-decoder-ogg-vorbis: bf7c407c2cedff20999df2af8eb42d56 -> 
  custom:audio-encoder-webm-vorbis: bf7c407c2cedff20999df2af8eb42d56 -> 
========================================================================
Received Import Request.
  Time since last request: 337219.232295 seconds.
  path: Assets/Course Library
  artifactKey: Guid(10a492cb0e85ae145b9cc221cc7928fa) Importer(815301076,1909f56bfc062723c751e8b465ee728b)
Start importing Assets/Course Library using Guid(10a492cb0e85ae145b9cc221cc7928fa) Importer(815301076,1909f56bfc062723c751e8b465ee728b) [PhysX] Initialized MultithreadedTaskDispatcher with 8 workers.
 -> (artifact id: 'f03701530a84b0295f61e1b427ea0314') in 0.000839 seconds
Number of updated asset objects reloaded before import = 0
Number of asset objects unloaded after import = 0
========================================================================
Received Import Request.
  Time since last request: 604.674370 seconds.
  path: Assets/UniversalRenderPipelineGlobalSettings.asset
  artifactKey: Guid(18dc0cd2c080841dea60987a38ce93fa) Importer(2089858483,3d70f49cd1c2eb9ae422958d1c652c6b)
Start importing Assets/UniversalRenderPipelineGlobalSettings.asset using Guid(18dc0cd2c080841dea60987a38ce93fa) Importer(2089858483,3d70f49cd1c2eb9ae422958d1c652c6b) [PhysX] Initialized MultithreadedTaskDispatcher with 8 workers.
 -> (artifact id: 'db6c86e5eeee2b819c614445722064c1') in 0.099029 seconds
Number of updated asset objects reloaded before import = 0
Number of asset objects unloaded after import = 0
========================================================================
Received Import Request.
  Time since last request: 0.000055 seconds.
  path: Assets/Course Library/Particles/FX_Fireworks_Yellow_Large.prefab
  artifactKey: Guid(0f75f6db4a318f54382e0c98b2226db8) Importer(2089858483,3d70f49cd1c2eb9ae422958d1c652c6b)
Start importing Assets/Course Library/Particles/FX_Fireworks_Yellow_Large.prefab using Guid(0f75f6db4a318f54382e0c98b2226db8) Importer(2089858483,3d70f49cd1c2eb9ae422958d1c652c6b) [PhysX] Initialized MultithreadedTaskDispatcher with 8 workers.
 -> (artifact id: 'd6ca9f945dc3451dbc3153476ac4d95f') in 0.016007 seconds
Number of updated asset objects reloaded before import = 0
Number of asset objects unloaded after import = 7
========================================================================
Received Import Request.
  Time since last request: 0.000037 seconds.
  path: Assets/Prefabs/Player.prefab
  artifactKey: Guid(d358a99e7ce2c41abb662ad25c97c1c0) Importer(2089858483,0ecaa5967403d082aa24f35e1b516d23)
Start importing Assets/Prefabs/Player.prefab using Guid(d358a99e7ce2c41abb662ad25c97c1c0) Importer(2089858483,0ecaa5967403d082aa24f35e1b516d23) [PhysX] Initialized MultithreadedTaskDispatcher with 8 workers.
 -> (artifact id: '0480b56848955782b3b67267df459bdc') in 0.027643 seconds
Number of updated asset objects reloaded before import = 0
Number of asset objects unloaded after import = 9
========================================================================
Received Import Request.
  Time since last request: 0.000107 seconds.
  path: Assets/Scenes/My Game.unity
  artifactKey: Guid(9fc0d4010bbf28b4594072e72b8655ab) Importer(2089858483,3d70f49cd1c2eb9ae422958d1c652c6b)
Start importing Assets/Scenes/My Game.unity using Guid(9fc0d4010bbf28b4594072e72b8655ab) Importer(2089858483,3d70f49cd1c2eb9ae422958d1c652c6b) [PhysX] Initialized MultithreadedTaskDispatcher with 8 workers.
Opening scene 'Assets/Scenes/My Game.unity additively'
Loaded scene 'Assets/Scenes/My Game.unity'
	Deserialize:            4.065 ms
	Integration:            2.809 ms
	Integration of assets:  0.064 ms
	Thread Wait Time:       0.001 ms
	Total Operation Time:   6.939 ms
 -> (artifact id: 'cdd4013e9a31d47838165119afd9f745') in 0.017426 seconds
Number of updated asset objects reloaded before import = 0
Number of asset objects unloaded after import = 44
========================================================================
Received Import Request.
  Time since last request: 0.000207 seconds.
  path: Assets/Course Library/Animals/Dogs/Dog_Doberman_01.prefab
  artifactKey: Guid(2b6e184cdeba888429a079d519a7c8d5) Importer(2089858483,3d70f49cd1c2eb9ae422958d1c652c6b)
Start importing Assets/Course Library/Animals/Dogs/Dog_Doberman_01.prefab using Guid(2b6e184cdeba888429a079d519a7c8d5) Importer(2089858483,3d70f49cd1c2eb9ae422958d1c652c6b) [PhysX] Initialized MultithreadedTaskDispatcher with 8 workers.
 -> (artifact id: 'd255455e080eef05cc78d8723a601aff') in 0.030145 seconds
Number of updated asset objects reloaded before import = 0
Number of asset objects unloaded after import = 244
========================================================================
Received Import Request.
  Time since last request: 0.001754 seconds.
  path: Assets/Course Library/Animals/Dogs/Dog_SaintBernard_01.prefab
  artifactKey: Guid(7e327461e79cb2a479e055d455c9a2fd) Importer(2089858483,3d70f49cd1c2eb9ae422958d1c652c6b)
Start importing Assets/Course Library/Animals/Dogs/Dog_SaintBernard_01.prefab using Guid(7e327461e79cb2a479e055d455c9a2fd) Importer(2089858483,3d70f49cd1c2eb9ae422958d1c652c6b) [PhysX] Initialized MultithreadedTaskDispatcher with 8 workers.
 -> (artifact id: 'bd0c30999619b18e4c6c836254654d8d') in 0.023464 seconds
Number of updated asset objects reloaded before import = 0
Number of asset objects unloaded after import = 244
========================================================================
Received Import Request.
  Time since last request: 0.000513 seconds.
  path: Assets/TerrainSampleAssets/Prefabs/Bush_A.prefab
  artifactKey: Guid(0ec1c69bd47ad864f96cc2b516f6cd4b) Importer(2089858483,3d70f49cd1c2eb9ae422958d1c652c6b)
Start importing Assets/TerrainSampleAssets/Prefabs/Bush_A.prefab using Guid(0ec1c69bd47ad864f96cc2b516f6cd4b) Importer(2089858483,3d70f49cd1c2eb9ae422958d1c652c6b) [PhysX] Initialized MultithreadedTaskDispatcher with 8 workers.
 -> (artifact id: 'd1e5c26d99751f69c343094bf937e063') in 0.005690 seconds
Number of updated asset objects reloaded before import = 0
Number of asset objects unloaded after import = 9
========================================================================
Received Import Request.
  Time since last request: 0.000281 seconds.
  path: Assets/Readme.asset
  artifactKey: Guid(8105016687592461f977c054a80ce2f2) Importer(2089858483,0ecaa5967403d082aa24f35e1b516d23)
Start importing Assets/Readme.asset using Guid(8105016687592461f977c054a80ce2f2) Importer(2089858483,0ecaa5967403d082aa24f35e1b516d23) [PhysX] Initialized MultithreadedTaskDispatcher with 8 workers.
 -> (artifact id: '4759c453440051c891662b789aaa04b1') in 0.010291 seconds
Number of updated asset objects reloaded before import = 0
Number of asset objects unloaded after import = 2
========================================================================
Received Import Request.
  Time since last request: 0.001033 seconds.
  path: Assets/Course Library/Particles/FX_TireSmoke.prefab
  artifactKey: Guid(d7bf18dd20422304ea868e95c3518f19) Importer(2089858483,3d70f49cd1c2eb9ae422958d1c652c6b)
Start importing Assets/Course Library/Particles/FX_TireSmoke.prefab using Guid(d7bf18dd20422304ea868e95c3518f19) Importer(2089858483,3d70f49cd1c2eb9ae422958d1c652c6b) [PhysX] Initialized MultithreadedTaskDispatcher with 8 workers.
 -> (artifact id: '30bc94944b2c36cad21532102eabfa16') in 0.002744 seconds
Number of updated asset objects reloaded before import = 0
Number of asset objects unloaded after import = 7
========================================================================
Received Import Request.
  Time since last request: 0.001621 seconds.
  path: Assets/Course Library/Particles/FX_Fireworks_Yellow_Small.prefab
  artifactKey: Guid(6586ff0f14125534cae2f5d8f04b7871) Importer(2089858483,0ecaa5967403d082aa24f35e1b516d23)
Start importing Assets/Course Library/Particles/FX_Fireworks_Yellow_Small.prefab using Guid(6586ff0f14125534cae2f5d8f04b7871) Importer(2089858483,0ecaa5967403d082aa24f35e1b516d23) [PhysX] Initialized MultithreadedTaskDispatcher with 8 workers.
 -> (artifact id: '9ffa0b781b340a52e4918970f0c1fb39') in 0.037238 seconds
Number of updated asset objects reloaded before import = 0
Number of asset objects unloaded after import = 6
========================================================================
Received Import Request.
  Time since last request: 0.003625 seconds.
  path: Assets/Settings/URP-Balanced.asset
  artifactKey: Guid(e1260c1148f6143b28bae5ace5e9c5d1) Importer(2089858483,3d70f49cd1c2eb9ae422958d1c652c6b)
Start importing Assets/Settings/URP-Balanced.asset using Guid(e1260c1148f6143b28bae5ace5e9c5d1) Importer(2089858483,3d70f49cd1c2eb9ae422958d1c652c6b) [PhysX] Initialized MultithreadedTaskDispatcher with 8 workers.
 -> (artifact id: '6c8b846bc0ff63eb5b9a0960ba2e0c20') in 0.003679 seconds
Number of updated asset objects reloaded before import = 0
Number of asset objects unloaded after import = 2
========================================================================
Received Import Request.
  Time since last request: 0.000153 seconds.
  path: Assets/TerrainSampleAssets/Models/Bush_A.asset
  artifactKey: Guid(0c4301a6ce8e5964c8df62a78aca15d1) Importer(2089858483,0ecaa5967403d082aa24f35e1b516d23)
Start importing Assets/TerrainSampleAssets/Models/Bush_A.asset using Guid(0c4301a6ce8e5964c8df62a78aca15d1) Importer(2089858483,0ecaa5967403d082aa24f35e1b516d23) [PhysX] Initialized MultithreadedTaskDispatcher with 8 workers.
 -> (artifact id: '3107106da249577e17d2b36be7d67bc9') in 0.001972 seconds
Number of updated asset objects reloaded before import = 0
Number of asset objects unloaded after import = 1
========================================================================
Received Import Request.
  Time since last request: 0.000118 seconds.
  path: Assets/Course Library/Particles/FX_Fire.prefab
  artifactKey: Guid(756d99540142b5e4a8d174e18a6310d9) Importer(2089858483,3d70f49cd1c2eb9ae422958d1c652c6b)
Start importing Assets/Course Library/Particles/FX_Fire.prefab using Guid(756d99540142b5e4a8d174e18a6310d9) Importer(2089858483,3d70f49cd1c2eb9ae422958d1c652c6b) [PhysX] Initialized MultithreadedTaskDispatcher with 8 workers.
 -> (artifact id: '9a685d7e45035696174950c96e0d2bf5') in 0.003581 seconds
Number of updated asset objects reloaded before import = 0
Number of asset objects unloaded after import = 7
========================================================================
Received Import Request.
  Time since last request: 0.000083 seconds.
  path: Assets/Course Library/Particles/FX_WaterSplash.prefab
  artifactKey: Guid(e49403f034d74ee44aa8a41b0ee4abfd) Importer(2089858483,3d70f49cd1c2eb9ae422958d1c652c6b)
Start importing Assets/Course Library/Particles/FX_WaterSplash.prefab using Guid(e49403f034d74ee44aa8a41b0ee4abfd) Importer(2089858483,3d70f49cd1c2eb9ae422958d1c652c6b) [PhysX] Initialized MultithreadedTaskDispatcher with 8 workers.
 -> (artifact id: '6cf54de221e0f07b23ae47c93bfd08bc') in 0.003476 seconds
Number of updated asset objects reloaded before import = 0
Number of asset objects unloaded after import = 8
========================================================================
Received Import Request.
  Time since last request: 0.000184 seconds.
  path: Assets/Course Library/Particles/FX_Dust_Prefab_03.prefab
  artifactKey: Guid(1570b78163aaedc44bfd35cf13a9f13f) Importer(2089858483,0ecaa5967403d082aa24f35e1b516d23)
Start importing Assets/Course Library/Particles/FX_Dust_Prefab_03.prefab using Guid(1570b78163aaedc44bfd35cf13a9f13f) Importer(2089858483,0ecaa5967403d082aa24f35e1b516d23) [PhysX] Initialized MultithreadedTaskDispatcher with 8 workers.
 -> (artifact id: 'e15b20a6c5f12e8408b651f5d54f03b8') in 0.016334 seconds
Number of updated asset objects reloaded before import = 0
Number of asset objects unloaded after import = 6
========================================================================
Received Import Request.
  Time since last request: 0.000119 seconds.
  path: Assets/TerrainSampleAssets/ShaderGraphs/TerrainGrass.shadergraph
  artifactKey: Guid(dfa3b96612ed4df4a97b7fd06217ba23) Importer(2089858483,0ecaa5967403d082aa24f35e1b516d23)
Start importing Assets/TerrainSampleAssets/ShaderGraphs/TerrainGrass.shadergraph using Guid(dfa3b96612ed4df4a97b7fd06217ba23) Importer(2089858483,0ecaa5967403d082aa24f35e1b516d23) [PhysX] Initialized MultithreadedTaskDispatcher with 8 workers.
 -> (artifact id: '8fc7be2afa44f514d1601116f9a72dda') in 0.495158 seconds
Number of updated asset objects reloaded before import = 0
Number of asset objects unloaded after import = 3
========================================================================
Received Import Request.
  Time since last request: 0.001640 seconds.
  path: Assets/TerrainSampleAssets/TerrainBrushes/Terrainstamp_Flatmountain01_Brush.brush
  artifactKey: Guid(5ca44fb774755d14f93870431e58a1e2) Importer(2089858483,0ecaa5967403d082aa24f35e1b516d23)
Start importing Assets/TerrainSampleAssets/TerrainBrushes/Terrainstamp_Flatmountain01_Brush.brush using Guid(5ca44fb774755d14f93870431e58a1e2) Importer(2089858483,0ecaa5967403d082aa24f35e1b516d23) [PhysX] Initialized MultithreadedTaskDispatcher with 8 workers.
 -> (artifact id: 'ec9ce9a4635931cf959d2745e3f467e4') in 0.013789 seconds
Number of updated asset objects reloaded before import = 0
Number of asset objects unloaded after import = 2
========================================================================
Received Import Request.
  Time since last request: 0.007568 seconds.
  path: Assets/Course Library/Characters/Farm/SimpleFarmer_Woman_01_Black.prefab
  artifactKey: Guid(2af1fa464b69e4c4cb1a408373c7d971) Importer(2089858483,3d70f49cd1c2eb9ae422958d1c652c6b)
Start importing Assets/Course Library/Characters/Farm/SimpleFarmer_Woman_01_Black.prefab using Guid(2af1fa464b69e4c4cb1a408373c7d971) Importer(2089858483,3d70f49cd1c2eb9ae422958d1c652c6b) [PhysX] Initialized MultithreadedTaskDispatcher with 8 workers.
 -> (artifact id: 'aaa3a4a12f2fc34a1fd4bf3360979860') in 0.015634 seconds
Number of updated asset objects reloaded before import = 0
Number of asset objects unloaded after import = 69
========================================================================
Received Import Request.
  Time since last request: 0.001260 seconds.
  path: Assets/Course Library/Animals/Forest/Animal_Fox_02.prefab
  artifactKey: Guid(d08ba223a91fb3440afcbed27fafa936) Importer(2089858483,3d70f49cd1c2eb9ae422958d1c652c6b)
Start importing Assets/Course Library/Animals/Forest/Animal_Fox_02.prefab using Guid(d08ba223a91fb3440afcbed27fafa936) Importer(2089858483,3d70f49cd1c2eb9ae422958d1c652c6b) [PhysX] Initialized MultithreadedTaskDispatcher with 8 workers.
 -> (artifact id: '9b3cfb9ba946374239de712c57644c5e') in 0.012519 seconds
Number of updated asset objects reloaded before import = 0
Number of asset objects unloaded after import = 54
========================================================================
Received Import Request.
  Time since last request: 0.011212 seconds.
  path: Assets/TerrainSampleAssets/TerrainBrushes/Terrainstamp_Canyon03_Brush.brush
  artifactKey: Guid(d4e29f095247ea040aabee8a6cb3b010) Importer(2089858483,0ecaa5967403d082aa24f35e1b516d23)
Start importing Assets/TerrainSampleAssets/TerrainBrushes/Terrainstamp_Canyon03_Brush.brush using Guid(d4e29f095247ea040aabee8a6cb3b010) Importer(2089858483,0ecaa5967403d082aa24f35e1b516d23) [PhysX] Initialized MultithreadedTaskDispatcher with 8 workers.
 -> (artifact id: '3df73fecf859241b3526bab699d7fcc1') in 0.006036 seconds
Number of updated asset objects reloaded before import = 0
Number of asset objects unloaded after import = 2
========================================================================
Received Import Request.
  Time since last request: 0.008669 seconds.
  path: Assets/TerrainSampleAssets/TerrainBrushes/Terrainstamp_Canyon05_Brush.brush
  artifactKey: Guid(ceb297a70ecfb74479647a7e0e433265) Importer(2089858483,0ecaa5967403d082aa24f35e1b516d23)
Start importing Assets/TerrainSampleAssets/TerrainBrushes/Terrainstamp_Canyon05_Brush.brush using Guid(ceb297a70ecfb74479647a7e0e433265) Importer(2089858483,0ecaa5967403d082aa24f35e1b516d23) [PhysX] Initialized MultithreadedTaskDispatcher with 8 workers.
 -> (artifact id: '2ac3d49965fe17206e90dc6c283f5586') in 0.011992 seconds
Number of updated asset objects reloaded before import = 0
Number of asset objects unloaded after import = 2
========================================================================
Received Import Request.
  Time since last request: 0.009200 seconds.
  path: Assets/TerrainSampleAssets/Models/GrassDry_C.asset
  artifactKey: Guid(9a249c33299836d45ae597069d9324e2) Importer(2089858483,0ecaa5967403d082aa24f35e1b516d23)
Start importing Assets/TerrainSampleAssets/Models/GrassDry_C.asset using Guid(9a249c33299836d45ae597069d9324e2) Importer(2089858483,0ecaa5967403d082aa24f35e1b516d23) [PhysX] Initialized MultithreadedTaskDispatcher with 8 workers.
 -> (artifact id: 'a94562d8e2428e937c21e4683b6d71c8') in 0.003297 seconds
Number of updated asset objects reloaded before import = 0
Number of asset objects unloaded after import = 1
========================================================================
Received Import Request.
  Time since last request: 0.005954 seconds.
  path: Assets/Prefabs/Moon Fragment.prefab
  artifactKey: Guid(69ef9f789a9fa4279a8c084696a8f8f8) Importer(2089858483,3d70f49cd1c2eb9ae422958d1c652c6b)
Start importing Assets/Prefabs/Moon Fragment.prefab using Guid(69ef9f789a9fa4279a8c084696a8f8f8) Importer(2089858483,3d70f49cd1c2eb9ae422958d1c652c6b) [PhysX] Initialized MultithreadedTaskDispatcher with 8 workers.
 -> (artifact id: '1b0ac2203fccf6d7467c378c843b8389') in 0.002429 seconds
Number of updated asset objects reloaded before import = 0
Number of asset objects unloaded after import = 8
========================================================================
Received Import Request.
  Time since last request: 0.005075 seconds.
  path: Assets/Settings/URP-Performant-Renderer.asset
  artifactKey: Guid(707360a9c581a4bd7aa53bfeb1429f71) Importer(2089858483,3d70f49cd1c2eb9ae422958d1c652c6b)
Start importing Assets/Settings/URP-Performant-Renderer.asset using Guid(707360a9c581a4bd7aa53bfeb1429f71) Importer(2089858483,3d70f49cd1c2eb9ae422958d1c652c6b) [PhysX] Initialized MultithreadedTaskDispatcher with 8 workers.
 -> (artifact id: 'afd00066fc3e714f8972cb6a54482ada') in 0.004828 seconds
Number of updated asset objects reloaded before import = 0
Number of asset objects unloaded after import = 0
========================================================================
Received Import Request.
  Time since last request: 0.000690 seconds.
  path: Assets/Course Library/Animals/Dogs/Dog_BullDog_01.prefab
  artifactKey: Guid(782ffceb74ed3aa47a2a09261607aeb2) Importer(2089858483,3d70f49cd1c2eb9ae422958d1c652c6b)
Start importing Assets/Course Library/Animals/Dogs/Dog_BullDog_01.prefab using Guid(782ffceb74ed3aa47a2a09261607aeb2) Importer(2089858483,3d70f49cd1c2eb9ae422958d1c652c6b) [PhysX] Initialized MultithreadedTaskDispatcher with 8 workers.
 -> (artifact id: '5b9f489087e411f30d9b4ef9d8c3ef09') in 0.019720 seconds
Number of updated asset objects reloaded before import = 0
Number of asset objects unloaded after import = 244
========================================================================
Received Import Request.
  Time since last request: 0.000029 seconds.
  path: Assets/TerrainSampleAssets/Prefabs/Plant_B.prefab
  artifactKey: Guid(0a701dc0b49cb264c88918e012866821) Importer(2089858483,3d70f49cd1c2eb9ae422958d1c652c6b)
Start importing Assets/TerrainSampleAssets/Prefabs/Plant_B.prefab using Guid(0a701dc0b49cb264c88918e012866821) Importer(2089858483,3d70f49cd1c2eb9ae422958d1c652c6b) [PhysX] Initialized MultithreadedTaskDispatcher with 8 workers.
 -> (artifact id: 'a6093b4cc6c4712daf0ca50c25c6aa17') in 0.004698 seconds
Number of updated asset objects reloaded before import = 0
Number of asset objects unloaded after import = 9
========================================================================
Received Import Request.
  Time since last request: 0.000715 seconds.
  path: Assets/Materials/Green.mat
  artifactKey: Guid(b76f4bad7dcff4e1f8f198dd56f15a74) Importer(2089858483,0ecaa5967403d082aa24f35e1b516d23)
Start importing Assets/Materials/Green.mat using Guid(b76f4bad7dcff4e1f8f198dd56f15a74) Importer(2089858483,0ecaa5967403d082aa24f35e1b516d23) [PhysX] Initialized MultithreadedTaskDispatcher with 8 workers.
 -> (artifact id: '8c4719452b0acff7c4e93de23848f9e2') in 0.007177 seconds
Number of updated asset objects reloaded before import = 0
Number of asset objects unloaded after import = 1
========================================================================
Received Import Request.
  Time since last request: 0.001339 seconds.
  path: Assets/Course Library/Animals/Dogs/Dog_RhodesianRidgeback_01.prefab
  artifactKey: Guid(957efc93c4488964582c89c0bf939bf0) Importer(2089858483,3d70f49cd1c2eb9ae422958d1c652c6b)
Start importing Assets/Course Library/Animals/Dogs/Dog_RhodesianRidgeback_01.prefab using Guid(957efc93c4488964582c89c0bf939bf0) Importer(2089858483,3d70f49cd1c2eb9ae422958d1c652c6b) [PhysX] Initialized MultithreadedTaskDispatcher with 8 workers.
 -> (artifact id: '883f17b48fb168596ef4f430f04df907') in 0.018025 seconds
Number of updated asset objects reloaded before import = 0
Number of asset objects unloaded after import = 244
========================================================================
Received Import Request.
  Time since last request: 0.003225 seconds.
  path: Assets/TerrainSampleAssets/Prefabs/BushDry_B.prefab
  artifactKey: Guid(054bf5cf244ff2e4083cbf8eca205cf0) Importer(2089858483,0ecaa5967403d082aa24f35e1b516d23)
Start importing Assets/TerrainSampleAssets/Prefabs/BushDry_B.prefab using Guid(054bf5cf244ff2e4083cbf8eca205cf0) Importer(2089858483,0ecaa5967403d082aa24f35e1b516d23) [PhysX] Initialized MultithreadedTaskDispatcher with 8 workers.
 -> (artifact id: '8ebf1958fee8f285bf98519bef318127') in 0.004031 seconds
Number of updated asset objects reloaded before import = 0
Number of asset objects unloaded after import = 7
========================================================================
Received Import Request.
  Time since last request: 0.001269 seconds.
  path: Assets/TerrainSampleAssets/Materials/Heather.asset
  artifactKey: Guid(9ef29f7651a5050409fa9822d6d4f941) Importer(2089858483,3d70f49cd1c2eb9ae422958d1c652c6b)
Start importing Assets/TerrainSampleAssets/Materials/Heather.asset using Guid(9ef29f7651a5050409fa9822d6d4f941) Importer(2089858483,3d70f49cd1c2eb9ae422958d1c652c6b) [PhysX] Initialized MultithreadedTaskDispatcher with 8 workers.
 -> (artifact id: 'e54af726318ef844eeea84ceced32bd5') in 0.003885 seconds
Number of updated asset objects reloaded before import = 0
Number of asset objects unloaded after import = 1
========================================================================
Received Import Request.
  Time since last request: 0.002579 seconds.
  path: Assets/TerrainSampleAssets/TerrainBrushes/Terrainstamp_Canyon02_Brush.brush
  artifactKey: Guid(7ddc1e59f6e82cc4693b55b0badb4aa3) Importer(2089858483,0ecaa5967403d082aa24f35e1b516d23)
Start importing Assets/TerrainSampleAssets/TerrainBrushes/Terrainstamp_Canyon02_Brush.brush using Guid(7ddc1e59f6e82cc4693b55b0badb4aa3) Importer(2089858483,0ecaa5967403d082aa24f35e1b516d23) [PhysX] Initialized MultithreadedTaskDispatcher with 8 workers.
 -> (artifact id: 'f5506368e2282c25f939ab00e9117b23') in 0.004176 seconds
Number of updated asset objects reloaded before import = 0
Number of asset objects unloaded after import = 2
========================================================================
Received Import Request.
  Time since last request: 0.001419 seconds.
  path: Assets/TerrainSampleAssets/Models/GrassDry_B.asset
  artifactKey: Guid(34620cf8cdb76ba4b9af2acb627f7846) Importer(2089858483,0ecaa5967403d082aa24f35e1b516d23)
Start importing Assets/TerrainSampleAssets/Models/GrassDry_B.asset using Guid(34620cf8cdb76ba4b9af2acb627f7846) Importer(2089858483,0ecaa5967403d082aa24f35e1b516d23) [PhysX] Initialized MultithreadedTaskDispatcher with 8 workers.
 -> (artifact id: 'cbada69a62f93183f6bb77f5bee36169') in 0.001966 seconds
Number of updated asset objects reloaded before import = 0
Number of asset objects unloaded after import = 1
========================================================================
Received Import Request.
  Time since last request: 0.000286 seconds.
  path: Assets/Course Library/Particles/FX_Dust_Prefab_01.prefab
  artifactKey: Guid(c83a45822d0d3f94991e76a87670125c) Importer(2089858483,0ecaa5967403d082aa24f35e1b516d23)
Start importing Assets/Course Library/Particles/FX_Dust_Prefab_01.prefab using Guid(c83a45822d0d3f94991e76a87670125c) Importer(2089858483,0ecaa5967403d082aa24f35e1b516d23) [PhysX] Initialized MultithreadedTaskDispatcher with 8 workers.
 -> (artifact id: 'd1975d8fbee933358fa335ddae5bdfa6') in 0.019387 seconds
Number of updated asset objects reloaded before import = 0
Number of asset objects unloaded after import = 6
========================================================================
Received Import Request.
  Time since last request: 0.004826 seconds.
  path: Assets/TerrainSampleAssets/Prefabs/BushDry_A.prefab
  artifactKey: Guid(176a42107ce66c44aa74a67424591597) Importer(2089858483,3d70f49cd1c2eb9ae422958d1c652c6b)
Start importing Assets/TerrainSampleAssets/Prefabs/BushDry_A.prefab using Guid(176a42107ce66c44aa74a67424591597) Importer(2089858483,3d70f49cd1c2eb9ae422958d1c652c6b) [PhysX] Initialized MultithreadedTaskDispatcher with 8 workers.
 -> (artifact id: '64d67365ca176cf4d0e6250dff78c0c9') in 0.004784 seconds
Number of updated asset objects reloaded before import = 0
Number of asset objects unloaded after import = 9
========================================================================
Received Import Request.
  Time since last request: 0.005002 seconds.
  path: Assets/TerrainSampleAssets/Models/Fern_C.asset
  artifactKey: Guid(19f3cdde7d5104c4da897ac17045ddfd) Importer(2089858483,3d70f49cd1c2eb9ae422958d1c652c6b)
Start importing Assets/TerrainSampleAssets/Models/Fern_C.asset using Guid(19f3cdde7d5104c4da897ac17045ddfd) Importer(2089858483,3d70f49cd1c2eb9ae422958d1c652c6b) [PhysX] Initialized MultithreadedTaskDispatcher with 8 workers.
 -> (artifact id: 'd1e2d2953e2c219973d6a2bc4cff0cd9') in 0.002044 seconds
Number of updated asset objects reloaded before import = 0
Number of asset objects unloaded after import = 0
========================================================================
Received Import Request.
  Time since last request: 0.002003 seconds.
  path: Assets/TerrainSampleAssets/Models/GrassDry_A.asset
  artifactKey: Guid(95c06121a3f5d524c8cad4ff4e302950) Importer(2089858483,3d70f49cd1c2eb9ae422958d1c652c6b)
Start importing Assets/TerrainSampleAssets/Models/GrassDry_A.asset using Guid(95c06121a3f5d524c8cad4ff4e302950) Importer(2089858483,3d70f49cd1c2eb9ae422958d1c652c6b) [PhysX] Initialized MultithreadedTaskDispatcher with 8 workers.
 -> (artifact id: '1443faa966ff402c24f7606666727026') in 0.003823 seconds
Number of updated asset objects reloaded before import = 0
Number of asset objects unloaded after import = 0
========================================================================
Received Import Request.
  Time since last request: 0.000531 seconds.
  path: Assets/Course Library/Particles/FX_FlameThrower.prefab
  artifactKey: Guid(5cd5599e01f32bd418f20a3b9eac1c57) Importer(2089858483,0ecaa5967403d082aa24f35e1b516d23)
Start importing Assets/Course Library/Particles/FX_FlameThrower.prefab using Guid(5cd5599e01f32bd418f20a3b9eac1c57) Importer(2089858483,0ecaa5967403d082aa24f35e1b516d23) [PhysX] Initialized MultithreadedTaskDispatcher with 8 workers.
 -> (artifact id: '485655c63ec016a9abd9da4311781aea') in 0.034800 seconds
Number of updated asset objects reloaded before import = 0
Number of asset objects unloaded after import = 6
========================================================================
Received Import Request.
  Time since last request: 0.000072 seconds.
  path: Assets/Course Library/Particles/FX_Steam.prefab
  artifactKey: Guid(5b6c2f68addb63847b151f0d41a9d3b1) Importer(2089858483,0ecaa5967403d082aa24f35e1b516d23)
Start importing Assets/Course Library/Particles/FX_Steam.prefab using Guid(5b6c2f68addb63847b151f0d41a9d3b1) Importer(2089858483,0ecaa5967403d082aa24f35e1b516d23) [PhysX] Initialized MultithreadedTaskDispatcher with 8 workers.
 -> (artifact id: '5c311443df30715e7d780c58d6c34363') in 0.022036 seconds
Number of updated asset objects reloaded before import = 0
Number of asset objects unloaded after import = 6
========================================================================
Received Import Request.
  Time since last request: 0.000218 seconds.
  path: Assets/Settings/URP-HighFidelity.asset
  artifactKey: Guid(7b7fd9122c28c4d15b667c7040e3b3fd) Importer(2089858483,3d70f49cd1c2eb9ae422958d1c652c6b)
Start importing Assets/Settings/URP-HighFidelity.asset using Guid(7b7fd9122c28c4d15b667c7040e3b3fd) Importer(2089858483,3d70f49cd1c2eb9ae422958d1c652c6b) [PhysX] Initialized MultithreadedTaskDispatcher with 8 workers.
 -> (artifact id: 'baa7fc95e2e89202f3c4d3eaa74e37ad') in 0.001613 seconds
Number of updated asset objects reloaded before import = 0
Number of asset objects unloaded after import = 0
========================================================================
Received Import Request.
  Time since last request: 0.000397 seconds.
  path: Assets/TerrainSampleAssets/TerrainBrushes/Terrainstamp_Hills01_Brush.brush
  artifactKey: Guid(df5900f192ad71b4c9f0d3b57daadc1e) Importer(2089858483,0ecaa5967403d082aa24f35e1b516d23)
Start importing Assets/TerrainSampleAssets/TerrainBrushes/Terrainstamp_Hills01_Brush.brush using Guid(df5900f192ad71b4c9f0d3b57daadc1e) Importer(2089858483,0ecaa5967403d082aa24f35e1b516d23) [PhysX] Initialized MultithreadedTaskDispatcher with 8 workers.
 -> (artifact id: '30f58c12be3a1e921f87c8acd13deffe') in 0.008010 seconds
Number of updated asset objects reloaded before import = 0
Number of asset objects unloaded after import = 2
========================================================================
Received Import Request.
  Time since last request: 0.000038 seconds.
  path: Assets/TerrainSampleAssets/Prefabs/GrassDry_C.prefab
  artifactKey: Guid(8aa8def6286fc784ba128570ec475974) Importer(2089858483,3d70f49cd1c2eb9ae422958d1c652c6b)
Start importing Assets/TerrainSampleAssets/Prefabs/GrassDry_C.prefab using Guid(8aa8def6286fc784ba128570ec475974) Importer(2089858483,3d70f49cd1c2eb9ae422958d1c652c6b) [PhysX] Initialized MultithreadedTaskDispatcher with 8 workers.
 -> (artifact id: 'f1eb41bb8e59bbde598f6544f09a3e0f') in 0.003396 seconds
Number of updated asset objects reloaded before import = 0
Number of asset objects unloaded after import = 9
========================================================================
Received Import Request.
  Time since last request: 0.000094 seconds.
  path: Assets/TerrainSampleAssets/Prefabs/GrassDry_A.prefab
  artifactKey: Guid(9e8508e3025d9c844810b83c5607c09e) Importer(2089858483,3d70f49cd1c2eb9ae422958d1c652c6b)
Start importing Assets/TerrainSampleAssets/Prefabs/GrassDry_A.prefab using Guid(9e8508e3025d9c844810b83c5607c09e) Importer(2089858483,3d70f49cd1c2eb9ae422958d1c652c6b) [PhysX] Initialized MultithreadedTaskDispatcher with 8 workers.
 -> (artifact id: '91c4b36210c2fe463c101c665d94ba97') in 0.003248 seconds
Number of updated asset objects reloaded before import = 0
Number of asset objects unloaded after import = 9
========================================================================
Received Import Request.
  Time since last request: 0.000221 seconds.
  path: Assets/TerrainSampleAssets/TerrainBrushes/Terrainstamp_Island01_Brush.brush
  artifactKey: Guid(52ed55fadd8d2b34cb0f9f08adb04a84) Importer(2089858483,0ecaa5967403d082aa24f35e1b516d23)
Start importing Assets/TerrainSampleAssets/TerrainBrushes/Terrainstamp_Island01_Brush.brush using Guid(52ed55fadd8d2b34cb0f9f08adb04a84) Importer(2089858483,0ecaa5967403d082aa24f35e1b516d23) [PhysX] Initialized MultithreadedTaskDispatcher with 8 workers.
 -> (artifact id: '731608ee4bacd82f8c970100ee8b6232') in 0.005668 seconds
Number of updated asset objects reloaded before import = 0
Number of asset objects unloaded after import = 2
========================================================================
Received Import Request.
  Time since last request: 0.000421 seconds.
  path: Assets/Course Library/Characters/Town/SimplePeople_Man_Business_White.prefab
  artifactKey: Guid(b186f9485a0828b468f98fe846ae1a68) Importer(2089858483,3d70f49cd1c2eb9ae422958d1c652c6b)
Start importing Assets/Course Library/Characters/Town/SimplePeople_Man_Business_White.prefab using Guid(b186f9485a0828b468f98fe846ae1a68) Importer(2089858483,3d70f49cd1c2eb9ae422958d1c652c6b) [PhysX] Initialized MultithreadedTaskDispatcher with 8 workers.
 -> (artifact id: 'e3de851c4b2f4f7fcbf79a6c4501a1ae') in 0.008279 seconds
Number of updated asset objects reloaded before import = 0
Number of asset objects unloaded after import = 99
========================================================================
Received Import Request.
  Time since last request: 0.000246 seconds.
  path: Assets/TerrainSampleAssets/Prefabs/Bush_B.prefab
  artifactKey: Guid(b273de0d6e5818a4cb3195ce4f376ccb) Importer(2089858483,3d70f49cd1c2eb9ae422958d1c652c6b)
Start importing Assets/TerrainSampleAssets/Prefabs/Bush_B.prefab using Guid(b273de0d6e5818a4cb3195ce4f376ccb) Importer(2089858483,3d70f49cd1c2eb9ae422958d1c652c6b) [PhysX] Initialized MultithreadedTaskDispatcher with 8 workers.
 -> (artifact id: 'b0f442a239300e512263377e939d3c32') in 0.005795 seconds
Number of updated asset objects reloaded before import = 0
Number of asset objects unloaded after import = 9
========================================================================
Received Import Request.
  Time since last request: 0.000295 seconds.
  path: Assets/TerrainSampleAssets/Prefabs/Plant_A.prefab
  artifactKey: Guid(6d6ea10f03c4d7245a66d6515bf1bc6d) Importer(2089858483,3d70f49cd1c2eb9ae422958d1c652c6b)
Start importing Assets/TerrainSampleAssets/Prefabs/Plant_A.prefab using Guid(6d6ea10f03c4d7245a66d6515bf1bc6d) Importer(2089858483,3d70f49cd1c2eb9ae422958d1c652c6b) [PhysX] Initialized MultithreadedTaskDispatcher with 8 workers.
 -> (artifact id: '265d9fab13a0036b5c9c6711499ecb28') in 0.003253 seconds
Number of updated asset objects reloaded before import = 0
Number of asset objects unloaded after import = 9
========================================================================
Received Import Request.
  Time since last request: 0.000106 seconds.
  path: Assets/Course Library/Characters/Town/SimplePeople_Man_Business_Brown.prefab
  artifactKey: Guid(c14bb5ce28dbb7442a2f79d8b6a061ce) Importer(2089858483,3d70f49cd1c2eb9ae422958d1c652c6b)
Start importing Assets/Course Library/Characters/Town/SimplePeople_Man_Business_Brown.prefab using Guid(c14bb5ce28dbb7442a2f79d8b6a061ce) Importer(2089858483,3d70f49cd1c2eb9ae422958d1c652c6b) [PhysX] Initialized MultithreadedTaskDispatcher with 8 workers.
 -> (artifact id: 'bff72749218360bcc3b87d0a5c04fbad') in 0.006888 seconds
Number of updated asset objects reloaded before import = 0
Number of asset objects unloaded after import = 99
========================================================================
Received Import Request.
  Time since last request: 0.000027 seconds.
  path: Assets/TerrainSampleAssets/Models/Fern_B.asset
  artifactKey: Guid(2f9d2984488477d498e8d5c61756f557) Importer(2089858483,3d70f49cd1c2eb9ae422958d1c652c6b)
Start importing Assets/TerrainSampleAssets/Models/Fern_B.asset using Guid(2f9d2984488477d498e8d5c61756f557) Importer(2089858483,3d70f49cd1c2eb9ae422958d1c652c6b) [PhysX] Initialized MultithreadedTaskDispatcher with 8 workers.
 -> (artifact id: 'f6ecfc15b48b41586bed430816c4376b') in 0.003534 seconds
Number of updated asset objects reloaded before import = 0
Number of asset objects unloaded after import = 0
========================================================================
Received Import Request.
  Time since last request: 0.000603 seconds.
  path: Assets/TerrainSampleAssets/ThirdPartyNotices.txt
  artifactKey: Guid(408677bd09874114a90a745e08fd2112) Importer(2089858483,0ecaa5967403d082aa24f35e1b516d23)
Start importing Assets/TerrainSampleAssets/ThirdPartyNotices.txt using Guid(408677bd09874114a90a745e08fd2112) Importer(2089858483,0ecaa5967403d082aa24f35e1b516d23) [PhysX] Initialized MultithreadedTaskDispatcher with 8 workers.
 -> (artifact id: 'ba54168e9be078af3076b20d80803a40') in 0.001695 seconds
Number of updated asset objects reloaded before import = 0
Number of asset objects unloaded after import = 1
========================================================================
Received Import Request.
  Time since last request: 0.000391 seconds.
  path: Assets/Course Library/Animals/Farm/Animal_Chicken_Brown.prefab
  artifactKey: Guid(49b874b9460c6754c829d7cb541a99db) Importer(2089858483,3d70f49cd1c2eb9ae422958d1c652c6b)
Start importing Assets/Course Library/Animals/Farm/Animal_Chicken_Brown.prefab using Guid(49b874b9460c6754c829d7cb541a99db) Importer(2089858483,3d70f49cd1c2eb9ae422958d1c652c6b) [PhysX] Initialized MultithreadedTaskDispatcher with 8 workers.
 -> (artifact id: '0e14224651baa58bded20e00f3725048') in 0.008315 seconds
Number of updated asset objects reloaded before import = 0
Number of asset objects unloaded after import = 72
========================================================================
Received Import Request.
  Time since last request: 0.000077 seconds.
  path: Assets/TerrainSampleAssets/Models/Plant_C.asset
  artifactKey: Guid(c671cabf34dd5314ca28492ced9c9001) Importer(2089858483,3d70f49cd1c2eb9ae422958d1c652c6b)
Start importing Assets/TerrainSampleAssets/Models/Plant_C.asset using Guid(c671cabf34dd5314ca28492ced9c9001) Importer(2089858483,3d70f49cd1c2eb9ae422958d1c652c6b) [PhysX] Initialized MultithreadedTaskDispatcher with 8 workers.
 -> (artifact id: '262a849a5cba79d036a2e65fd4f901a7') in 0.001586 seconds
Number of updated asset objects reloaded before import = 0
Number of asset objects unloaded after import = 0
========================================================================
Received Import Request.
  Time since last request: 0.000219 seconds.
  path: Assets/Prefabs/Enemy 1.prefab
  artifactKey: Guid(26f09c98fefd6438783ffcede902f94a) Importer(2089858483,0ecaa5967403d082aa24f35e1b516d23)
Start importing Assets/Prefabs/Enemy 1.prefab using Guid(26f09c98fefd6438783ffcede902f94a) Importer(2089858483,0ecaa5967403d082aa24f35e1b516d23) [PhysX] Initialized MultithreadedTaskDispatcher with 8 workers.
 -> (artifact id: '9f9f3c8bb3369e1f73360feadfd63642') in 0.007837 seconds
Number of updated asset objects reloaded before import = 0
Number of asset objects unloaded after import = 9
========================================================================
Received Import Request.
  Time since last request: 0.000334 seconds.
  path: Assets/Course Library/Particles/FX_Fireworks_Blue_Small .prefab
  artifactKey: Guid(6636b3078b0905e489f698a11b7a6b6b) Importer(2089858483,3d70f49cd1c2eb9ae422958d1c652c6b)
Start importing Assets/Course Library/Particles/FX_Fireworks_Blue_Small .prefab using Guid(6636b3078b0905e489f698a11b7a6b6b) Importer(2089858483,3d70f49cd1c2eb9ae422958d1c652c6b) [PhysX] Initialized MultithreadedTaskDispatcher with 8 workers.
 -> (artifact id: '0fd9adaf1f27a8a55c784ac676e547cd') in 0.002253 seconds
Number of updated asset objects reloaded before import = 0
Number of asset objects unloaded after import = 7
========================================================================
Received Import Request.
  Time since last request: 0.000151 seconds.
  path: Assets/Course Library/Animals/Farm/Animal_Horse_Black.prefab
  artifactKey: Guid(03e4c5418c1e9164bb1955135d815833) Importer(2089858483,3d70f49cd1c2eb9ae422958d1c652c6b)
Start importing Assets/Course Library/Animals/Farm/Animal_Horse_Black.prefab using Guid(03e4c5418c1e9164bb1955135d815833) Importer(2089858483,3d70f49cd1c2eb9ae422958d1c652c6b) [PhysX] Initialized MultithreadedTaskDispatcher with 8 workers.
 -> (artifact id: '4c61136fab042245482b4327503e1d5b') in 0.009363 seconds
Number of updated asset objects reloaded before import = 0
Number of asset objects unloaded after import = 112
========================================================================
Received Import Request.
  Time since last request: 0.000026 seconds.
  path: Assets/TerrainSampleAssets/TerrainBrushes/Terrainstamp_Ridgeedge01_Brush.brush
  artifactKey: Guid(b47c02079aebe594a94e62b833a0616b) Importer(2089858483,0ecaa5967403d082aa24f35e1b516d23)
Start importing Assets/TerrainSampleAssets/TerrainBrushes/Terrainstamp_Ridgeedge01_Brush.brush using Guid(b47c02079aebe594a94e62b833a0616b) Importer(2089858483,0ecaa5967403d082aa24f35e1b516d23) [PhysX] Initialized MultithreadedTaskDispatcher with 8 workers.
 -> (artifact id: 'fd32f989028a96cb6c1d529fb04d662d') in 0.010107 seconds
Number of updated asset objects reloaded before import = 0
Number of asset objects unloaded after import = 2
========================================================================
Received Import Request.
  Time since last request: 0.000197 seconds.
  path: Assets/TerrainSampleAssets/TerrainLayers/Grass_Soil_TerrainLayer.terrainlayer
  artifactKey: Guid(62f82665abc6fbf4e8f7fa058cbd8d6c) Importer(2089858483,0ecaa5967403d082aa24f35e1b516d23)
Start importing Assets/TerrainSampleAssets/TerrainLayers/Grass_Soil_TerrainLayer.terrainlayer using Guid(62f82665abc6fbf4e8f7fa058cbd8d6c) Importer(2089858483,0ecaa5967403d082aa24f35e1b516d23) [PhysX] Initialized MultithreadedTaskDispatcher with 8 workers.
 -> (artifact id: '39d5df75c3a925824336ec8524663461') in 0.015936 seconds
Number of updated asset objects reloaded before import = 0
Number of asset objects unloaded after import = 4
========================================================================
Received Import Request.
  Time since last request: 0.000123 seconds.
  path: Assets/Course Library/Characters/Town/SimplePeople_Man_RoadWorker_Black.prefab
  artifactKey: Guid(3afad42cab5a57a4c9f19f8deaaf8689) Importer(2089858483,3d70f49cd1c2eb9ae422958d1c652c6b)
Start importing Assets/Course Library/Characters/Town/SimplePeople_Man_RoadWorker_Black.prefab using Guid(3afad42cab5a57a4c9f19f8deaaf8689) Importer(2089858483,3d70f49cd1c2eb9ae422958d1c652c6b) [PhysX] Initialized MultithreadedTaskDispatcher with 8 workers.
 -> (artifact id: '49eb18bcbbee863968acb044cff4a227') in 0.009739 seconds
Number of updated asset objects reloaded before import = 0
Number of asset objects unloaded after import = 99
========================================================================
Received Import Request.
  Time since last request: 0.000041 seconds.
  path: Assets/Course Library/Objects/Food/Food_Pizza_01.prefab
  artifactKey: Guid(06cdf427476835b42837c1ca7f8cdbd1) Importer(2089858483,3d70f49cd1c2eb9ae422958d1c652c6b)
Start importing Assets/Course Library/Objects/Food/Food_Pizza_01.prefab using Guid(06cdf427476835b42837c1ca7f8cdbd1) Importer(2089858483,3d70f49cd1c2eb9ae422958d1c652c6b) [PhysX] Initialized MultithreadedTaskDispatcher with 8 workers.
 -> (artifact id: '6b5efff6f332ccb15baca60ed203d774') in 0.002110 seconds
Number of updated asset objects reloaded before import = 0
Number of asset objects unloaded after import = 8
========================================================================
Received Import Request.
  Time since last request: 0.000073 seconds.
  path: Assets/TerrainSampleAssets/TerrainBrushes/Terrainstamp_Slope01_Brush.brush
  artifactKey: Guid(d09f2ace661e1be4a8b5e60d52ab9e37) Importer(2089858483,0ecaa5967403d082aa24f35e1b516d23)
Start importing Assets/TerrainSampleAssets/TerrainBrushes/Terrainstamp_Slope01_Brush.brush using Guid(d09f2ace661e1be4a8b5e60d52ab9e37) Importer(2089858483,0ecaa5967403d082aa24f35e1b516d23) [PhysX] Initialized MultithreadedTaskDispatcher with 8 workers.
 -> (artifact id: 'd80e06e2c6470c4c147a58f77ce14782') in 0.008347 seconds
Number of updated asset objects reloaded before import = 0
Number of asset objects unloaded after import = 2
========================================================================
Received Import Request.
  Time since last request: 0.000429 seconds.
  path: Assets/TerrainSampleAssets/TerrainLayers/Muddy_TerrainLayer.terrainlayer
  artifactKey: Guid(091511b8c4f042c4082a4d5af73e92c7) Importer(2089858483,0ecaa5967403d082aa24f35e1b516d23)
Start importing Assets/TerrainSampleAssets/TerrainLayers/Muddy_TerrainLayer.terrainlayer using Guid(091511b8c4f042c4082a4d5af73e92c7) Importer(2089858483,0ecaa5967403d082aa24f35e1b516d23) [PhysX] Initialized MultithreadedTaskDispatcher with 8 workers.
 -> (artifact id: '790d9700f9f69248b4babd301aba6230') in 0.014525 seconds
Number of updated asset objects reloaded before import = 0
Number of asset objects unloaded after import = 4
========================================================================
Received Import Request.
  Time since last request: 0.000186 seconds.
  path: Assets/Course Library/Objects/Food/Food_Cookie_01.prefab
  artifactKey: Guid(10d25933610222845ad3760a855829c4) Importer(2089858483,3d70f49cd1c2eb9ae422958d1c652c6b)
Start importing Assets/Course Library/Objects/Food/Food_Cookie_01.prefab using Guid(10d25933610222845ad3760a855829c4) Importer(2089858483,3d70f49cd1c2eb9ae422958d1c652c6b) [PhysX] Initialized MultithreadedTaskDispatcher with 8 workers.
 -> (artifact id: '4cf8dcbe7006eda829cb04a482a649fa') in 0.003076 seconds
Number of updated asset objects reloaded before import = 0
Number of asset objects unloaded after import = 8
========================================================================
Received Import Request.
  Time since last request: 0.000247 seconds.
  path: Assets/TerrainSampleAssets/TerrainLayers/Pebbles_C_TerrainLayer.terrainlayer
  artifactKey: Guid(a579e897aa6ba004ab0e04fa3053263a) Importer(2089858483,0ecaa5967403d082aa24f35e1b516d23)
Start importing Assets/TerrainSampleAssets/TerrainLayers/Pebbles_C_TerrainLayer.terrainlayer using Guid(a579e897aa6ba004ab0e04fa3053263a) Importer(2089858483,0ecaa5967403d082aa24f35e1b516d23) [PhysX] Initialized MultithreadedTaskDispatcher with 8 workers.
 -> (artifact id: 'a295fddf8f45a8b53ae6172aaedf41e9') in 0.018329 seconds
Number of updated asset objects reloaded before import = 0
Number of asset objects unloaded after import = 4
========================================================================
Received Import Request.
  Time since last request: 0.000306 seconds.
  path: Assets/TerrainSampleAssets/TerrainBrushes/Terrainstamp_Mountain08_Brush.brush
  artifactKey: Guid(f3ac69de155752e498f0f9864e41e7a1) Importer(2089858483,0ecaa5967403d082aa24f35e1b516d23)
Start importing Assets/TerrainSampleAssets/TerrainBrushes/Terrainstamp_Mountain08_Brush.brush using Guid(f3ac69de155752e498f0f9864e41e7a1) Importer(2089858483,0ecaa5967403d082aa24f35e1b516d23) [PhysX] Initialized MultithreadedTaskDispatcher with 8 workers.
 -> (artifact id: '95c602589be83e1920f820a537fcd26f') in 0.007928 seconds
Number of updated asset objects reloaded before import = 0
Number of asset objects unloaded after import = 2
========================================================================
Received Import Request.
  Time since last request: 0.000113 seconds.
  path: Assets/TerrainSampleAssets/TerrainBrushes/Terrainstamp_Rollinghills01_Brush.brush
  artifactKey: Guid(9bcbad10823d47140bc0c90bfc339f4e) Importer(2089858483,0ecaa5967403d082aa24f35e1b516d23)
Start importing Assets/TerrainSampleAssets/TerrainBrushes/Terrainstamp_Rollinghills01_Brush.brush using Guid(9bcbad10823d47140bc0c90bfc339f4e) Importer(2089858483,0ecaa5967403d082aa24f35e1b516d23) [PhysX] Initialized MultithreadedTaskDispatcher with 8 workers.
 -> (artifact id: 'fd60c8b5e0d6c896e1a3036a114f2bd2') in 0.006005 seconds
Number of updated asset objects reloaded before import = 0
Number of asset objects unloaded after import = 2
========================================================================
Received Import Request.
  Time since last request: 0.000090 seconds.
  path: Assets/TerrainSampleAssets/TerrainBrushes/Terrainstamp_Volcano02_Brush.brush
  artifactKey: Guid(5bcc5a77fc677c24c98eb188064d3acd) Importer(2089858483,0ecaa5967403d082aa24f35e1b516d23)
Start importing Assets/TerrainSampleAssets/TerrainBrushes/Terrainstamp_Volcano02_Brush.brush using Guid(5bcc5a77fc677c24c98eb188064d3acd) Importer(2089858483,0ecaa5967403d082aa24f35e1b516d23) [PhysX] Initialized MultithreadedTaskDispatcher with 8 workers.
 -> (artifact id: 'd6ae54383a42bedf48848747f97fda4e') in 0.008127 seconds
Number of updated asset objects reloaded before import = 0
Number of asset objects unloaded after import = 2
========================================================================
Received Import Request.
  Time since last request: 0.000052 seconds.
  path: Assets/Course Library/Environments/Ground/Ground_Tile_Cube_Flat_01.prefab
  artifactKey: Guid(4b0dd8d9ce8ef2b4ba4212934b7dc629) Importer(2089858483,3d70f49cd1c2eb9ae422958d1c652c6b)
Start importing Assets/Course Library/Environments/Ground/Ground_Tile_Cube_Flat_01.prefab using Guid(4b0dd8d9ce8ef2b4ba4212934b7dc629) Importer(2089858483,3d70f49cd1c2eb9ae422958d1c652c6b) [PhysX] Initialized MultithreadedTaskDispatcher with 8 workers.
 -> (artifact id: 'cd8574bfc10a61286061e26a48442eda') in 0.002681 seconds
Number of updated asset objects reloaded before import = 0
Number of asset objects unloaded after import = 9
========================================================================
Received Import Request.
  Time since last request: 0.000177 seconds.
  path: Assets/TerrainSampleAssets/TerrainBrushes/Terrainstamp_Volcano01_Brush.brush
  artifactKey: Guid(e5a2f11e9d7a4da4caf17b3e59800215) Importer(2089858483,0ecaa5967403d082aa24f35e1b516d23)
Start importing Assets/TerrainSampleAssets/TerrainBrushes/Terrainstamp_Volcano01_Brush.brush using Guid(e5a2f11e9d7a4da4caf17b3e59800215) Importer(2089858483,0ecaa5967403d082aa24f35e1b516d23) [PhysX] Initialized MultithreadedTaskDispatcher with 8 workers.
 -> (artifact id: '543b6aac728081675d0961e21241d152') in 0.008000 seconds
Number of updated asset objects reloaded before import = 0
Number of asset objects unloaded after import = 2
========================================================================
Received Import Request.
  Time since last request: 0.000197 seconds.
  path: Assets/Course Library/Characters/Farm/SimpleFarmer_Woman_02_Brown.prefab
  artifactKey: Guid(610afbb40c4385d42aa33adfe3531f0a) Importer(2089858483,3d70f49cd1c2eb9ae422958d1c652c6b)
Start importing Assets/Course Library/Characters/Farm/SimpleFarmer_Woman_02_Brown.prefab using Guid(610afbb40c4385d42aa33adfe3531f0a) Importer(2089858483,3d70f49cd1c2eb9ae422958d1c652c6b) [PhysX] Initialized MultithreadedTaskDispatcher with 8 workers.
 -> (artifact id: '3c02a11e2fe1c62200b011037a410088') in 0.007347 seconds
Number of updated asset objects reloaded before import = 0
Number of asset objects unloaded after import = 69
========================================================================
Received Import Request.
  Time since last request: 0.000094 seconds.
  path: Assets/Course Library/Particles/FX_Smoke.prefab
  artifactKey: Guid(ab1112643ee572748b01dede71158272) Importer(2089858483,3d70f49cd1c2eb9ae422958d1c652c6b)
Start importing Assets/Course Library/Particles/FX_Smoke.prefab using Guid(ab1112643ee572748b01dede71158272) Importer(2089858483,3d70f49cd1c2eb9ae422958d1c652c6b) [PhysX] Initialized MultithreadedTaskDispatcher with 8 workers.
 -> (artifact id: 'ecd060f87b3bf811fae34e654e12d7dd') in 0.002446 seconds
Number of updated asset objects reloaded before import = 0
Number of asset objects unloaded after import = 7
========================================================================
Received Import Request.
  Time since last request: 0.000182 seconds.
  path: Assets/TerrainSampleAssets/Prefabs/Grass_A.prefab
  artifactKey: Guid(4e6885e0d11bd224fa27617a4657c329) Importer(2089858483,3d70f49cd1c2eb9ae422958d1c652c6b)
Start importing Assets/TerrainSampleAssets/Prefabs/Grass_A.prefab using Guid(4e6885e0d11bd224fa27617a4657c329) Importer(2089858483,3d70f49cd1c2eb9ae422958d1c652c6b) [PhysX] Initialized MultithreadedTaskDispatcher with 8 workers.
 -> (artifact id: '8dd6b1b59bf38bed9f8e7bd91cc0b248') in 0.002864 seconds
Number of updated asset objects reloaded before import = 0
Number of asset objects unloaded after import = 9
========================================================================
Received Import Request.
  Time since last request: 0.000181 seconds.
  path: Assets/TerrainSampleAssets/Prefabs/GrassDry_B.prefab
  artifactKey: Guid(3d4dd2affe15db043a6502ae256cd0d4) Importer(2089858483,0ecaa5967403d082aa24f35e1b516d23)
Start importing Assets/TerrainSampleAssets/Prefabs/GrassDry_B.prefab using Guid(3d4dd2affe15db043a6502ae256cd0d4) Importer(2089858483,0ecaa5967403d082aa24f35e1b516d23) [PhysX] Initialized MultithreadedTaskDispatcher with 8 workers.
 -> (artifact id: '1088ced4a794e4c8418eec2cb84a1bd9') in 0.003228 seconds
Number of updated asset objects reloaded before import = 0
Number of asset objects unloaded after import = 7
========================================================================
Received Import Request.
  Time since last request: 0.000323 seconds.
  path: Assets/TerrainSampleAssets/Prefabs/Heather_A.prefab
  artifactKey: Guid(cce04f533c148314abf74aff71206ec7) Importer(2089858483,0ecaa5967403d082aa24f35e1b516d23)
Start importing Assets/TerrainSampleAssets/Prefabs/Heather_A.prefab using Guid(cce04f533c148314abf74aff71206ec7) Importer(2089858483,0ecaa5967403d082aa24f35e1b516d23) [PhysX] Initialized MultithreadedTaskDispatcher with 8 workers.
 -> (artifact id: '89fc1d6e8ed75fa6fab86a663e5ee586') in 0.003224 seconds
Number of updated asset objects reloaded before import = 0
Number of asset objects unloaded after import = 7
========================================================================
Received Import Request.
  Time since last request: 0.000230 seconds.
  path: Assets/TerrainSampleAssets/Materials/Fern.asset
  artifactKey: Guid(405b9ff318b139d478492b258cc6f606) Importer(2089858483,0ecaa5967403d082aa24f35e1b516d23)
Start importing Assets/TerrainSampleAssets/Materials/Fern.asset using Guid(405b9ff318b139d478492b258cc6f606) Importer(2089858483,0ecaa5967403d082aa24f35e1b516d23) [PhysX] Initialized MultithreadedTaskDispatcher with 8 workers.
 -> (artifact id: 'f64664feb639a337c1ac88cc91d31cee') in 0.152278 seconds
Number of updated asset objects reloaded before import = 0
Number of asset objects unloaded after import = 6
========================================================================
Received Import Request.
  Time since last request: 0.000072 seconds.
  path: Assets/Prefabs/Enemy 1.prefab
  artifactKey: Guid(26f09c98fefd6438783ffcede902f94a) Importer(2089858483,3d70f49cd1c2eb9ae422958d1c652c6b)
Start importing Assets/Prefabs/Enemy 1.prefab using Guid(26f09c98fefd6438783ffcede902f94a) Importer(2089858483,3d70f49cd1c2eb9ae422958d1c652c6b) [PhysX] Initialized MultithreadedTaskDispatcher with 8 workers.
 -> (artifact id: 'cac59cabb43e23b53e239d094333d217') in 0.001851 seconds
Number of updated asset objects reloaded before import = 0
Number of asset objects unloaded after import = 10
========================================================================
Received Import Request.
  Time since last request: 0.000164 seconds.
  path: Assets/Settings/URP-Balanced.asset
  artifactKey: Guid(e1260c1148f6143b28bae5ace5e9c5d1) Importer(2089858483,0ecaa5967403d082aa24f35e1b516d23)
Start importing Assets/Settings/URP-Balanced.asset using Guid(e1260c1148f6143b28bae5ace5e9c5d1) Importer(2089858483,0ecaa5967403d082aa24f35e1b516d23) [PhysX] Initialized MultithreadedTaskDispatcher with 8 workers.
 -> (artifact id: '108d059098a49eccd03b85ef07915a41') in 0.015297 seconds
Number of updated asset objects reloaded before import = 0
Number of asset objects unloaded after import = 3
========================================================================
Received Import Request.
  Time since last request: 0.000168 seconds.
  path: Assets/Prefabs/Moon Fragment.prefab
  artifactKey: Guid(69ef9f789a9fa4279a8c084696a8f8f8) Importer(2089858483,0ecaa5967403d082aa24f35e1b516d23)
Start importing Assets/Prefabs/Moon Fragment.prefab using Guid(69ef9f789a9fa4279a8c084696a8f8f8) Importer(2089858483,0ecaa5967403d082aa24f35e1b516d23) [PhysX] Initialized MultithreadedTaskDispatcher with 8 workers.
 -> (artifact id: '4c32e409b1cefc623215125a8a7514cc') in 0.003194 seconds
Number of updated asset objects reloaded before import = 0
Number of asset objects unloaded after import = 7
========================================================================
Received Import Request.
  Time since last request: 0.000225 seconds.
  path: Assets/Course Library/Animals/Dogs/Dog_Pug_01.prefab
  artifactKey: Guid(c35f3b540532d1747b95a8a2eea9991d) Importer(2089858483,3d70f49cd1c2eb9ae422958d1c652c6b)
Start importing Assets/Course Library/Animals/Dogs/Dog_Pug_01.prefab using Guid(c35f3b540532d1747b95a8a2eea9991d) Importer(2089858483,3d70f49cd1c2eb9ae422958d1c652c6b) [PhysX] Initialized MultithreadedTaskDispatcher with 8 workers.
 -> (artifact id: '8c79b1ed4bc8feb0e16f1597a94ad2d8') in 0.019776 seconds
Number of updated asset objects reloaded before import = 0
Number of asset objects unloaded after import = 244
========================================================================
Received Import Request.
  Time since last request: 0.000122 seconds.
  path: Assets/TerrainSampleAssets/TerrainBrushes/Terrainstamp_Mountain10_Brush.brush
  artifactKey: Guid(a84a003f62212dd48b832a72ba178a49) Importer(2089858483,0ecaa5967403d082aa24f35e1b516d23)
Start importing Assets/TerrainSampleAssets/TerrainBrushes/Terrainstamp_Mountain10_Brush.brush using Guid(a84a003f62212dd48b832a72ba178a49) Importer(2089858483,0ecaa5967403d082aa24f35e1b516d23) [PhysX] Initialized MultithreadedTaskDispatcher with 8 workers.
 -> (artifact id: '42d81e9c0e7c28c7664741db12b63406') in 0.010807 seconds
Number of updated asset objects reloaded before import = 0
Number of asset objects unloaded after import = 2
========================================================================
Received Import Request.
  Time since last request: 0.000213 seconds.
  path: Assets/Course Library/Fonts/Baloo_Chettan/BalooChettan-Regular SDF.asset
  artifactKey: Guid(31706cb8c8e1e4d99bb4d0a39c952ca2) Importer(2089858483,3d70f49cd1c2eb9ae422958d1c652c6b)
Start importing Assets/Course Library/Fonts/Baloo_Chettan/BalooChettan-Regular SDF.asset using Guid(31706cb8c8e1e4d99bb4d0a39c952ca2) Importer(2089858483,3d70f49cd1c2eb9ae422958d1c652c6b) [PhysX] Initialized MultithreadedTaskDispatcher with 8 workers.
 -> (artifact id: '7dc9a1a68aaebbb9f19f8fd7a8b9cdba') in 0.010272 seconds
Number of updated asset objects reloaded before import = 0
Number of asset objects unloaded after import = 2
========================================================================
Received Import Request.
  Time since last request: 0.000317 seconds.
  path: Assets/Course Library/Particles/FX_Fireworks_Green_Small.prefab
  artifactKey: Guid(cd4d7020429cde74db076ffa72495419) Importer(2089858483,0ecaa5967403d082aa24f35e1b516d23)
Start importing Assets/Course Library/Particles/FX_Fireworks_Green_Small.prefab using Guid(cd4d7020429cde74db076ffa72495419) Importer(2089858483,0ecaa5967403d082aa24f35e1b516d23) [PhysX] Initialized MultithreadedTaskDispatcher with 8 workers.
 -> (artifact id: 'e6807df78e1ddb86b074d2ffc48676bd') in 0.016901 seconds
Number of updated asset objects reloaded before import = 0
Number of asset objects unloaded after import = 6
========================================================================
Received Import Request.
  Time since last request: 0.000536 seconds.
  path: Assets/Course Library/Characters/Town/SimplePeople_Woman_Waitress_Brown.prefab
  artifactKey: Guid(882e87ba7c26a9d47a4f001002357e94) Importer(2089858483,3d70f49cd1c2eb9ae422958d1c652c6b)
Start importing Assets/Course Library/Characters/Town/SimplePeople_Woman_Waitress_Brown.prefab using Guid(882e87ba7c26a9d47a4f001002357e94) Importer(2089858483,3d70f49cd1c2eb9ae422958d1c652c6b) [PhysX] Initialized MultithreadedTaskDispatcher with 8 workers.
 -> (artifact id: '5e8522746f72f2ec1795af0e0c364345') in 0.013518 seconds
Number of updated asset objects reloaded before import = 0
Number of asset objects unloaded after import = 98
========================================================================
Received Import Request.
  Time since last request: 0.000071 seconds.
  path: Assets/Course Library/Objects/Food/Food_Wine_01.prefab
  artifactKey: Guid(ca03aa5ab3af9f147aa60e7b8d131fe3) Importer(2089858483,3d70f49cd1c2eb9ae422958d1c652c6b)
Start importing Assets/Course Library/Objects/Food/Food_Wine_01.prefab using Guid(ca03aa5ab3af9f147aa60e7b8d131fe3) Importer(2089858483,3d70f49cd1c2eb9ae422958d1c652c6b) [PhysX] Initialized MultithreadedTaskDispatcher with 8 workers.
 -> (artifact id: '485fa9f6d112318338d08549f7b33c57') in 0.002284 seconds
Number of updated asset objects reloaded before import = 0
Number of asset objects unloaded after import = 8
========================================================================
Received Import Request.
  Time since last request: 0.000387 seconds.
  path: Assets/Course Library/Objects/Pickups/MultiplierIcon.prefab
  artifactKey: Guid(ceb1bef3d4abc9344b89436369737113) Importer(2089858483,3d70f49cd1c2eb9ae422958d1c652c6b)
Start importing Assets/Course Library/Objects/Pickups/MultiplierIcon.prefab using Guid(ceb1bef3d4abc9344b89436369737113) Importer(2089858483,3d70f49cd1c2eb9ae422958d1c652c6b) [PhysX] Initialized MultithreadedTaskDispatcher with 8 workers.
 -> (artifact id: '775bea3c8eb6bbc389694211a5c440c1') in 0.003342 seconds
Number of updated asset objects reloaded before import = 0
Number of asset objects unloaded after import = 8
========================================================================
Received Import Request.
  Time since last request: 0.000262 seconds.
  path: Assets/Course Library/Objects/Obstacles/Crate_Question_01.prefab
  artifactKey: Guid(d19c36dc5f97d444fa54380cf09bd828) Importer(2089858483,3d70f49cd1c2eb9ae422958d1c652c6b)
Start importing Assets/Course Library/Objects/Obstacles/Crate_Question_01.prefab using Guid(d19c36dc5f97d444fa54380cf09bd828) Importer(2089858483,3d70f49cd1c2eb9ae422958d1c652c6b) [PhysX] Initialized MultithreadedTaskDispatcher with 8 workers.
 -> (artifact id: '84a625ccf7dc4e3a0ca09169843da187') in 0.003056 seconds
Number of updated asset objects reloaded before import = 0
Number of asset objects unloaded after import = 9
========================================================================
Received Import Request.
  Time since last request: 0.000042 seconds.
  path: Assets/Course Library/Objects/Pickups/Star_01.prefab
  artifactKey: Guid(7bc251a7285632341a306c70a8f1cfbe) Importer(2089858483,3d70f49cd1c2eb9ae422958d1c652c6b)
Start importing Assets/Course Library/Objects/Pickups/Star_01.prefab using Guid(7bc251a7285632341a306c70a8f1cfbe) Importer(2089858483,3d70f49cd1c2eb9ae422958d1c652c6b) [PhysX] Initialized MultithreadedTaskDispatcher with 8 workers.
 -> (artifact id: 'dee28cd27882a700032b33b6a421678b') in 0.002024 seconds
Number of updated asset objects reloaded before import = 0
Number of asset objects unloaded after import = 8
========================================================================
Received Import Request.
  Time since last request: 0.000237 seconds.
  path: Assets/Course Library/Objects/Pickups/RepairIcon.prefab
  artifactKey: Guid(510349479745aac4b9209e9326e42601) Importer(2089858483,3d70f49cd1c2eb9ae422958d1c652c6b)
Start importing Assets/Course Library/Objects/Pickups/RepairIcon.prefab using Guid(510349479745aac4b9209e9326e42601) Importer(2089858483,3d70f49cd1c2eb9ae422958d1c652c6b) [PhysX] Initialized MultithreadedTaskDispatcher with 8 workers.
 -> (artifact id: 'd02a5fbdc8470d968bc69d6d32e0be83') in 0.002230 seconds
Number of updated asset objects reloaded before import = 0
Number of asset objects unloaded after import = 8
========================================================================
Received Import Request.
  Time since last request: 0.000206 seconds.
  path: Assets/Course Library/Objects/Pickups/DollarSign.prefab
  artifactKey: Guid(a8a06204dcfa9784b86eba87c2e0a1a2) Importer(2089858483,3d70f49cd1c2eb9ae422958d1c652c6b)
Start importing Assets/Course Library/Objects/Pickups/DollarSign.prefab using Guid(a8a06204dcfa9784b86eba87c2e0a1a2) Importer(2089858483,3d70f49cd1c2eb9ae422958d1c652c6b) [PhysX] Initialized MultithreadedTaskDispatcher with 8 workers.
 -> (artifact id: '9eb40a6e8f331935f1f149b6d943f4e9') in 0.002415 seconds
Number of updated asset objects reloaded before import = 0
Number of asset objects unloaded after import = 8
========================================================================
Received Import Request.
  Time since last request: 0.000323 seconds.
  path: Assets/Course Library/Objects/Obstacles/SM_Tree_Log_02.prefab
  artifactKey: Guid(9020d2933ec6c0544965ea4b12952c42) Importer(2089858483,3d70f49cd1c2eb9ae422958d1c652c6b)
Start importing Assets/Course Library/Objects/Obstacles/SM_Tree_Log_02.prefab using Guid(9020d2933ec6c0544965ea4b12952c42) Importer(2089858483,3d70f49cd1c2eb9ae422958d1c652c6b) [PhysX] Initialized MultithreadedTaskDispatcher with 8 workers.
 -> (artifact id: '2910032dd0ce34d1bf5c7668c59782c3') in 0.002291 seconds
Number of updated asset objects reloaded before import = 0
Number of asset objects unloaded after import = 8
========================================================================
Received Import Request.
  Time since last request: 0.000173 seconds.
  path: Assets/Course Library/Objects/Pickups/RadiationIcon.prefab
  artifactKey: Guid(6f3d65a695e7abd46bde807842983d4a) Importer(2089858483,3d70f49cd1c2eb9ae422958d1c652c6b)
Start importing Assets/Course Library/Objects/Pickups/RadiationIcon.prefab using Guid(6f3d65a695e7abd46bde807842983d4a) Importer(2089858483,3d70f49cd1c2eb9ae422958d1c652c6b) [PhysX] Initialized MultithreadedTaskDispatcher with 8 workers.
 -> (artifact id: '506fb751b7bb2d4c6bf9c3bc9d5085c0') in 0.002057 seconds
Number of updated asset objects reloaded before import = 0
Number of asset objects unloaded after import = 8
========================================================================
Received Import Request.
  Time since last request: 0.000154 seconds.
  path: Assets/Course Library/Objects/Indicators/SelectionRing_02.prefab
  artifactKey: Guid(923deea38dc6a8843b15db7638919c1e) Importer(2089858483,3d70f49cd1c2eb9ae422958d1c652c6b)
Start importing Assets/Course Library/Objects/Indicators/SelectionRing_02.prefab using Guid(923deea38dc6a8843b15db7638919c1e) Importer(2089858483,3d70f49cd1c2eb9ae422958d1c652c6b) [PhysX] Initialized MultithreadedTaskDispatcher with 8 workers.
 -> (artifact id: '8594ca1a0cdfd1c35b44888997e0f5a7') in 0.002227 seconds
Number of updated asset objects reloaded before import = 0
Number of asset objects unloaded after import = 8
========================================================================
Received Import Request.
  Time since last request: 0.000315 seconds.
  path: Assets/TutorialInfo/Layout.wlt
  artifactKey: Guid(eabc9546105bf4accac1fd62a63e88e6) Importer(2089858483,0ecaa5967403d082aa24f35e1b516d23)
Start importing Assets/TutorialInfo/Layout.wlt using Guid(eabc9546105bf4accac1fd62a63e88e6) Importer(2089858483,0ecaa5967403d082aa24f35e1b516d23) [PhysX] Initialized MultithreadedTaskDispatcher with 8 workers.
 -> (artifact id: 'a33427ce7217a22d205c7d6abc2ca43a') in 0.001306 seconds
Number of updated asset objects reloaded before import = 0
Number of asset objects unloaded after import = 1
========================================================================
Received Import Request.
  Time since last request: 0.000244 seconds.
  path: Assets/TerrainSampleAssets/TerrainLayers/Heather_TerrainLayer.terrainlayer
  artifactKey: Guid(795e383430200a14bb52726e97a0e7f4) Importer(2089858483,0ecaa5967403d082aa24f35e1b516d23)
Start importing Assets/TerrainSampleAssets/TerrainLayers/Heather_TerrainLayer.terrainlayer using Guid(795e383430200a14bb52726e97a0e7f4) Importer(2089858483,0ecaa5967403d082aa24f35e1b516d23) [PhysX] Initialized MultithreadedTaskDispatcher with 8 workers.
 -> (artifact id: '9794f1a5e63f88932a37192271d45754') in 0.014738 seconds
Number of updated asset objects reloaded before import = 0
Number of asset objects unloaded after import = 4
========================================================================
Received Import Request.
  Time since last request: 0.000243 seconds.
  path: Assets/Course Library/Objects/Indicators/SelectionRing_03.prefab
  artifactKey: Guid(1656aec7f2b3ffe45a91801f58b00253) Importer(2089858483,3d70f49cd1c2eb9ae422958d1c652c6b)
Start importing Assets/Course Library/Objects/Indicators/SelectionRing_03.prefab using Guid(1656aec7f2b3ffe45a91801f58b00253) Importer(2089858483,3d70f49cd1c2eb9ae422958d1c652c6b) [PhysX] Initialized MultithreadedTaskDispatcher with 8 workers.
 -> (artifact id: 'f9d78e4de5c2375bf3035b5157e5b78d') in 0.002957 seconds
Number of updated asset objects reloaded before import = 0
Number of asset objects unloaded after import = 8
========================================================================
Received Import Request.
  Time since last request: 0.000338 seconds.
  path: Assets/Course Library/Particles/FX_Fireworks_Blue_Large.prefab
  artifactKey: Guid(5702e2a6fea804b45b49b70d8feaf7ae) Importer(2089858483,0ecaa5967403d082aa24f35e1b516d23)
Start importing Assets/Course Library/Particles/FX_Fireworks_Blue_Large.prefab using Guid(5702e2a6fea804b45b49b70d8feaf7ae) Importer(2089858483,0ecaa5967403d082aa24f35e1b516d23) [PhysX] Initialized MultithreadedTaskDispatcher with 8 workers.
 -> (artifact id: '265dbf6b8be2ea37e65dce5918c9f217') in 0.016089 seconds
Number of updated asset objects reloaded before import = 0
Number of asset objects unloaded after import = 6
========================================================================
Received Import Request.
  Time since last request: 0.000071 seconds.
  path: Assets/TerrainSampleAssets/Prefabs/GrassDry_C.prefab
  artifactKey: Guid(8aa8def6286fc784ba128570ec475974) Importer(2089858483,0ecaa5967403d082aa24f35e1b516d23)
Start importing Assets/TerrainSampleAssets/Prefabs/GrassDry_C.prefab using Guid(8aa8def6286fc784ba128570ec475974) Importer(2089858483,0ecaa5967403d082aa24f35e1b516d23) [PhysX] Initialized MultithreadedTaskDispatcher with 8 workers.
 -> (artifact id: 'a92a216376696b203362ce7446f8db50') in 0.003027 seconds
Number of updated asset objects reloaded before import = 0
Number of asset objects unloaded after import = 7
========================================================================
Received Import Request.
  Time since last request: 0.000291 seconds.
  path: Assets/Course Library/Characters/Farm/SimpleFarmer_Man_01_White.prefab
  artifactKey: Guid(3bd8a450fcb589542a7843ea7bda2ee6) Importer(2089858483,3d70f49cd1c2eb9ae422958d1c652c6b)
Start importing Assets/Course Library/Characters/Farm/SimpleFarmer_Man_01_White.prefab using Guid(3bd8a450fcb589542a7843ea7bda2ee6) Importer(2089858483,3d70f49cd1c2eb9ae422958d1c652c6b) [PhysX] Initialized MultithreadedTaskDispatcher with 8 workers.
 -> (artifact id: '7417dbb76630401ba9703a3a11082c87') in 0.006560 seconds
Number of updated asset objects reloaded before import = 0
Number of asset objects unloaded after import = 69
========================================================================
Received Import Request.
  Time since last request: 0.000159 seconds.
  path: Assets/TerrainSampleAssets/TerrainBrushes/Terrainstamp_Canyon01_Brush.brush
  artifactKey: Guid(9b1536174e1306f4eb016fe953e5a678) Importer(2089858483,0ecaa5967403d082aa24f35e1b516d23)
Start importing Assets/TerrainSampleAssets/TerrainBrushes/Terrainstamp_Canyon01_Brush.brush using Guid(9b1536174e1306f4eb016fe953e5a678) Importer(2089858483,0ecaa5967403d082aa24f35e1b516d23) [PhysX] Initialized MultithreadedTaskDispatcher with 8 workers.
 -> (artifact id: '4bf937bd2540306930a6b9e095577fa9') in 0.003334 seconds
Number of updated asset objects reloaded before import = 0
Number of asset objects unloaded after import = 2
========================================================================
Received Import Request.
  Time since last request: 0.000158 seconds.
  path: Assets/Course Library/Animals/Dogs/Dog_BorderCollie_01.prefab
  artifactKey: Guid(d3273ee892cdcf749a22b49daf393a91) Importer(2089858483,0ecaa5967403d082aa24f35e1b516d23)
Start importing Assets/Course Library/Animals/Dogs/Dog_BorderCollie_01.prefab using Guid(d3273ee892cdcf749a22b49daf393a91) Importer(2089858483,0ecaa5967403d082aa24f35e1b516d23) [PhysX] Initialized MultithreadedTaskDispatcher with 8 workers.
 -> (artifact id: '0bfbbf3b6ec888b9ce3fea0c678ad86d') in 0.028837 seconds
Number of updated asset objects reloaded before import = 0
Number of asset objects unloaded after import = 269
========================================================================
Received Import Request.
  Time since last request: 0.000049 seconds.
  path: Assets/Course Library/Animals/Farm/Animal_Cow_White.prefab
  artifactKey: Guid(85de8c5eef336ad48900b2ac3e7bf65d) Importer(2089858483,0ecaa5967403d082aa24f35e1b516d23)
Start importing Assets/Course Library/Animals/Farm/Animal_Cow_White.prefab using Guid(85de8c5eef336ad48900b2ac3e7bf65d) Importer(2089858483,0ecaa5967403d082aa24f35e1b516d23) [PhysX] Initialized MultithreadedTaskDispatcher with 8 workers.
 -> (artifact id: 'ff04f4e84b2febd5c704b3244922f444') in 0.014622 seconds
Number of updated asset objects reloaded before import = 0
Number of asset objects unloaded after import = 123
========================================================================
Received Import Request.
  Time since last request: 0.000940 seconds.
  path: Assets/Course Library/Characters/Farm/SimpleFarmer_Woman_01_White.prefab
  artifactKey: Guid(3cf7f489270aac84fb12901330960a5b) Importer(2089858483,0ecaa5967403d082aa24f35e1b516d23)
Start importing Assets/Course Library/Characters/Farm/SimpleFarmer_Woman_01_White.prefab using Guid(3cf7f489270aac84fb12901330960a5b) Importer(2089858483,0ecaa5967403d082aa24f35e1b516d23) [PhysX] Initialized MultithreadedTaskDispatcher with 8 workers.
 -> (artifact id: 'f1a690e3fb03e31d6a4f4aff590a5e67') in 0.022131 seconds
Number of updated asset objects reloaded before import = 0
Number of asset objects unloaded after import = 348
========================================================================
Received Import Request.
  Time since last request: 0.002520 seconds.
  path: Assets/Course Library/Characters/Farm/SimpleFarmer_Man_02_Black.prefab
  artifactKey: Guid(fc01a3bb589cebc4aa10892db165243b) Importer(2089858483,0ecaa5967403d082aa24f35e1b516d23)
Start importing Assets/Course Library/Characters/Farm/SimpleFarmer_Man_02_Black.prefab using Guid(fc01a3bb589cebc4aa10892db165243b) Importer(2089858483,0ecaa5967403d082aa24f35e1b516d23) [PhysX] Initialized MultithreadedTaskDispatcher with 8 workers.
 -> (artifact id: '59c9face6608c8badaecc2a1cf24b0ab') in 0.013020 seconds
Number of updated asset objects reloaded before import = 0
Number of asset objects unloaded after import = 348
========================================================================
Received Import Request.
  Time since last request: 0.000802 seconds.
  path: Assets/Course Library/Animals/Forest/Animal_Doe_02.prefab
  artifactKey: Guid(2fdf2b8525a6fa54ba867925b16564e3) Importer(2089858483,0ecaa5967403d082aa24f35e1b516d23)
Start importing Assets/Course Library/Animals/Forest/Animal_Doe_02.prefab using Guid(2fdf2b8525a6fa54ba867925b16564e3) Importer(2089858483,0ecaa5967403d082aa24f35e1b516d23) [PhysX] Initialized MultithreadedTaskDispatcher with 8 workers.
 -> (artifact id: 'ea55ceac5801ca67ae064b35cd914721') in 0.009524 seconds
Number of updated asset objects reloaded before import = 0
Number of asset objects unloaded after import = 57
========================================================================
Received Import Request.
  Time since last request: 0.000623 seconds.
  path: Assets/Course Library/Animals/Farm/Animal_Cow_Brown.prefab
  artifactKey: Guid(50f1d192ccb21a24b95a7e4e403a9bb5) Importer(2089858483,0ecaa5967403d082aa24f35e1b516d23)
Start importing Assets/Course Library/Animals/Farm/Animal_Cow_Brown.prefab using Guid(50f1d192ccb21a24b95a7e4e403a9bb5) Importer(2089858483,0ecaa5967403d082aa24f35e1b516d23) [PhysX] Initialized MultithreadedTaskDispatcher with 8 workers.
 -> (artifact id: '6bc73b4447748742ec228e712943b7a2') in 0.024668 seconds
Number of updated asset objects reloaded before import = 0
Number of asset objects unloaded after import = 123
========================================================================
Received Import Request.
  Time since last request: 0.000426 seconds.
  path: Assets/Course Library/Audio/Music/cron_audio_8-bit_modern03.ogg
  artifactKey: Guid(6a18b0f0ad4184306ab380a48ebc3832) Importer(2089858483,0ecaa5967403d082aa24f35e1b516d23)
Start importing Assets/Course Library/Audio/Music/cron_audio_8-bit_modern03.ogg using Guid(6a18b0f0ad4184306ab380a48ebc3832) Importer(2089858483,0ecaa5967403d082aa24f35e1b516d23) [PhysX] Initialized MultithreadedTaskDispatcher with 8 workers.
 -> (artifact id: 'fb2d8be1fba03ede37aae98d356b9091') in 0.083139 seconds
Number of updated asset objects reloaded before import = 0
Number of asset objects unloaded after import = 1
========================================================================
Received Import Request.
  Time since last request: 0.000592 seconds.
  path: Assets/Course Library/Animals/Forest/Animal_Stag_01.prefab
  artifactKey: Guid(ff249e9534924c744bdfa6a3d2d1746c) Importer(2089858483,0ecaa5967403d082aa24f35e1b516d23)
Start importing Assets/Course Library/Animals/Forest/Animal_Stag_01.prefab using Guid(ff249e9534924c744bdfa6a3d2d1746c) Importer(2089858483,0ecaa5967403d082aa24f35e1b516d23) [PhysX] Initialized MultithreadedTaskDispatcher with 8 workers.
 -> (artifact id: '73c7f33b4cc17fea856bd32c0bcc9054') in 0.006398 seconds
Number of updated asset objects reloaded before import = 0
Number of asset objects unloaded after import = 57
========================================================================
Received Import Request.
  Time since last request: 0.000771 seconds.
  path: Assets/Course Library/Animals/Farm/Animal_Rooster_Brown.prefab
  artifactKey: Guid(3fe800c166ae0d04881a20247bde736d) Importer(2089858483,0ecaa5967403d082aa24f35e1b516d23)
Start importing Assets/Course Library/Animals/Farm/Animal_Rooster_Brown.prefab using Guid(3fe800c166ae0d04881a20247bde736d) Importer(2089858483,0ecaa5967403d082aa24f35e1b516d23) [PhysX] Initialized MultithreadedTaskDispatcher with 8 workers.
 -> (artifact id: '96672925ee5f845d7a5e44ca5f4fc5e6') in 0.005601 seconds
Number of updated asset objects reloaded before import = 0
Number of asset objects unloaded after import = 83
========================================================================
Received Import Request.
  Time since last request: 0.000028 seconds.
  path: Assets/Course Library/Animals/Farm/Animal_Chicken_White.prefab
  artifactKey: Guid(9bf484c5ec3d3bf43b2034c829f1abbe) Importer(2089858483,0ecaa5967403d082aa24f35e1b516d23)
Start importing Assets/Course Library/Animals/Farm/Animal_Chicken_White.prefab using Guid(9bf484c5ec3d3bf43b2034c829f1abbe) Importer(2089858483,0ecaa5967403d082aa24f35e1b516d23) [PhysX] Initialized MultithreadedTaskDispatcher with 8 workers.
 -> (artifact id: 'faf60652df44ce9c740074f1ddcd3334') in 0.006598 seconds
Number of updated asset objects reloaded before import = 0
Number of asset objects unloaded after import = 83
========================================================================
Received Import Request.
  Time since last request: 0.000178 seconds.
  path: Assets/Course Library/Characters/Farm/SimpleFarmer_Woman_02_Black.prefab
  artifactKey: Guid(0e1316a3e46fdb349b6ff648610a1d71) Importer(2089858483,0ecaa5967403d082aa24f35e1b516d23)
Start importing Assets/Course Library/Characters/Farm/SimpleFarmer_Woman_02_Black.prefab using Guid(0e1316a3e46fdb349b6ff648610a1d71) Importer(2089858483,0ecaa5967403d082aa24f35e1b516d23) [PhysX] Initialized MultithreadedTaskDispatcher with 8 workers.
 -> (artifact id: 'beedf472b7e890106be8832e04c021b6') in 0.017697 seconds
Number of updated asset objects reloaded before import = 0
Number of asset objects unloaded after import = 348
========================================================================
Received Import Request.
  Time since last request: 0.004659 seconds.
  path: Assets/Course Library/Audio/Music/cron_audio_8-bit_retro01.ogg
  artifactKey: Guid(0d60be2280dc244908dd843c81666b11) Importer(2089858483,0ecaa5967403d082aa24f35e1b516d23)
Start importing Assets/Course Library/Audio/Music/cron_audio_8-bit_retro01.ogg using Guid(0d60be2280dc244908dd843c81666b11) Importer(2089858483,0ecaa5967403d082aa24f35e1b516d23) [PhysX] Initialized MultithreadedTaskDispatcher with 8 workers.
 -> (artifact id: '95e7bd9ddcc6425e6700f89b7d8f1d76') in 0.128754 seconds
Number of updated asset objects reloaded before import = 0
Number of asset objects unloaded after import = 1
========================================================================
Received Import Request.
  Time since last request: 0.014844 seconds.
  path: Assets/Course Library/Vehicles/Planes/Small_Plane02.prefab
  artifactKey: Guid(af29f0ea7e5403641b3b244ede69c374) Importer(2089858483,3d70f49cd1c2eb9ae422958d1c652c6b)
Start importing Assets/Course Library/Vehicles/Planes/Small_Plane02.prefab using Guid(af29f0ea7e5403641b3b244ede69c374) Importer(2089858483,3d70f49cd1c2eb9ae422958d1c652c6b) [PhysX] Initialized MultithreadedTaskDispatcher with 8 workers.
 -> (artifact id: '47b13ea318deb4fbaafe290f35b1005d') in 0.002896 seconds
Number of updated asset objects reloaded before import = 0
Number of asset objects unloaded after import = 13
========================================================================
Received Import Request.
  Time since last request: 0.002077 seconds.
  path: Assets/Course Library/Vehicles/Planes/Plane_Propellor01.prefab
  artifactKey: Guid(2a9b1ebd3cb507148833665f977d3fee) Importer(2089858483,3d70f49cd1c2eb9ae422958d1c652c6b)
Start importing Assets/Course Library/Vehicles/Planes/Plane_Propellor01.prefab using Guid(2a9b1ebd3cb507148833665f977d3fee) Importer(2089858483,3d70f49cd1c2eb9ae422958d1c652c6b) [PhysX] Initialized MultithreadedTaskDispatcher with 8 workers.
 -> (artifact id: 'cf48cf31f62fd6b42f0999c5fa835b5a') in 0.006852 seconds
Number of updated asset objects reloaded before import = 0
Number of asset objects unloaded after import = 33
========================================================================
Received Import Request.
  Time since last request: 0.008031 seconds.
  path: Assets/Course Library/Objects/Props/FieldGunRound_01.prefab
  artifactKey: Guid(f127d05270a025740aac64185803fd55) Importer(2089858483,3d70f49cd1c2eb9ae422958d1c652c6b)
Start importing Assets/Course Library/Objects/Props/FieldGunRound_01.prefab using Guid(f127d05270a025740aac64185803fd55) Importer(2089858483,3d70f49cd1c2eb9ae422958d1c652c6b) [PhysX] Initialized MultithreadedTaskDispatcher with 8 workers.
 -> (artifact id: '441aebf21bf24f2d80bb047542351045') in 0.003090 seconds
Number of updated asset objects reloaded before import = 0
Number of asset objects unloaded after import = 8
========================================================================
Received Import Request.
  Time since last request: 0.005470 seconds.
  path: Assets/Course Library/Audio/Music/cron_audio_8-bit_retro02.ogg
  artifactKey: Guid(c7e60bab38a9b49609a5f27296676b26) Importer(2089858483,0ecaa5967403d082aa24f35e1b516d23)
Start importing Assets/Course Library/Audio/Music/cron_audio_8-bit_retro02.ogg using Guid(c7e60bab38a9b49609a5f27296676b26) Importer(2089858483,0ecaa5967403d082aa24f35e1b516d23) [PhysX] Initialized MultithreadedTaskDispatcher with 8 workers.
 -> (artifact id: '01405d92131d450787b2294c20f0ef06') in 0.130657 seconds
Number of updated asset objects reloaded before import = 0
Number of asset objects unloaded after import = 1
========================================================================
Received Import Request.
  Time since last request: 0.009444 seconds.
  path: Assets/Course Library/Characters/Farm/SimpleFarmer_Woman_02_White.prefab
  artifactKey: Guid(7169122e91e1981469b2b6045ddf7963) Importer(2089858483,0ecaa5967403d082aa24f35e1b516d23)
Start importing Assets/Course Library/Characters/Farm/SimpleFarmer_Woman_02_White.prefab using Guid(7169122e91e1981469b2b6045ddf7963) Importer(2089858483,0ecaa5967403d082aa24f35e1b516d23) [PhysX] Initialized MultithreadedTaskDispatcher with 8 workers.
 -> (artifact id: '895eaddb5868b0b94a8f2d67bdae7cdc') in 0.012100 seconds
Number of updated asset objects reloaded before import = 0
Number of asset objects unloaded after import = 348
========================================================================
Received Import Request.
  Time since last request: 0.003519 seconds.
  path: Assets/Course Library/Characters/Town/SimplePeople_Woman_Doctor_White.prefab
  artifactKey: Guid(d70170446aa035f40a2429d04ab83ea6) Importer(2089858483,0ecaa5967403d082aa24f35e1b516d23)
Start importing Assets/Course Library/Characters/Town/SimplePeople_Woman_Doctor_White.prefab using Guid(d70170446aa035f40a2429d04ab83ea6) Importer(2089858483,0ecaa5967403d082aa24f35e1b516d23) [PhysX] Initialized MultithreadedTaskDispatcher with 8 workers.
 -> (artifact id: '8a0ce55e64ee1132d72a6a0b30579ca0') in 0.025311 seconds
Number of updated asset objects reloaded before import = 0
Number of asset objects unloaded after import = 400
========================================================================
Received Import Request.
  Time since last request: 0.002910 seconds.
  path: Assets/Course Library/Environments/Ground/Ground_Tile_Cube_FloatingIsland_01.prefab
  artifactKey: Guid(c18b0566c0ca32548acca53d337698db) Importer(2089858483,0ecaa5967403d082aa24f35e1b516d23)
Start importing Assets/Course Library/Environments/Ground/Ground_Tile_Cube_FloatingIsland_01.prefab using Guid(c18b0566c0ca32548acca53d337698db) Importer(2089858483,0ecaa5967403d082aa24f35e1b516d23) [PhysX] Initialized MultithreadedTaskDispatcher with 8 workers.
 -> (artifact id: '6ae41dc6917095f13641dd9840bcac6b') in 0.006493 seconds
Number of updated asset objects reloaded before import = 0
Number of asset objects unloaded after import = 7
========================================================================
Received Import Request.
  Time since last request: 0.006209 seconds.
  path: Assets/Course Library/Environments/Ground/Ground_Tile_Hex_Flat_01.prefab
  artifactKey: Guid(f610f1f30b970024b86dcc1a05308bc8) Importer(2089858483,0ecaa5967403d082aa24f35e1b516d23)
Start importing Assets/Course Library/Environments/Ground/Ground_Tile_Hex_Flat_01.prefab using Guid(f610f1f30b970024b86dcc1a05308bc8) Importer(2089858483,0ecaa5967403d082aa24f35e1b516d23) [PhysX] Initialized MultithreadedTaskDispatcher with 8 workers.
 -> (artifact id: 'b207cd210288aea9ba76a0d5bc1090eb') in 0.010324 seconds
Number of updated asset objects reloaded before import = 0
Number of asset objects unloaded after import = 8
========================================================================
Received Import Request.
  Time since last request: 0.002596 seconds.
  path: Assets/Course Library/Characters/Town/SimplePeople_Woman_Doctor_Brown.prefab
  artifactKey: Guid(f19c9246d91b3d5488c65e0539de4da2) Importer(2089858483,0ecaa5967403d082aa24f35e1b516d23)
Start importing Assets/Course Library/Characters/Town/SimplePeople_Woman_Doctor_Brown.prefab using Guid(f19c9246d91b3d5488c65e0539de4da2) Importer(2089858483,0ecaa5967403d082aa24f35e1b516d23) [PhysX] Initialized MultithreadedTaskDispatcher with 8 workers.
 -> (artifact id: '1a65a89d850ac6a96c683768b41ebf8d') in 0.017550 seconds
Number of updated asset objects reloaded before import = 0
Number of asset objects unloaded after import = 400
========================================================================
Received Import Request.
  Time since last request: 0.006053 seconds.
  path: Assets/Course Library/Fonts/Exo_2/Exo2-Regular.ttf
  artifactKey: Guid(3a70ad0bbaee8473c80840c8766769c1) Importer(2089858483,0ecaa5967403d082aa24f35e1b516d23)
Start importing Assets/Course Library/Fonts/Exo_2/Exo2-Regular.ttf using Guid(3a70ad0bbaee8473c80840c8766769c1) Importer(2089858483,0ecaa5967403d082aa24f35e1b516d23) [PhysX] Initialized MultithreadedTaskDispatcher with 8 workers.
 -> (artifact id: '1fc8927cabfeeb36463347cd94f5bd47') in 0.015991 seconds
Number of updated asset objects reloaded before import = 0
Number of asset objects unloaded after import = 3
========================================================================
Received Import Request.
  Time since last request: 0.000748 seconds.
  path: Assets/Course Library/Characters/Town/SimplePeople_Man_RoadWorker_White.prefab
  artifactKey: Guid(0703a1849c2c89b4db4568688faf0c5f) Importer(2089858483,0ecaa5967403d082aa24f35e1b516d23)
Start importing Assets/Course Library/Characters/Town/SimplePeople_Man_RoadWorker_White.prefab using Guid(0703a1849c2c89b4db4568688faf0c5f) Importer(2089858483,0ecaa5967403d082aa24f35e1b516d23) [PhysX] Initialized MultithreadedTaskDispatcher with 8 workers.
 -> (artifact id: 'bcd7127333ea57ad169131ed364c8118') in 0.024065 seconds
Number of updated asset objects reloaded before import = 0
Number of asset objects unloaded after import = 400
========================================================================
Received Import Request.
  Time since last request: 0.000497 seconds.
  path: Assets/Course Library/Environments/Sky/MountainSkybox.prefab
  artifactKey: Guid(5f0963a629b97442587b7f3ece766e42) Importer(2089858483,0ecaa5967403d082aa24f35e1b516d23)
Start importing Assets/Course Library/Environments/Sky/MountainSkybox.prefab using Guid(5f0963a629b97442587b7f3ece766e42) Importer(2089858483,0ecaa5967403d082aa24f35e1b516d23) [PhysX] Initialized MultithreadedTaskDispatcher with 8 workers.
 -> (artifact id: '7b45bee946ee85ebda024ab3880123e0') in 0.005455 seconds
Number of updated asset objects reloaded before import = 0
Number of asset objects unloaded after import = 7
========================================================================
Received Import Request.
  Time since last request: 0.000914 seconds.
  path: Assets/Course Library/Characters/Town/SimplePeople_Man_RoadWorker_Black.prefab
  artifactKey: Guid(3afad42cab5a57a4c9f19f8deaaf8689) Importer(2089858483,0ecaa5967403d082aa24f35e1b516d23)
Start importing Assets/Course Library/Characters/Town/SimplePeople_Man_RoadWorker_Black.prefab using Guid(3afad42cab5a57a4c9f19f8deaaf8689) Importer(2089858483,0ecaa5967403d082aa24f35e1b516d23) [PhysX] Initialized MultithreadedTaskDispatcher with 8 workers.
 -> (artifact id: '841caae19ecd0ef40eef7bd7ff9c1777') in 0.021484 seconds
Number of updated asset objects reloaded before import = 0
Number of asset objects unloaded after import = 400
========================================================================
Received Import Request.
  Time since last request: 0.003765 seconds.
  path: Assets/Course Library/Environments/Ground/Ground_Road.prefab
  artifactKey: Guid(d80c7433031fdee44bf3910c4b046ce7) Importer(2089858483,0ecaa5967403d082aa24f35e1b516d23)
Start importing Assets/Course Library/Environments/Ground/Ground_Road.prefab using Guid(d80c7433031fdee44bf3910c4b046ce7) Importer(2089858483,0ecaa5967403d082aa24f35e1b516d23) [PhysX] Initialized MultithreadedTaskDispatcher with 8 workers.
 -> (artifact id: '9449a9e59727451e02f7718b0ab5485c') in 0.005811 seconds
Number of updated asset objects reloaded before import = 0
Number of asset objects unloaded after import = 7
========================================================================
Received Import Request.
  Time since last request: 0.006545 seconds.
  path: Assets/Course Library/Characters/Town/SimplePeople_Woman_Waitress_Black.prefab
  artifactKey: Guid(20847b8e912bc604b99e748a676d067b) Importer(2089858483,0ecaa5967403d082aa24f35e1b516d23)
Start importing Assets/Course Library/Characters/Town/SimplePeople_Woman_Waitress_Black.prefab using Guid(20847b8e912bc604b99e748a676d067b) Importer(2089858483,0ecaa5967403d082aa24f35e1b516d23) [PhysX] Initialized MultithreadedTaskDispatcher with 8 workers.
 -> (artifact id: 'e25dd256626650c95caf106793ad9f78') in 0.015881 seconds
Number of updated asset objects reloaded before import = 0
Number of asset objects unloaded after import = 400
========================================================================
Received Import Request.
  Time since last request: 0.000243 seconds.
  path: Assets/Course Library/Environments/Sky/Clouds/Cloud_06.prefab
  artifactKey: Guid(c2391e8a6bdf5424194b61e41952a40a) Importer(2089858483,3d70f49cd1c2eb9ae422958d1c652c6b)
Start importing Assets/Course Library/Environments/Sky/Clouds/Cloud_06.prefab using Guid(c2391e8a6bdf5424194b61e41952a40a) Importer(2089858483,3d70f49cd1c2eb9ae422958d1c652c6b) [PhysX] Initialized MultithreadedTaskDispatcher with 8 workers.
 -> (artifact id: 'd1e9b9cbe97bbb0b8816103c1be4821b') in 0.004614 seconds
Number of updated asset objects reloaded before import = 0
Number of asset objects unloaded after import = 8
========================================================================
Received Import Request.
  Time since last request: 0.005688 seconds.
  path: Assets/Course Library/Environments/Ground/Ground_Tile_Hex_FloatingIsland_01.prefab
  artifactKey: Guid(961be46ca9a355943ae3f65c47741bb0) Importer(2089858483,0ecaa5967403d082aa24f35e1b516d23)
Start importing Assets/Course Library/Environments/Ground/Ground_Tile_Hex_FloatingIsland_01.prefab using Guid(961be46ca9a355943ae3f65c47741bb0) Importer(2089858483,0ecaa5967403d082aa24f35e1b516d23) [PhysX] Initialized MultithreadedTaskDispatcher with 8 workers.
 -> (artifact id: 'ee0fae49a46aa6cb6526c78a42dab797') in 0.004751 seconds
Number of updated asset objects reloaded before import = 0
Number of asset objects unloaded after import = 7
========================================================================
Received Import Request.
  Time since last request: 0.010405 seconds.
  path: Assets/Course Library/Environments/Sky/Clouds/Cloud_02.prefab
  artifactKey: Guid(73ef0b63ffe19f94ab35e4475b345d70) Importer(2089858483,3d70f49cd1c2eb9ae422958d1c652c6b)
Start importing Assets/Course Library/Environments/Sky/Clouds/Cloud_02.prefab using Guid(73ef0b63ffe19f94ab35e4475b345d70) Importer(2089858483,3d70f49cd1c2eb9ae422958d1c652c6b) [PhysX] Initialized MultithreadedTaskDispatcher with 8 workers.
 -> (artifact id: '124db2691ea4dfb329f33dd170772270') in 0.003740 seconds
Number of updated asset objects reloaded before import = 0
Number of asset objects unloaded after import = 8
========================================================================
Received Import Request.
  Time since last request: 0.008372 seconds.
  path: Assets/Course Library/Environments/Backgrounds/Background_Nature.png
  artifactKey: Guid(f853ef505e2214dc8aef4ffe7df644ee) Importer(2089858483,0ecaa5967403d082aa24f35e1b516d23)
Start importing Assets/Course Library/Environments/Backgrounds/Background_Nature.png using Guid(f853ef505e2214dc8aef4ffe7df644ee) Importer(2089858483,0ecaa5967403d082aa24f35e1b516d23) [PhysX] Initialized MultithreadedTaskDispatcher with 8 workers.
 -> (artifact id: 'df1b48da318ec54aa546bb3767d28c3d') in 0.027455 seconds
Number of updated asset objects reloaded before import = 0
Number of asset objects unloaded after import = 3
========================================================================
Received Import Request.
  Time since last request: 0.003858 seconds.
  path: Assets/TerrainSampleAssets/Prefabs/Grass_D.prefab
  artifactKey: Guid(4dfd50a1f648e984f8188be70774f281) Importer(2089858483,3d70f49cd1c2eb9ae422958d1c652c6b)
Start importing Assets/TerrainSampleAssets/Prefabs/Grass_D.prefab using Guid(4dfd50a1f648e984f8188be70774f281) Importer(2089858483,3d70f49cd1c2eb9ae422958d1c652c6b) [PhysX] Initialized MultithreadedTaskDispatcher with 8 workers.
 -> (artifact id: '5b310207b5c54b8d468b78a9e5773d5f') in 0.007560 seconds
Number of updated asset objects reloaded before import = 0
Number of asset objects unloaded after import = 9
========================================================================
Received Import Request.
  Time since last request: 0.009587 seconds.
  path: Assets/TerrainSampleAssets/TerrainBrushes/Terrainstamp_Ridge04_Brush.brush
  artifactKey: Guid(913af1c64ea139348925340c09459a50) Importer(2089858483,0ecaa5967403d082aa24f35e1b516d23)
Start importing Assets/TerrainSampleAssets/TerrainBrushes/Terrainstamp_Ridge04_Brush.brush using Guid(913af1c64ea139348925340c09459a50) Importer(2089858483,0ecaa5967403d082aa24f35e1b516d23) [PhysX] Initialized MultithreadedTaskDispatcher with 8 workers.
 -> (artifact id: 'b58682e3e5e0f5703020719ca8b5505d') in 0.012807 seconds
Number of updated asset objects reloaded before import = 0
Number of asset objects unloaded after import = 2
========================================================================
Received Import Request.
  Time since last request: 0.000536 seconds.
  path: Assets/Course Library/Characters/Farm/SimpleFarmer_Man_01_Black.prefab
  artifactKey: Guid(f8abbdd178867d2419ba9feb6ff2cba0) Importer(2089858483,3d70f49cd1c2eb9ae422958d1c652c6b)
Start importing Assets/Course Library/Characters/Farm/SimpleFarmer_Man_01_Black.prefab using Guid(f8abbdd178867d2419ba9feb6ff2cba0) Importer(2089858483,3d70f49cd1c2eb9ae422958d1c652c6b) [PhysX] Initialized MultithreadedTaskDispatcher with 8 workers.
 -> (artifact id: 'ae7b09a9d9f7dca28cb862830555c69e') in 0.008318 seconds
Number of updated asset objects reloaded before import = 0
Number of asset objects unloaded after import = 69
========================================================================
Received Import Request.
  Time since last request: 0.003595 seconds.
  path: Assets/Course Library/Particles/FX_Explosion_Rubble.prefab
  artifactKey: Guid(079954accd64b32419ec069129c81273) Importer(2089858483,0ecaa5967403d082aa24f35e1b516d23)
Start importing Assets/Course Library/Particles/FX_Explosion_Rubble.prefab using Guid(079954accd64b32419ec069129c81273) Importer(2089858483,0ecaa5967403d082aa24f35e1b516d23) [PhysX] Initialized MultithreadedTaskDispatcher with 8 workers.
 -> (artifact id: '049906ba6198170d63df84fa8017639a') in 0.021189 seconds
Number of updated asset objects reloaded before import = 0
Number of asset objects unloaded after import = 15
========================================================================
Received Import Request.
  Time since last request: 0.000702 seconds.
  path: Assets/Course Library/Characters/Town/SimplePeople_Man_Punk_White.prefab
  artifactKey: Guid(f147a01ef442b2345a3546109476c690) Importer(2089858483,3d70f49cd1c2eb9ae422958d1c652c6b)
Start importing Assets/Course Library/Characters/Town/SimplePeople_Man_Punk_White.prefab using Guid(f147a01ef442b2345a3546109476c690) Importer(2089858483,3d70f49cd1c2eb9ae422958d1c652c6b) [PhysX] Initialized MultithreadedTaskDispatcher with 8 workers.
 -> (artifact id: '1b60782125e28d0c080f2bf90b39bca5') in 0.019803 seconds
Number of updated asset objects reloaded before import = 0
Number of asset objects unloaded after import = 99
========================================================================
Received Import Request.
  Time since last request: 0.000137 seconds.
  path: Assets/Course Library/Animals/Forest/Animal_Fox_01.prefab
  artifactKey: Guid(e3245acddde40bf49aa555d6bdc14998) Importer(2089858483,3d70f49cd1c2eb9ae422958d1c652c6b)
Start importing Assets/Course Library/Animals/Forest/Animal_Fox_01.prefab using Guid(e3245acddde40bf49aa555d6bdc14998) Importer(2089858483,3d70f49cd1c2eb9ae422958d1c652c6b) [PhysX] Initialized MultithreadedTaskDispatcher with 8 workers.
 -> (artifact id: '5a68d535a5f4f4d8345fc8a523aab152') in 0.010971 seconds
Number of updated asset objects reloaded before import = 0
Number of asset objects unloaded after import = 54
========================================================================
Received Import Request.
  Time since last request: 0.002095 seconds.
  path: Assets/Prefabs/Enemy 3.prefab
  artifactKey: Guid(57d38c0108cdb457587a6f1826416c44) Importer(2089858483,3d70f49cd1c2eb9ae422958d1c652c6b)
Start importing Assets/Prefabs/Enemy 3.prefab using Guid(57d38c0108cdb457587a6f1826416c44) Importer(2089858483,3d70f49cd1c2eb9ae422958d1c652c6b) [PhysX] Initialized MultithreadedTaskDispatcher with 8 workers.
 -> (artifact id: 'adbf35823f580038d11033c16ad020bd') in 0.004711 seconds
Number of updated asset objects reloaded before import = 0
Number of asset objects unloaded after import = 10
========================================================================
Received Import Request.
  Time since last request: 0.008303 seconds.
  path: Assets/TerrainSampleAssets/Models/Grass_B.asset
  artifactKey: Guid(255522b0d4257624f93e110d4a6135ed) Importer(2089858483,0ecaa5967403d082aa24f35e1b516d23)
Start importing Assets/TerrainSampleAssets/Models/Grass_B.asset using Guid(255522b0d4257624f93e110d4a6135ed) Importer(2089858483,0ecaa5967403d082aa24f35e1b516d23) [PhysX] Initialized MultithreadedTaskDispatcher with 8 workers.
 -> (artifact id: '83ecc03c1edcb05ef63567ad255c8ac6') in 0.003425 seconds
Number of updated asset objects reloaded before import = 0
Number of asset objects unloaded after import = 1
========================================================================
Received Import Request.
  Time since last request: 0.000502 seconds.
  path: Assets/Course Library/Animals/Dogs/Dog_Doberman_01.prefab
  artifactKey: Guid(2b6e184cdeba888429a079d519a7c8d5) Importer(2089858483,0ecaa5967403d082aa24f35e1b516d23)
Start importing Assets/Course Library/Animals/Dogs/Dog_Doberman_01.prefab using Guid(2b6e184cdeba888429a079d519a7c8d5) Importer(2089858483,0ecaa5967403d082aa24f35e1b516d23) [PhysX] Initialized MultithreadedTaskDispatcher with 8 workers.
 -> (artifact id: '7da1a2c501a5cdab37bcf34bfb2755f1') in 0.025692 seconds
Number of updated asset objects reloaded before import = 0
Number of asset objects unloaded after import = 269
========================================================================
Received Import Request.
  Time since last request: 0.000209 seconds.
  path: Assets/TerrainSampleAssets/TerrainBrushes/Terrainstamp_Ridge05_Brush.brush
  artifactKey: Guid(014d61beb3975e849b26bc42fbf17b42) Importer(2089858483,0ecaa5967403d082aa24f35e1b516d23)
Start importing Assets/TerrainSampleAssets/TerrainBrushes/Terrainstamp_Ridge05_Brush.brush using Guid(014d61beb3975e849b26bc42fbf17b42) Importer(2089858483,0ecaa5967403d082aa24f35e1b516d23) [PhysX] Initialized MultithreadedTaskDispatcher with 8 workers.
 -> (artifact id: '45aca9c662926110840ea17b6c049dd2') in 0.011655 seconds
Number of updated asset objects reloaded before import = 0
Number of asset objects unloaded after import = 2
========================================================================
Received Import Request.
  Time since last request: 0.002424 seconds.
  path: Assets/TerrainSampleAssets/TerrainBrushes/Terrainstamp_Mountain04_Brush.brush
  artifactKey: Guid(84399f7e9c8b199478532ded97f1ed9b) Importer(2089858483,0ecaa5967403d082aa24f35e1b516d23)
Start importing Assets/TerrainSampleAssets/TerrainBrushes/Terrainstamp_Mountain04_Brush.brush using Guid(84399f7e9c8b199478532ded97f1ed9b) Importer(2089858483,0ecaa5967403d082aa24f35e1b516d23) [PhysX] Initialized MultithreadedTaskDispatcher with 8 workers.
 -> (artifact id: 'b7217234e424199ecd06027842a759bd') in 0.010279 seconds
Number of updated asset objects reloaded before import = 0
Number of asset objects unloaded after import = 2
========================================================================
Received Import Request.
  Time since last request: 0.000215 seconds.
  path: Assets/Course Library/Objects/Pickups/GoldCupIcon.prefab
  artifactKey: Guid(f20d096cd65070b4a89b6957463d432d) Importer(2089858483,3d70f49cd1c2eb9ae422958d1c652c6b)
Start importing Assets/Course Library/Objects/Pickups/GoldCupIcon.prefab using Guid(f20d096cd65070b4a89b6957463d432d) Importer(2089858483,3d70f49cd1c2eb9ae422958d1c652c6b) [PhysX] Initialized MultithreadedTaskDispatcher with 8 workers.
 -> (artifact id: '2f246830163876f730fbb745f49d2854') in 0.003309 seconds
Number of updated asset objects reloaded before import = 0
Number of asset objects unloaded after import = 8
========================================================================
Received Import Request.
  Time since last request: 0.000094 seconds.
  path: Assets/TerrainSampleAssets/Materials/Plant.asset
  artifactKey: Guid(f53f3a3078db3cd4a9bcd875d3b2a557) Importer(2089858483,3d70f49cd1c2eb9ae422958d1c652c6b)
Start importing Assets/TerrainSampleAssets/Materials/Plant.asset using Guid(f53f3a3078db3cd4a9bcd875d3b2a557) Importer(2089858483,3d70f49cd1c2eb9ae422958d1c652c6b) [PhysX] Initialized MultithreadedTaskDispatcher with 8 workers.
 -> (artifact id: '22da060e962e4948049d74793afa7fa6') in 0.003055 seconds
Number of updated asset objects reloaded before import = 0
Number of asset objects unloaded after import = 1
========================================================================
Received Import Request.
  Time since last request: 0.000103 seconds.
  path: Assets/Scripts/MoveDown.cs
  artifactKey: Guid(9abbec9925a9a4bf4b0212525518694b) Importer(2089858483,0ecaa5967403d082aa24f35e1b516d23)
Start importing Assets/Scripts/MoveDown.cs using Guid(9abbec9925a9a4bf4b0212525518694b) Importer(2089858483,0ecaa5967403d082aa24f35e1b516d23) [PhysX] Initialized MultithreadedTaskDispatcher with 8 workers.
 -> (artifact id: 'c72adeb8e1ca56ed9ca78353a1d66703') in 0.002330 seconds
Number of updated asset objects reloaded before import = 0
Number of asset objects unloaded after import = 1
========================================================================
Received Import Request.
  Time since last request: 0.000218 seconds.
  path: Assets/Course Library/Animals/Dogs/Dog_SaintBernard_01.prefab
  artifactKey: Guid(7e327461e79cb2a479e055d455c9a2fd) Importer(2089858483,0ecaa5967403d082aa24f35e1b516d23)
Start importing Assets/Course Library/Animals/Dogs/Dog_SaintBernard_01.prefab using Guid(7e327461e79cb2a479e055d455c9a2fd) Importer(2089858483,0ecaa5967403d082aa24f35e1b516d23) [PhysX] Initialized MultithreadedTaskDispatcher with 8 workers.
 -> (artifact id: '8370818bc15efddf5a5d302c1c3b1183') in 0.020601 seconds
Number of updated asset objects reloaded before import = 0
Number of asset objects unloaded after import = 269
========================================================================
Received Import Request.
  Time since last request: 0.000054 seconds.
  path: Assets/Course Library/Objects/Food/Food_Organic_Carrot.prefab
  artifactKey: Guid(bd519f706f8c5cf4dad9fed04ab5b64b) Importer(2089858483,0ecaa5967403d082aa24f35e1b516d23)
Start importing Assets/Course Library/Objects/Food/Food_Organic_Carrot.prefab using Guid(bd519f706f8c5cf4dad9fed04ab5b64b) Importer(2089858483,0ecaa5967403d082aa24f35e1b516d23) [PhysX] Initialized MultithreadedTaskDispatcher with 8 workers.
 -> (artifact id: '32e6a22c94436eb421e4bda1a8991ac3') in 0.004041 seconds
Number of updated asset objects reloaded before import = 0
Number of asset objects unloaded after import = 7
========================================================================
Received Import Request.
  Time since last request: 0.000032 seconds.
  path: Assets/Course Library/Objects/Indicators/SelectionRing_03.prefab
  artifactKey: Guid(1656aec7f2b3ffe45a91801f58b00253) Importer(2089858483,0ecaa5967403d082aa24f35e1b516d23)
Start importing Assets/Course Library/Objects/Indicators/SelectionRing_03.prefab using Guid(1656aec7f2b3ffe45a91801f58b00253) Importer(2089858483,0ecaa5967403d082aa24f35e1b516d23) [PhysX] Initialized MultithreadedTaskDispatcher with 8 workers.
 -> (artifact id: 'a70f65407038511ca2f3e9cef4ec83ff') in 0.006232 seconds
Number of updated asset objects reloaded before import = 0
Number of asset objects unloaded after import = 7
========================================================================
Received Import Request.
  Time since last request: 0.000027 seconds.
  path: Assets/Course Library/Fonts/Margarine/Margarine-Regular.ttf
  artifactKey: Guid(32de974c3db9e4756969d3fd9309e8e4) Importer(2089858483,0ecaa5967403d082aa24f35e1b516d23)
Start importing Assets/Course Library/Fonts/Margarine/Margarine-Regular.ttf using Guid(32de974c3db9e4756969d3fd9309e8e4) Importer(2089858483,0ecaa5967403d082aa24f35e1b516d23) [PhysX] Initialized MultithreadedTaskDispatcher with 8 workers.
 -> (artifact id: 'ca45a3f1b760dd5adafdd54956f39a26') in 0.007735 seconds
Number of updated asset objects reloaded before import = 0
Number of asset objects unloaded after import = 3
========================================================================
Received Import Request.
  Time since last request: 0.000186 seconds.
  path: Assets/Course Library/Fonts/Oswald/OFL.txt
  artifactKey: Guid(eda5ec41013304dcebcf223544839a3f) Importer(2089858483,0ecaa5967403d082aa24f35e1b516d23)
Start importing Assets/Course Library/Fonts/Oswald/OFL.txt using Guid(eda5ec41013304dcebcf223544839a3f) Importer(2089858483,0ecaa5967403d082aa24f35e1b516d23) [PhysX] Initialized MultithreadedTaskDispatcher with 8 workers.
 -> (artifact id: '77b6590c71bf42513907222af93e7558') in 0.002094 seconds
Number of updated asset objects reloaded before import = 0
Number of asset objects unloaded after import = 1
========================================================================
Received Import Request.
  Time since last request: 0.000224 seconds.
  path: Assets/Course Library/Fonts/Margarine/Margarine-Regular SDF.asset
  artifactKey: Guid(ff9dfb9dcfa9b451da0749c3d2b449a9) Importer(2089858483,0ecaa5967403d082aa24f35e1b516d23)
Start importing Assets/Course Library/Fonts/Margarine/Margarine-Regular SDF.asset using Guid(ff9dfb9dcfa9b451da0749c3d2b449a9) Importer(2089858483,0ecaa5967403d082aa24f35e1b516d23) [PhysX] Initialized MultithreadedTaskDispatcher with 8 workers.
 -> (artifact id: '9a482c2301f266cf528df471b653b80d') in 0.018428 seconds
Number of updated asset objects reloaded before import = 0
Number of asset objects unloaded after import = 3
========================================================================
Received Import Request.
  Time since last request: 0.010500 seconds.
  path: Assets/Course Library/Fonts/Indie_Flower/OFL.txt
  artifactKey: Guid(6900278b2a267473895330b128e55fb0) Importer(2089858483,0ecaa5967403d082aa24f35e1b516d23)
Start importing Assets/Course Library/Fonts/Indie_Flower/OFL.txt using Guid(6900278b2a267473895330b128e55fb0) Importer(2089858483,0ecaa5967403d082aa24f35e1b516d23) [PhysX] Initialized MultithreadedTaskDispatcher with 8 workers.
 -> (artifact id: 'd6d951911d3504877c5800ffba7c90e1') in 0.002662 seconds
Number of updated asset objects reloaded before import = 0
Number of asset objects unloaded after import = 1
========================================================================
Received Import Request.
  Time since last request: 0.003061 seconds.
  path: Assets/Course Library/Objects/Obstacles/Barrel_02.prefab
  artifactKey: Guid(cb04eea70ee14ab49b68d12e2cbbf680) Importer(2089858483,0ecaa5967403d082aa24f35e1b516d23)
Start importing Assets/Course Library/Objects/Obstacles/Barrel_02.prefab using Guid(cb04eea70ee14ab49b68d12e2cbbf680) Importer(2089858483,0ecaa5967403d082aa24f35e1b516d23) [PhysX] Initialized MultithreadedTaskDispatcher with 8 workers.
 -> (artifact id: '57d5223157cc357144a6fe3dbfeace36') in 0.004073 seconds
Number of updated asset objects reloaded before import = 0
Number of asset objects unloaded after import = 7
========================================================================
Received Import Request.
  Time since last request: 0.004917 seconds.
  path: Assets/Course Library/Objects/Food/Food_Bone_01.prefab
  artifactKey: Guid(1f17d257118ec324ca772c5b2bacbb14) Importer(2089858483,0ecaa5967403d082aa24f35e1b516d23)
Start importing Assets/Course Library/Objects/Food/Food_Bone_01.prefab using Guid(1f17d257118ec324ca772c5b2bacbb14) Importer(2089858483,0ecaa5967403d082aa24f35e1b516d23) [PhysX] Initialized MultithreadedTaskDispatcher with 8 workers.
 -> (artifact id: '513ab93158e64c02da89878126799d3e') in 0.005431 seconds
Number of updated asset objects reloaded before import = 0
Number of asset objects unloaded after import = 7
========================================================================
Received Import Request.
  Time since last request: 0.007247 seconds.
  path: Assets/Course Library/Fonts/Indie_Flower/IndieFlower SDF.asset
  artifactKey: Guid(8abe1e37fe7bf433896970245b936749) Importer(2089858483,0ecaa5967403d082aa24f35e1b516d23)
Start importing Assets/Course Library/Fonts/Indie_Flower/IndieFlower SDF.asset using Guid(8abe1e37fe7bf433896970245b936749) Importer(2089858483,0ecaa5967403d082aa24f35e1b516d23) [PhysX] Initialized MultithreadedTaskDispatcher with 8 workers.
 -> (artifact id: '52d679c76358b198d076ed96dc98a400') in 0.011520 seconds
Number of updated asset objects reloaded before import = 0
Number of asset objects unloaded after import = 3
========================================================================
Received Import Request.
  Time since last request: 0.000462 seconds.
  path: Assets/Course Library/Objects/Food/Food_Organic_Apple_01.prefab
  artifactKey: Guid(c13306d1f1d9a1a489199ef77f9dba89) Importer(2089858483,0ecaa5967403d082aa24f35e1b516d23)
Start importing Assets/Course Library/Objects/Food/Food_Organic_Apple_01.prefab using Guid(c13306d1f1d9a1a489199ef77f9dba89) Importer(2089858483,0ecaa5967403d082aa24f35e1b516d23) [PhysX] Initialized MultithreadedTaskDispatcher with 8 workers.
 -> (artifact id: '911605725ec6a00475953ae84c3f9e62') in 0.004329 seconds
Number of updated asset objects reloaded before import = 0
Number of asset objects unloaded after import = 7
========================================================================
Received Import Request.
  Time since last request: 0.000138 seconds.
  path: Assets/Course Library/Objects/Food/Food_Pizza_01.prefab
  artifactKey: Guid(06cdf427476835b42837c1ca7f8cdbd1) Importer(2089858483,0ecaa5967403d082aa24f35e1b516d23)
Start importing Assets/Course Library/Objects/Food/Food_Pizza_01.prefab using Guid(06cdf427476835b42837c1ca7f8cdbd1) Importer(2089858483,0ecaa5967403d082aa24f35e1b516d23) [PhysX] Initialized MultithreadedTaskDispatcher with 8 workers.
 -> (artifact id: '9e70ea9935b433fb4ef42ad2995bd29a') in 0.002822 seconds
Number of updated asset objects reloaded before import = 0
Number of asset objects unloaded after import = 7
========================================================================
Received Import Request.
  Time since last request: 0.000280 seconds.
  path: Assets/Course Library/Fonts/Margarine/OFL.txt
  artifactKey: Guid(12e06d1408bd1498c91c9f2809ec2dbc) Importer(2089858483,0ecaa5967403d082aa24f35e1b516d23)
Start importing Assets/Course Library/Fonts/Margarine/OFL.txt using Guid(12e06d1408bd1498c91c9f2809ec2dbc) Importer(2089858483,0ecaa5967403d082aa24f35e1b516d23) [PhysX] Initialized MultithreadedTaskDispatcher with 8 workers.
 -> (artifact id: 'f441eba5593b830b459a5129670a3131') in 0.001955 seconds
Number of updated asset objects reloaded before import = 0
Number of asset objects unloaded after import = 1
========================================================================
Received Import Request.
  Time since last request: 0.000306 seconds.
  path: Assets/Course Library/Objects/Food/Food_Organic_Pear_02.prefab
  artifactKey: Guid(4949a22a2c444b0459d7289aae77be28) Importer(2089858483,0ecaa5967403d082aa24f35e1b516d23)
Start importing Assets/Course Library/Objects/Food/Food_Organic_Pear_02.prefab using Guid(4949a22a2c444b0459d7289aae77be28) Importer(2089858483,0ecaa5967403d082aa24f35e1b516d23) [PhysX] Initialized MultithreadedTaskDispatcher with 8 workers.
 -> (artifact id: '3ced4d10c84334f1bbb03536ceff9ce8') in 0.004691 seconds
Number of updated asset objects reloaded before import = 0
Number of asset objects unloaded after import = 7
========================================================================
Received Import Request.
  Time since last request: 0.000244 seconds.
  path: Assets/Course Library/Fonts/Roboto/Roboto-Regular SDF.asset
  artifactKey: Guid(fe615c40225014542b62517f6f0fabf4) Importer(2089858483,0ecaa5967403d082aa24f35e1b516d23)
Start importing Assets/Course Library/Fonts/Roboto/Roboto-Regular SDF.asset using Guid(fe615c40225014542b62517f6f0fabf4) Importer(2089858483,0ecaa5967403d082aa24f35e1b516d23) [PhysX] Initialized MultithreadedTaskDispatcher with 8 workers.
 -> (artifact id: 'e28c32179be3f98bd2c970ce5b092464') in 0.007605 seconds
Number of updated asset objects reloaded before import = 0
Number of asset objects unloaded after import = 3
========================================================================
Received Import Request.
  Time since last request: 0.001191 seconds.
  path: Assets/Course Library/Objects/Obstacles/Crate_Question_01.prefab
  artifactKey: Guid(d19c36dc5f97d444fa54380cf09bd828) Importer(2089858483,0ecaa5967403d082aa24f35e1b516d23)
Start importing Assets/Course Library/Objects/Obstacles/Crate_Question_01.prefab using Guid(d19c36dc5f97d444fa54380cf09bd828) Importer(2089858483,0ecaa5967403d082aa24f35e1b516d23) [PhysX] Initialized MultithreadedTaskDispatcher with 8 workers.
 -> (artifact id: 'dd43bc22e0d0e20cffdc96f455030668') in 0.006978 seconds
Number of updated asset objects reloaded before import = 0
Number of asset objects unloaded after import = 9
========================================================================
Received Import Request.
  Time since last request: 0.001499 seconds.
  path: Assets/Course Library/Objects/Food/Food_Cookie_01.prefab
  artifactKey: Guid(10d25933610222845ad3760a855829c4) Importer(2089858483,0ecaa5967403d082aa24f35e1b516d23)
Start importing Assets/Course Library/Objects/Food/Food_Cookie_01.prefab using Guid(10d25933610222845ad3760a855829c4) Importer(2089858483,0ecaa5967403d082aa24f35e1b516d23) [PhysX] Initialized MultithreadedTaskDispatcher with 8 workers.
 -> (artifact id: '96a7c58ca9825e39e1a3b684056aedcb') in 0.004003 seconds
Number of updated asset objects reloaded before import = 0
Number of asset objects unloaded after import = 7
========================================================================
Received Import Request.
  Time since last request: 0.000932 seconds.
  path: Assets/Course Library/Objects/Food/Food_Wine_01.prefab
  artifactKey: Guid(ca03aa5ab3af9f147aa60e7b8d131fe3) Importer(2089858483,0ecaa5967403d082aa24f35e1b516d23)
Start importing Assets/Course Library/Objects/Food/Food_Wine_01.prefab using Guid(ca03aa5ab3af9f147aa60e7b8d131fe3) Importer(2089858483,0ecaa5967403d082aa24f35e1b516d23) [PhysX] Initialized MultithreadedTaskDispatcher with 8 workers.
 -> (artifact id: '6006bcabd11f6abf0be2256a8a6b9cab') in 0.003107 seconds
Number of updated asset objects reloaded before import = 0
Number of asset objects unloaded after import = 7
========================================================================
Received Import Request.
  Time since last request: 0.004001 seconds.
  path: Assets/TerrainSampleAssets/Models/Bush_A.asset
  artifactKey: Guid(0c4301a6ce8e5964c8df62a78aca15d1) Importer(2089858483,3d70f49cd1c2eb9ae422958d1c652c6b)
Start importing Assets/TerrainSampleAssets/Models/Bush_A.asset using Guid(0c4301a6ce8e5964c8df62a78aca15d1) Importer(2089858483,3d70f49cd1c2eb9ae422958d1c652c6b) [PhysX] Initialized MultithreadedTaskDispatcher with 8 workers.
 -> (artifact id: '20c1c228eacecf8c963e39d73b2388fc') in 0.002152 seconds
Number of updated asset objects reloaded before import = 0
Number of asset objects unloaded after import = 0
========================================================================
Received Import Request.
  Time since last request: 0.000858 seconds.
  path: Assets/Settings/URP-Performant.asset
  artifactKey: Guid(d0e2fc18fe036412f8223b3b3d9ad574) Importer(2089858483,0ecaa5967403d082aa24f35e1b516d23)
Start importing Assets/Settings/URP-Performant.asset using Guid(d0e2fc18fe036412f8223b3b3d9ad574) Importer(2089858483,0ecaa5967403d082aa24f35e1b516d23) [PhysX] Initialized MultithreadedTaskDispatcher with 8 workers.
 -> (artifact id: 'e1679f4dfb5556d9e84b1c683cfd3d2d') in 0.008877 seconds
Number of updated asset objects reloaded before import = 0
Number of asset objects unloaded after import = 2
========================================================================
Received Import Request.
  Time since last request: 0.000141 seconds.
  path: Assets/TerrainSampleAssets/Prefabs/Grass_B.prefab
  artifactKey: Guid(7b3e6db10d22f504dbc606110b2cb5e7) Importer(2089858483,0ecaa5967403d082aa24f35e1b516d23)
Start importing Assets/TerrainSampleAssets/Prefabs/Grass_B.prefab using Guid(7b3e6db10d22f504dbc606110b2cb5e7) Importer(2089858483,0ecaa5967403d082aa24f35e1b516d23) [PhysX] Initialized MultithreadedTaskDispatcher with 8 workers.
 -> (artifact id: '7e50eabf187d3920eae42678d981f24d') in 0.004551 seconds
Number of updated asset objects reloaded before import = 0
Number of asset objects unloaded after import = 7
========================================================================
Received Import Request.
  Time since last request: 0.005332 seconds.
  path: Assets/Prefabs/Enemy 2.prefab
  artifactKey: Guid(74a025ec598df463fb47b279e5c14fc4) Importer(2089858483,0ecaa5967403d082aa24f35e1b516d23)
Start importing Assets/Prefabs/Enemy 2.prefab using Guid(74a025ec598df463fb47b279e5c14fc4) Importer(2089858483,0ecaa5967403d082aa24f35e1b516d23) [PhysX] Initialized MultithreadedTaskDispatcher with 8 workers.
 -> (artifact id: 'd4d1ed15d7569611215c8e93f89f6a83') in 0.008731 seconds
Number of updated asset objects reloaded before import = 0
Number of asset objects unloaded after import = 10
========================================================================
Received Import Request.
  Time since last request: 0.000161 seconds.
  path: Assets/TerrainSampleAssets/Models/Fern_A.asset
  artifactKey: Guid(2532d22dd52b5854189d40a50540b705) Importer(2089858483,0ecaa5967403d082aa24f35e1b516d23)
Start importing Assets/TerrainSampleAssets/Models/Fern_A.asset using Guid(2532d22dd52b5854189d40a50540b705) Importer(2089858483,0ecaa5967403d082aa24f35e1b516d23) [PhysX] Initialized MultithreadedTaskDispatcher with 8 workers.
 -> (artifact id: '4abce047f32119db08fc37ff9831e26f') in 0.002283 seconds
Number of updated asset objects reloaded before import = 0
Number of asset objects unloaded after import = 1
========================================================================
Received Import Request.
  Time since last request: 0.001435 seconds.
  path: Assets/Course Library/Vehicles/Planes/Veh_Small_Heli_01.prefab
  artifactKey: Guid(670c6e451250ee7448bb1a36fb0e6647) Importer(2089858483,3d70f49cd1c2eb9ae422958d1c652c6b)
Start importing Assets/Course Library/Vehicles/Planes/Veh_Small_Heli_01.prefab using Guid(670c6e451250ee7448bb1a36fb0e6647) Importer(2089858483,3d70f49cd1c2eb9ae422958d1c652c6b) [PhysX] Initialized MultithreadedTaskDispatcher with 8 workers.
 -> (artifact id: '0a80d1dc4d5409e096226840979755ac') in 0.004809 seconds
Number of updated asset objects reloaded before import = 0
Number of asset objects unloaded after import = 18
========================================================================
Received Import Request.
  Time since last request: 0.003146 seconds.
  path: Assets/Course Library/Animals/Forest/Animal_Doe_02.prefab
  artifactKey: Guid(2fdf2b8525a6fa54ba867925b16564e3) Importer(2089858483,3d70f49cd1c2eb9ae422958d1c652c6b)
Start importing Assets/Course Library/Animals/Forest/Animal_Doe_02.prefab using Guid(2fdf2b8525a6fa54ba867925b16564e3) Importer(2089858483,3d70f49cd1c2eb9ae422958d1c652c6b) [PhysX] Initialized MultithreadedTaskDispatcher with 8 workers.
 -> (artifact id: 'ef4ec46b1adde0adf6c0ae48507413e1') in 0.003690 seconds
Number of updated asset objects reloaded before import = 0
Number of asset objects unloaded after import = 46
========================================================================
Received Import Request.
  Time since last request: 0.002004 seconds.
  path: Assets/Course Library/Objects/Props/Ball_American_01.prefab
  artifactKey: Guid(dcdfdede07642ee44ad5cfe22399dc15) Importer(2089858483,3d70f49cd1c2eb9ae422958d1c652c6b)
Start importing Assets/Course Library/Objects/Props/Ball_American_01.prefab using Guid(dcdfdede07642ee44ad5cfe22399dc15) Importer(2089858483,3d70f49cd1c2eb9ae422958d1c652c6b) [PhysX] Initialized MultithreadedTaskDispatcher with 8 workers.
 -> (artifact id: 'a5337bdf1232be96a03cd0b83d8c8469') in 0.004495 seconds
Number of updated asset objects reloaded before import = 0
Number of asset objects unloaded after import = 8
========================================================================
Received Import Request.
  Time since last request: 0.000747 seconds.
  path: Assets/TerrainSampleAssets/Models/BushDry_B.asset
  artifactKey: Guid(8d68c191594d5a24baee81cc22acf55b) Importer(2089858483,3d70f49cd1c2eb9ae422958d1c652c6b)
Start importing Assets/TerrainSampleAssets/Models/BushDry_B.asset using Guid(8d68c191594d5a24baee81cc22acf55b) Importer(2089858483,3d70f49cd1c2eb9ae422958d1c652c6b) [PhysX] Initialized MultithreadedTaskDispatcher with 8 workers.
 -> (artifact id: 'e91718fd75cd05e7bfab021080e0df3c') in 0.001800 seconds
Number of updated asset objects reloaded before import = 0
Number of asset objects unloaded after import = 0
========================================================================
Received Import Request.
  Time since last request: 0.000910 seconds.
  path: Assets/TerrainSampleAssets/Prefabs/BushDry_B.prefab
  artifactKey: Guid(054bf5cf244ff2e4083cbf8eca205cf0) Importer(2089858483,3d70f49cd1c2eb9ae422958d1c652c6b)
Start importing Assets/TerrainSampleAssets/Prefabs/BushDry_B.prefab using Guid(054bf5cf244ff2e4083cbf8eca205cf0) Importer(2089858483,3d70f49cd1c2eb9ae422958d1c652c6b) [PhysX] Initialized MultithreadedTaskDispatcher with 8 workers.
 -> (artifact id: '3ca79feed1912a52c2df22f9c3f7a51a') in 0.003386 seconds
Number of updated asset objects reloaded before import = 0
Number of asset objects unloaded after import = 9
========================================================================
Received Import Request.
  Time since last request: 0.000753 seconds.
  path: Assets/TerrainSampleAssets/Prefabs/Heather_A.prefab
  artifactKey: Guid(cce04f533c148314abf74aff71206ec7) Importer(2089858483,3d70f49cd1c2eb9ae422958d1c652c6b)
Start importing Assets/TerrainSampleAssets/Prefabs/Heather_A.prefab using Guid(cce04f533c148314abf74aff71206ec7) Importer(2089858483,3d70f49cd1c2eb9ae422958d1c652c6b) [PhysX] Initialized MultithreadedTaskDispatcher with 8 workers.
 -> (artifact id: '89eea78f6dfc97925fcc5d50cf5de0d2') in 0.002873 seconds
Number of updated asset objects reloaded before import = 0
Number of asset objects unloaded after import = 9
========================================================================
Received Import Request.
  Time since last request: 0.000172 seconds.
  path: Assets/Course Library/Objects/Obstacles/Prop_Barrier02.prefab
  artifactKey: Guid(367149bd17c4d4d4e8868ec6a5cf8d45) Importer(2089858483,3d70f49cd1c2eb9ae422958d1c652c6b)
Start importing Assets/Course Library/Objects/Obstacles/Prop_Barrier02.prefab using Guid(367149bd17c4d4d4e8868ec6a5cf8d45) Importer(2089858483,3d70f49cd1c2eb9ae422958d1c652c6b) [PhysX] Initialized MultithreadedTaskDispatcher with 8 workers.
 -> (artifact id: '2551eee5c6841e2ad4b639ca255bb611') in 0.001885 seconds
Number of updated asset objects reloaded before import = 0
Number of asset objects unloaded after import = 10
========================================================================
Received Import Request.
  Time since last request: 0.000699 seconds.
  path: Assets/TerrainSampleAssets/TerrainBrushes/Terrainstamp_Slope02_Brush.brush
  artifactKey: Guid(6e325b7abaea45841a5bcb6c09fde762) Importer(2089858483,0ecaa5967403d082aa24f35e1b516d23)
Start importing Assets/TerrainSampleAssets/TerrainBrushes/Terrainstamp_Slope02_Brush.brush using Guid(6e325b7abaea45841a5bcb6c09fde762) Importer(2089858483,0ecaa5967403d082aa24f35e1b516d23) [PhysX] Initialized MultithreadedTaskDispatcher with 8 workers.
 -> (artifact id: '0280cdc5b368014bc2970b069ce6a826') in 0.008653 seconds
Number of updated asset objects reloaded before import = 0
Number of asset objects unloaded after import = 2
========================================================================
Received Import Request.
  Time since last request: 0.000740 seconds.
  path: Assets/Course Library/Animals/Forest/Animal_Moose_02.prefab
  artifactKey: Guid(02eca77e7e6a2ec41ba4c68f20e26098) Importer(2089858483,3d70f49cd1c2eb9ae422958d1c652c6b)
Start importing Assets/Course Library/Animals/Forest/Animal_Moose_02.prefab using Guid(02eca77e7e6a2ec41ba4c68f20e26098) Importer(2089858483,3d70f49cd1c2eb9ae422958d1c652c6b) [PhysX] Initialized MultithreadedTaskDispatcher with 8 workers.
 -> (artifact id: '4aa3779f1c7b6a4a2948e4f5298a925d') in 0.005710 seconds
Number of updated asset objects reloaded before import = 0
Number of asset objects unloaded after import = 46
========================================================================
Received Import Request.
  Time since last request: 0.001569 seconds.
  path: Assets/Course Library/Animals/Farm/Animal_Chick.prefab
  artifactKey: Guid(c7ca0992ba00761469f731111e56b107) Importer(2089858483,3d70f49cd1c2eb9ae422958d1c652c6b)
Start importing Assets/Course Library/Animals/Farm/Animal_Chick.prefab using Guid(c7ca0992ba00761469f731111e56b107) Importer(2089858483,3d70f49cd1c2eb9ae422958d1c652c6b) [PhysX] Initialized MultithreadedTaskDispatcher with 8 workers.
 -> (artifact id: '30d22e06bc8206f9f6f4446087a1c741') in 0.002880 seconds
Number of updated asset objects reloaded before import = 0
Number of asset objects unloaded after import = 26
========================================================================
Received Import Request.
  Time since last request: 0.000557 seconds.
  path: Assets/Course Library/Animals/Dogs/Dog_GermanShepherd_01.prefab
  artifactKey: Guid(3b3cb28f974c42c4481d72da460937c9) Importer(2089858483,3d70f49cd1c2eb9ae422958d1c652c6b)
Start importing Assets/Course Library/Animals/Dogs/Dog_GermanShepherd_01.prefab using Guid(3b3cb28f974c42c4481d72da460937c9) Importer(2089858483,3d70f49cd1c2eb9ae422958d1c652c6b) [PhysX] Initialized MultithreadedTaskDispatcher with 8 workers.
 -> (artifact id: '12c2ac1bab4e5a37f69f1e8ab4ef6fb6') in 0.024052 seconds
Number of updated asset objects reloaded before import = 0
Number of asset objects unloaded after import = 244
========================================================================
Received Import Request.
  Time since last request: 0.001965 seconds.
  path: Assets/Course Library/Characters/Farm/SimpleFarmer_Man_01_Brown.prefab
  artifactKey: Guid(6f52b946693e54048af74f5cd6ba49f8) Importer(2089858483,0ecaa5967403d082aa24f35e1b516d23)
Start importing Assets/Course Library/Characters/Farm/SimpleFarmer_Man_01_Brown.prefab using Guid(6f52b946693e54048af74f5cd6ba49f8) Importer(2089858483,0ecaa5967403d082aa24f35e1b516d23) [PhysX] Initialized MultithreadedTaskDispatcher with 8 workers.
 -> (artifact id: '963044bc0ac2d4dea772a3eb559efb91') in 0.021275 seconds
Number of updated asset objects reloaded before import = 0
Number of asset objects unloaded after import = 348
========================================================================
Received Import Request.
  Time since last request: 0.000690 seconds.
  path: Assets/Course Library/Objects/Obstacles/Barrel_01.prefab
  artifactKey: Guid(95927758d3a4cef4ba6c4318f06876fd) Importer(2089858483,3d70f49cd1c2eb9ae422958d1c652c6b)
Start importing Assets/Course Library/Objects/Obstacles/Barrel_01.prefab using Guid(95927758d3a4cef4ba6c4318f06876fd) Importer(2089858483,3d70f49cd1c2eb9ae422958d1c652c6b) [PhysX] Initialized MultithreadedTaskDispatcher with 8 workers.
 -> (artifact id: '0c3963f6bfc944660269e2d6667c0c77') in 0.002386 seconds
Number of updated asset objects reloaded before import = 0
Number of asset objects unloaded after import = 8
========================================================================
Received Import Request.
  Time since last request: 0.000144 seconds.
  path: Assets/Course Library/Animals/Dogs/Dog_RhodesianRidgeback_01.prefab
  artifactKey: Guid(957efc93c4488964582c89c0bf939bf0) Importer(2089858483,0ecaa5967403d082aa24f35e1b516d23)
Start importing Assets/Course Library/Animals/Dogs/Dog_RhodesianRidgeback_01.prefab using Guid(957efc93c4488964582c89c0bf939bf0) Importer(2089858483,0ecaa5967403d082aa24f35e1b516d23) [PhysX] Initialized MultithreadedTaskDispatcher with 8 workers.
 -> (artifact id: '70ed29d650185bb6354f75ac0990b275') in 0.029886 seconds
Number of updated asset objects reloaded before import = 0
Number of asset objects unloaded after import = 269
========================================================================
Received Import Request.
  Time since last request: 0.002431 seconds.
  path: Assets/Course Library/Audio/Music/cron_audio_8-bit_modern02.ogg
  artifactKey: Guid(aac0a360368e94c72808af3c16befc8e) Importer(2089858483,0ecaa5967403d082aa24f35e1b516d23)
Start importing Assets/Course Library/Audio/Music/cron_audio_8-bit_modern02.ogg using Guid(aac0a360368e94c72808af3c16befc8e) Importer(2089858483,0ecaa5967403d082aa24f35e1b516d23) [PhysX] Initialized MultithreadedTaskDispatcher with 8 workers.
 -> (artifact id: '4bb045124d027e406f7f69afe463912d') in 0.074154 seconds
Number of updated asset objects reloaded before import = 0
Number of asset objects unloaded after import = 1
========================================================================
Received Import Request.
  Time since last request: 0.001637 seconds.
  path: Assets/Course Library/Objects/Props/Ball_Cricket.prefab
  artifactKey: Guid(98b342dd18e69a346a6594879cc0c5ce) Importer(2089858483,0ecaa5967403d082aa24f35e1b516d23)
Start importing Assets/Course Library/Objects/Props/Ball_Cricket.prefab using Guid(98b342dd18e69a346a6594879cc0c5ce) Importer(2089858483,0ecaa5967403d082aa24f35e1b516d23) [PhysX] Initialized MultithreadedTaskDispatcher with 8 workers.
 -> (artifact id: 'b7b31ee825a44e82caddc98090b696d6') in 0.003807 seconds
Number of updated asset objects reloaded before import = 0
Number of asset objects unloaded after import = 7
========================================================================
Received Import Request.
  Time since last request: 0.001192 seconds.
  path: Assets/Course Library/_Source_Files/FBX/Items_EnergyCan_01.fbx
  artifactKey: Guid(6b10d5dd38b22314f932fba49fc26253) Importer(2089858483,0ecaa5967403d082aa24f35e1b516d23)
Start importing Assets/Course Library/_Source_Files/FBX/Items_EnergyCan_01.fbx using Guid(6b10d5dd38b22314f932fba49fc26253) Importer(2089858483,0ecaa5967403d082aa24f35e1b516d23) [PhysX] Initialized MultithreadedTaskDispatcher with 8 workers.
 -> (artifact id: 'b0122a91630408d0b478aa2d78548c63') in 0.011447 seconds
Number of updated asset objects reloaded before import = 0
Number of asset objects unloaded after import = 7
========================================================================
Received Import Request.
  Time since last request: 0.000549 seconds.
  path: Assets/Course Library/_Source_Files/FBX/Ball_Cricket.fbx
  artifactKey: Guid(0809ffbe01df7be48825f622dc36e370) Importer(2089858483,0ecaa5967403d082aa24f35e1b516d23)
Start importing Assets/Course Library/_Source_Files/FBX/Ball_Cricket.fbx using Guid(0809ffbe01df7be48825f622dc36e370) Importer(2089858483,0ecaa5967403d082aa24f35e1b516d23) [PhysX] Initialized MultithreadedTaskDispatcher with 8 workers.
 -> (artifact id: '369761941068753eee681785cd875240') in 0.008535 seconds
Number of updated asset objects reloaded before import = 0
Number of asset objects unloaded after import = 7
========================================================================
Received Import Request.
  Time since last request: 0.001507 seconds.
  path: Assets/Course Library/Textures/Ground/Sand.png
  artifactKey: Guid(1d77cecaeaa637a4386def007c1a1e4d) Importer(2089858483,0ecaa5967403d082aa24f35e1b516d23)
Start importing Assets/Course Library/Textures/Ground/Sand.png using Guid(1d77cecaeaa637a4386def007c1a1e4d) Importer(2089858483,0ecaa5967403d082aa24f35e1b516d23) [PhysX] Initialized MultithreadedTaskDispatcher with 8 workers.
 -> (artifact id: 'da268fd4885f881a3b8714105ebdb580') in 0.009905 seconds
Number of updated asset objects reloaded before import = 0
Number of asset objects unloaded after import = 1
========================================================================
Received Import Request.
  Time since last request: 0.003653 seconds.
  path: Assets/Course Library/_Source_Files/FBX/Ball_Nuclear.fbx
  artifactKey: Guid(06e5d0bec391fce41ba27efebe344bec) Importer(2089858483,0ecaa5967403d082aa24f35e1b516d23)
Start importing Assets/Course Library/_Source_Files/FBX/Ball_Nuclear.fbx using Guid(06e5d0bec391fce41ba27efebe344bec) Importer(2089858483,0ecaa5967403d082aa24f35e1b516d23) [PhysX] Initialized MultithreadedTaskDispatcher with 8 workers.
 -> (artifact id: '5ceadc8a01003650a58b37d2f29c6c24') in 0.007643 seconds
Number of updated asset objects reloaded before import = 0
Number of asset objects unloaded after import = 7
========================================================================
Received Import Request.
  Time since last request: 0.000426 seconds.
  path: Assets/Course Library/Objects/Props/Ball_Soccer_01.prefab
  artifactKey: Guid(c771dc487345feb4aa9946a24d7d7713) Importer(2089858483,0ecaa5967403d082aa24f35e1b516d23)
Start importing Assets/Course Library/Objects/Props/Ball_Soccer_01.prefab using Guid(c771dc487345feb4aa9946a24d7d7713) Importer(2089858483,0ecaa5967403d082aa24f35e1b516d23) [PhysX] Initialized MultithreadedTaskDispatcher with 8 workers.
 -> (artifact id: '1e1fb47926435dc5162044b4a706cea1') in 0.004518 seconds
Number of updated asset objects reloaded before import = 0
Number of asset objects unloaded after import = 7
========================================================================
Received Import Request.
  Time since last request: 0.000123 seconds.
  path: Assets/Course Library/Objects/Obstacles/Synty_Cube_01.prefab
  artifactKey: Guid(feddb6666a6474b4a80e6e7fc805f21f) Importer(2089858483,0ecaa5967403d082aa24f35e1b516d23)
Start importing Assets/Course Library/Objects/Obstacles/Synty_Cube_01.prefab using Guid(feddb6666a6474b4a80e6e7fc805f21f) Importer(2089858483,0ecaa5967403d082aa24f35e1b516d23) [PhysX] Initialized MultithreadedTaskDispatcher with 8 workers.
 -> (artifact id: '0414ce48f3408460e6ffbba7c3afa6b6') in 0.003525 seconds
Number of updated asset objects reloaded before import = 0
Number of asset objects unloaded after import = 9
========================================================================
Received Import Request.
  Time since last request: 0.001540 seconds.
  path: Assets/Course Library/_Source_Files/FBX/Animations.fbx
  artifactKey: Guid(d55a3dafe23105e409ee70d6605cbd49) Importer(2089858483,0ecaa5967403d082aa24f35e1b516d23)
Start importing Assets/Course Library/_Source_Files/FBX/Animations.fbx using Guid(d55a3dafe23105e409ee70d6605cbd49) Importer(2089858483,0ecaa5967403d082aa24f35e1b516d23) [PhysX] Initialized MultithreadedTaskDispatcher with 8 workers.
 -> (artifact id: 'db10a4718822f2aef34dd58237ad4ead') in 0.057113 seconds
Number of updated asset objects reloaded before import = 0
Number of asset objects unloaded after import = 79
========================================================================
Received Import Request.
  Time since last request: 0.000342 seconds.
  path: Assets/Course Library/Objects/Pickups/PowerIcon.prefab
  artifactKey: Guid(0782c4fdae5f1624ba26300a1dc7a0a7) Importer(2089858483,0ecaa5967403d082aa24f35e1b516d23)
Start importing Assets/Course Library/Objects/Pickups/PowerIcon.prefab using Guid(0782c4fdae5f1624ba26300a1dc7a0a7) Importer(2089858483,0ecaa5967403d082aa24f35e1b516d23) [PhysX] Initialized MultithreadedTaskDispatcher with 8 workers.
 -> (artifact id: '4d858d2043a0ea9749afc4dc776a423b') in 0.002765 seconds
Number of updated asset objects reloaded before import = 0
Number of asset objects unloaded after import = 7
========================================================================
Received Import Request.
  Time since last request: 0.007356 seconds.
  path: Assets/Course Library/Textures/Abstract/PolygonPrototype_Texture_Grid_Glass_01.png
  artifactKey: Guid(1432e62c10501d147a873c128326f711) Importer(2089858483,0ecaa5967403d082aa24f35e1b516d23)
Start importing Assets/Course Library/Textures/Abstract/PolygonPrototype_Texture_Grid_Glass_01.png using Guid(1432e62c10501d147a873c128326f711) Importer(2089858483,0ecaa5967403d082aa24f35e1b516d23) [PhysX] Initialized MultithreadedTaskDispatcher with 8 workers.
 -> (artifact id: '0e8c2c74e02a2b7275f5978e3a1cf57b') in 0.008006 seconds
Number of updated asset objects reloaded before import = 0
Number of asset objects unloaded after import = 1
========================================================================
Received Import Request.
  Time since last request: 0.002736 seconds.
  path: Assets/Course Library/Particles/FX_Dust_Prefab_01.prefab
  artifactKey: Guid(c83a45822d0d3f94991e76a87670125c) Importer(2089858483,3d70f49cd1c2eb9ae422958d1c652c6b)
Start importing Assets/Course Library/Particles/FX_Dust_Prefab_01.prefab using Guid(c83a45822d0d3f94991e76a87670125c) Importer(2089858483,3d70f49cd1c2eb9ae422958d1c652c6b) [PhysX] Initialized MultithreadedTaskDispatcher with 8 workers.
 -> (artifact id: '3097c01a06191a895c610794d9bf5148') in 0.003422 seconds
Number of updated asset objects reloaded before import = 0
Number of asset objects unloaded after import = 7
========================================================================
Received Import Request.
  Time since last request: 0.002587 seconds.
  path: Assets/Course Library/Objects/Food/Food_Organic_Apple_01.prefab
  artifactKey: Guid(c13306d1f1d9a1a489199ef77f9dba89) Importer(2089858483,3d70f49cd1c2eb9ae422958d1c652c6b)
Start importing Assets/Course Library/Objects/Food/Food_Organic_Apple_01.prefab using Guid(c13306d1f1d9a1a489199ef77f9dba89) Importer(2089858483,3d70f49cd1c2eb9ae422958d1c652c6b) [PhysX] Initialized MultithreadedTaskDispatcher with 8 workers.
 -> (artifact id: 'e87bf338370b1c08df5cedae85ce3934') in 0.003083 seconds
Number of updated asset objects reloaded before import = 0
Number of asset objects unloaded after import = 8
========================================================================
Received Import Request.
  Time since last request: 0.000402 seconds.
  path: Assets/Course Library/Characters/Town/SimplePeople_Woman_Waitress_Black.prefab
  artifactKey: Guid(20847b8e912bc604b99e748a676d067b) Importer(2089858483,3d70f49cd1c2eb9ae422958d1c652c6b)
Start importing Assets/Course Library/Characters/Town/SimplePeople_Woman_Waitress_Black.prefab using Guid(20847b8e912bc604b99e748a676d067b) Importer(2089858483,3d70f49cd1c2eb9ae422958d1c652c6b) [PhysX] Initialized MultithreadedTaskDispatcher with 8 workers.
 -> (artifact id: '880e5dd80dc9b98ed2e65376709f4c9a') in 0.006828 seconds
Number of updated asset objects reloaded before import = 0
Number of asset objects unloaded after import = 98
========================================================================
Received Import Request.
  Time since last request: 0.001873 seconds.
  path: Assets/TerrainSampleAssets/Models/GrassDry_B.asset
  artifactKey: Guid(34620cf8cdb76ba4b9af2acb627f7846) Importer(2089858483,3d70f49cd1c2eb9ae422958d1c652c6b)
Start importing Assets/TerrainSampleAssets/Models/GrassDry_B.asset using Guid(34620cf8cdb76ba4b9af2acb627f7846) Importer(2089858483,3d70f49cd1c2eb9ae422958d1c652c6b) [PhysX] Initialized MultithreadedTaskDispatcher with 8 workers.
 -> (artifact id: 'c95426fe7fbdf7bd6af5947ade6b5523') in 0.002708 seconds
Number of updated asset objects reloaded before import = 0
Number of asset objects unloaded after import = 0
========================================================================
Received Import Request.
  Time since last request: 0.003311 seconds.
  path: Assets/TerrainSampleAssets/TerrainBrushes/Soft_Round_Brush.brush
  artifactKey: Guid(a757b66aa1cbcbe4595dd37a3729ba24) Importer(2089858483,0ecaa5967403d082aa24f35e1b516d23)
Start importing Assets/TerrainSampleAssets/TerrainBrushes/Soft_Round_Brush.brush using Guid(a757b66aa1cbcbe4595dd37a3729ba24) Importer(2089858483,0ecaa5967403d082aa24f35e1b516d23) [PhysX] Initialized MultithreadedTaskDispatcher with 8 workers.
 -> (artifact id: '1967eef9d1e6a4a5f0e56a9959464688') in 0.005715 seconds
Number of updated asset objects reloaded before import = 0
Number of asset objects unloaded after import = 2
========================================================================
Received Import Request.
  Time since last request: 0.005509 seconds.
  path: Assets/Course Library/Characters/Town/SimplePeople_Woman_Doctor_Black.prefab
  artifactKey: Guid(03ffd135f81a3fb4cb6f2e6e944f979d) Importer(2089858483,0ecaa5967403d082aa24f35e1b516d23)
Start importing Assets/Course Library/Characters/Town/SimplePeople_Woman_Doctor_Black.prefab using Guid(03ffd135f81a3fb4cb6f2e6e944f979d) Importer(2089858483,0ecaa5967403d082aa24f35e1b516d23) [PhysX] Initialized MultithreadedTaskDispatcher with 8 workers.
 -> (artifact id: '57cc1a1dda862f701efe2fa4885158cd') in 0.014729 seconds
Number of updated asset objects reloaded before import = 0
Number of asset objects unloaded after import = 400
========================================================================
Received Import Request.
  Time since last request: 0.000205 seconds.
  path: Assets/Settings/URP-HighFidelity-Renderer.asset
  artifactKey: Guid(c40be3174f62c4acf8c1216858c64956) Importer(2089858483,3d70f49cd1c2eb9ae422958d1c652c6b)
Start importing Assets/Settings/URP-HighFidelity-Renderer.asset using Guid(c40be3174f62c4acf8c1216858c64956) Importer(2089858483,3d70f49cd1c2eb9ae422958d1c652c6b) [PhysX] Initialized MultithreadedTaskDispatcher with 8 workers.
 -> (artifact id: '7c056e6a0efaf890c90e515d8a641bf2') in 0.001640 seconds
Number of updated asset objects reloaded before import = 0
Number of asset objects unloaded after import = 0
========================================================================
Received Import Request.
  Time since last request: 0.002138 seconds.
  path: Assets/Course Library/Objects/Pickups/RepairIcon.prefab
  artifactKey: Guid(510349479745aac4b9209e9326e42601) Importer(2089858483,0ecaa5967403d082aa24f35e1b516d23)
Start importing Assets/Course Library/Objects/Pickups/RepairIcon.prefab using Guid(510349479745aac4b9209e9326e42601) Importer(2089858483,0ecaa5967403d082aa24f35e1b516d23) [PhysX] Initialized MultithreadedTaskDispatcher with 8 workers.
 -> (artifact id: 'd884821bd5543811676000cf33405ade') in 0.004959 seconds
Number of updated asset objects reloaded before import = 0
Number of asset objects unloaded after import = 7
========================================================================
Received Import Request.
  Time since last request: 0.000929 seconds.
  path: Assets/Materials/Blue.mat
  artifactKey: Guid(82d23c094efcd47d8a29c5334c44f344) Importer(2089858483,0ecaa5967403d082aa24f35e1b516d23)
Start importing Assets/Materials/Blue.mat using Guid(82d23c094efcd47d8a29c5334c44f344) Importer(2089858483,0ecaa5967403d082aa24f35e1b516d23) [PhysX] Initialized MultithreadedTaskDispatcher with 8 workers.
 -> (artifact id: '1d2450cea8d1d119cc874fd7139681f8') in 0.002506 seconds
Number of updated asset objects reloaded before import = 0
Number of asset objects unloaded after import = 1
========================================================================
Received Import Request.
  Time since last request: 0.000463 seconds.
  path: Assets/Course Library/Characters/Town/SimplePeople_Man_Business_White.prefab
  artifactKey: Guid(b186f9485a0828b468f98fe846ae1a68) Importer(2089858483,0ecaa5967403d082aa24f35e1b516d23)
Start importing Assets/Course Library/Characters/Town/SimplePeople_Man_Business_White.prefab using Guid(b186f9485a0828b468f98fe846ae1a68) Importer(2089858483,0ecaa5967403d082aa24f35e1b516d23) [PhysX] Initialized MultithreadedTaskDispatcher with 8 workers.
 -> (artifact id: '2e19e0070957daa6759c4778cf0e4678') in 0.015172 seconds
Number of updated asset objects reloaded before import = 0
Number of asset objects unloaded after import = 400
========================================================================
Received Import Request.
  Time since last request: 0.157356 seconds.
  path: Assets/Course Library/_Source_Files/FBX/Plane_Propellor01.fbx
  artifactKey: Guid(5c48649e5fc70484eaab4eabdea710d8) Importer(2089858483,0ecaa5967403d082aa24f35e1b516d23)
Start importing Assets/Course Library/_Source_Files/FBX/Plane_Propellor01.fbx using Guid(5c48649e5fc70484eaab4eabdea710d8) Importer(2089858483,0ecaa5967403d082aa24f35e1b516d23) [PhysX] Initialized MultithreadedTaskDispatcher with 8 workers.
 -> (artifact id: 'fff207bd71a0ee2f04e639db7ba561e7') in 0.012116 seconds
Number of updated asset objects reloaded before import = 0
Number of asset objects unloaded after import = 32
========================================================================
Received Import Request.
  Time since last request: 0.005792 seconds.
  path: Assets/Course Library/_Source_Files/FBX/SK_Veh_Armor_Car_01.fbx
  artifactKey: Guid(93b9de2c4710d6b4e9ac38987a064d42) Importer(2089858483,0ecaa5967403d082aa24f35e1b516d23)
Start importing Assets/Course Library/_Source_Files/FBX/SK_Veh_Armor_Car_01.fbx using Guid(93b9de2c4710d6b4e9ac38987a064d42) Importer(2089858483,0ecaa5967403d082aa24f35e1b516d23) [PhysX] Initialized MultithreadedTaskDispatcher with 8 workers.
 -> (artifact id: 'da99dca4621d7a156dc52fd6a3f645c0') in 0.011614 seconds
Number of updated asset objects reloaded before import = 0
Number of asset objects unloaded after import = 37
========================================================================
Received Import Request.
  Time since last request: 0.001497 seconds.
  path: Assets/Course Library/_Source_Files/FBX/SA_Animal_Horse.fbx
  artifactKey: Guid(c4324fcdc6ce67d4e97e3c807c446974) Importer(2089858483,0ecaa5967403d082aa24f35e1b516d23)
Start importing Assets/Course Library/_Source_Files/FBX/SA_Animal_Horse.fbx using Guid(c4324fcdc6ce67d4e97e3c807c446974) Importer(2089858483,0ecaa5967403d082aa24f35e1b516d23) [PhysX] Initialized MultithreadedTaskDispatcher with 8 workers.
 -> (artifact id: '55b0f0d697ed266f71f8d226ab3434dc') in 0.020472 seconds
Number of updated asset objects reloaded before import = 0
Number of asset objects unloaded after import = 116
========================================================================
Received Import Request.
  Time since last request: 0.003532 seconds.
  path: Assets/Course Library/_Source_Files/Materials/SimpleFarmer_FarmWrangler_Black.mat
  artifactKey: Guid(9d9526852cc4b0b42bf5de686168e78d) Importer(2089858483,0ecaa5967403d082aa24f35e1b516d23)
Start importing Assets/Course Library/_Source_Files/Materials/SimpleFarmer_FarmWrangler_Black.mat using Guid(9d9526852cc4b0b42bf5de686168e78d) Importer(2089858483,0ecaa5967403d082aa24f35e1b516d23) [PhysX] Initialized MultithreadedTaskDispatcher with 8 workers.
 -> (artifact id: 'f9fe69a30b77cdf136db443f53348659') in 0.048254 seconds
Number of updated asset objects reloaded before import = 0
Number of asset objects unloaded after import = 2
========================================================================
Received Import Request.
  Time since last request: 0.005947 seconds.
  path: Assets/Course Library/_Source_Files/FBX/Small_Plane02.fbx
  artifactKey: Guid(5bdf4d3d5d3951d4c8a861101a144e82) Importer(2089858483,0ecaa5967403d082aa24f35e1b516d23)
Start importing Assets/Course Library/_Source_Files/FBX/Small_Plane02.fbx using Guid(5bdf4d3d5d3951d4c8a861101a144e82) Importer(2089858483,0ecaa5967403d082aa24f35e1b516d23) [PhysX] Initialized MultithreadedTaskDispatcher with 8 workers.
 -> (artifact id: '5657527d55edda25f7f570feaff23c6a') in 0.005331 seconds
Number of updated asset objects reloaded before import = 0
Number of asset objects unloaded after import = 12
========================================================================
Received Import Request.
  Time since last request: 0.000342 seconds.
  path: Assets/Course Library/_Source_Files/Materials/PolygonPrototype_Texture_01.mat
  artifactKey: Guid(41680dad0f0243748b4e228f49a2e3c4) Importer(2089858483,0ecaa5967403d082aa24f35e1b516d23)
Start importing Assets/Course Library/_Source_Files/Materials/PolygonPrototype_Texture_01.mat using Guid(41680dad0f0243748b4e228f49a2e3c4) Importer(2089858483,0ecaa5967403d082aa24f35e1b516d23) [PhysX] Initialized MultithreadedTaskDispatcher with 8 workers.
 -> (artifact id: '39d4878209ac049ccd5a3e8834e5639e') in 0.009038 seconds
Number of updated asset objects reloaded before import = 0
Number of asset objects unloaded after import = 2
========================================================================
Received Import Request.
  Time since last request: 0.002261 seconds.
  path: Assets/Course Library/_Source_Files/FBX/SM_Prop_Crate_Question_01.fbx
  artifactKey: Guid(78bd0c4c873f8654197ff2905740f24f) Importer(2089858483,0ecaa5967403d082aa24f35e1b516d23)
Start importing Assets/Course Library/_Source_Files/FBX/SM_Prop_Crate_Question_01.fbx using Guid(78bd0c4c873f8654197ff2905740f24f) Importer(2089858483,0ecaa5967403d082aa24f35e1b516d23) [PhysX] Initialized MultithreadedTaskDispatcher with 8 workers.
 -> (artifact id: 'e4f57026caf94e27bb6ee3cea532a29b') in 0.007666 seconds
Number of updated asset objects reloaded before import = 0
Number of asset objects unloaded after import = 7
========================================================================
Received Import Request.
  Time since last request: 0.003981 seconds.
  path: Assets/Course Library/_Source_Files/Materials/FX_Rubble.mat
  artifactKey: Guid(7a9bced7715b2c047b5413e33bc60d5c) Importer(2089858483,0ecaa5967403d082aa24f35e1b516d23)
Start importing Assets/Course Library/_Source_Files/Materials/FX_Rubble.mat using Guid(7a9bced7715b2c047b5413e33bc60d5c) Importer(2089858483,0ecaa5967403d082aa24f35e1b516d23) [PhysX] Initialized MultithreadedTaskDispatcher with 8 workers.
 -> (artifact id: 'd40910c7138ab435a98bbf5d0285177f') in 0.002775 seconds
Number of updated asset objects reloaded before import = 0
Number of asset objects unloaded after import = 1
========================================================================
Received Import Request.
  Time since last request: 0.001237 seconds.
  path: Assets/Course Library/_Source_Files/FBX/SI_RadiationIcon.fbx
  artifactKey: Guid(658d96199cc7d3b4880fa76714523436) Importer(2089858483,0ecaa5967403d082aa24f35e1b516d23)
Start importing Assets/Course Library/_Source_Files/FBX/SI_RadiationIcon.fbx using Guid(658d96199cc7d3b4880fa76714523436) Importer(2089858483,0ecaa5967403d082aa24f35e1b516d23) [PhysX] Initialized MultithreadedTaskDispatcher with 8 workers.
 -> (artifact id: 'f8594051c3a19329ae3c0bd9925ed036') in 0.006412 seconds
Number of updated asset objects reloaded before import = 0
Number of asset objects unloaded after import = 7
========================================================================
Received Import Request.
  Time since last request: 0.005780 seconds.
  path: Assets/Course Library/_Source_Files/FBX/SI_RepairIcon.fbx
  artifactKey: Guid(a23ff2708d9482e42b37fcc0c30dde67) Importer(2089858483,0ecaa5967403d082aa24f35e1b516d23)
Start importing Assets/Course Library/_Source_Files/FBX/SI_RepairIcon.fbx using Guid(a23ff2708d9482e42b37fcc0c30dde67) Importer(2089858483,0ecaa5967403d082aa24f35e1b516d23) [PhysX] Initialized MultithreadedTaskDispatcher with 8 workers.
 -> (artifact id: '79c93d85b5f208d7b71a2ba5f1f08d50') in 0.008772 seconds
Number of updated asset objects reloaded before import = 0
Number of asset objects unloaded after import = 7
========================================================================
Received Import Request.
  Time since last request: 0.000963 seconds.
  path: Assets/Course Library/_Source_Files/FBX/SM_Prop_Steak_01.fbx
  artifactKey: Guid(c55426ee7a822ec4c8ceed2eb60a805e) Importer(2089858483,0ecaa5967403d082aa24f35e1b516d23)
Start importing Assets/Course Library/_Source_Files/FBX/SM_Prop_Steak_01.fbx using Guid(c55426ee7a822ec4c8ceed2eb60a805e) Importer(2089858483,0ecaa5967403d082aa24f35e1b516d23) [PhysX] Initialized MultithreadedTaskDispatcher with 8 workers.
 -> (artifact id: '0d3410dd8c1a80c968d7b38fa765fa31') in 0.005871 seconds
Number of updated asset objects reloaded before import = 0
Number of asset objects unloaded after import = 7
========================================================================
Received Import Request.
  Time since last request: 0.003166 seconds.
  path: Assets/Course Library/_Source_Files/FBX/SM_Tile_Hex_FloatingIsland_01.fbx
  artifactKey: Guid(8878a37eb67ddac4ead51890a31d6a18) Importer(2089858483,0ecaa5967403d082aa24f35e1b516d23)
Start importing Assets/Course Library/_Source_Files/FBX/SM_Tile_Hex_FloatingIsland_01.fbx using Guid(8878a37eb67ddac4ead51890a31d6a18) Importer(2089858483,0ecaa5967403d082aa24f35e1b516d23) [PhysX] Initialized MultithreadedTaskDispatcher with 8 workers.
 -> (artifact id: '7986bb43f4805f5974627f47e1ff2a0a') in 0.007791 seconds
Number of updated asset objects reloaded before import = 0
Number of asset objects unloaded after import = 7
========================================================================
Received Import Request.
  Time since last request: 0.000386 seconds.
  path: Assets/Course Library/_Source_Files/Materials/FX_Dust.mat
  artifactKey: Guid(cd97a4f0bfba00a46a4a29156f2a23bd) Importer(2089858483,0ecaa5967403d082aa24f35e1b516d23)
Start importing Assets/Course Library/_Source_Files/Materials/FX_Dust.mat using Guid(cd97a4f0bfba00a46a4a29156f2a23bd) Importer(2089858483,0ecaa5967403d082aa24f35e1b516d23) [PhysX] Initialized MultithreadedTaskDispatcher with 8 workers.
 -> (artifact id: '03ee9be6e4c0f7680ac80989291bea84') in 0.003953 seconds
Number of updated asset objects reloaded before import = 0
Number of asset objects unloaded after import = 1
========================================================================
Received Import Request.
  Time since last request: 0.002345 seconds.
  path: Assets/Course Library/_Source_Files/FBX/Vehicle_Sailboat_01.fbx
  artifactKey: Guid(1e6e3d70110b628439d8bca9936f9043) Importer(2089858483,0ecaa5967403d082aa24f35e1b516d23)
Start importing Assets/Course Library/_Source_Files/FBX/Vehicle_Sailboat_01.fbx using Guid(1e6e3d70110b628439d8bca9936f9043) Importer(2089858483,0ecaa5967403d082aa24f35e1b516d23) [PhysX] Initialized MultithreadedTaskDispatcher with 8 workers.
 -> (artifact id: '7fa32dac0b300b6b14e244c5babd56a3') in 0.005002 seconds
Number of updated asset objects reloaded before import = 0
Number of asset objects unloaded after import = 7
========================================================================
Received Import Request.
  Time since last request: 0.224480 seconds.
  path: Assets/Course Library/_Source_Files/Materials/SimpleFarmer_FarmersWife_Brown.mat
  artifactKey: Guid(dea8da5c59fb63f43bdae7f3ae6f83e9) Importer(2089858483,0ecaa5967403d082aa24f35e1b516d23)
Start importing Assets/Course Library/_Source_Files/Materials/SimpleFarmer_FarmersWife_Brown.mat using Guid(dea8da5c59fb63f43bdae7f3ae6f83e9) Importer(2089858483,0ecaa5967403d082aa24f35e1b516d23) [PhysX] Initialized MultithreadedTaskDispatcher with 8 workers.
 -> (artifact id: '85465e7845b2c1a10e1bdd2574bf29f5') in 0.005148 seconds
Number of updated asset objects reloaded before import = 0
Number of asset objects unloaded after import = 2
========================================================================
Received Import Request.
  Time since last request: 0.001743 seconds.
  path: Assets/Course Library/_Source_Files/Materials/SimplePeople_Waitress_Brown.mat
  artifactKey: Guid(7a72a6e6dc8f7894b982c3d079fd3272) Importer(2089858483,0ecaa5967403d082aa24f35e1b516d23)
Start importing Assets/Course Library/_Source_Files/Materials/SimplePeople_Waitress_Brown.mat using Guid(7a72a6e6dc8f7894b982c3d079fd3272) Importer(2089858483,0ecaa5967403d082aa24f35e1b516d23) [PhysX] Initialized MultithreadedTaskDispatcher with 8 workers.
 -> (artifact id: 'c4288528833ed1cd03085cff1dae50ad') in 0.015758 seconds
Number of updated asset objects reloaded before import = 0
Number of asset objects unloaded after import = 2
========================================================================
Received Import Request.
  Time since last request: 0.000249 seconds.
  path: Assets/Course Library/_Source_Files/Misc/Cloud_03.fbx
  artifactKey: Guid(1b2c48376dafb734ab58d2226e1b7747) Importer(2089858483,0ecaa5967403d082aa24f35e1b516d23)
Start importing Assets/Course Library/_Source_Files/Misc/Cloud_03.fbx using Guid(1b2c48376dafb734ab58d2226e1b7747) Importer(2089858483,0ecaa5967403d082aa24f35e1b516d23) [PhysX] Initialized MultithreadedTaskDispatcher with 8 workers.
 -> (artifact id: '7237679a1072f4ccc3cbbe84f99abfe8') in 0.004846 seconds
Number of updated asset objects reloaded before import = 0
Number of asset objects unloaded after import = 7
========================================================================
Received Import Request.
  Time since last request: 0.001662 seconds.
  path: Assets/Course Library/_Source_Files/Misc/SM_Prop_Barrel_01.fbx
  artifactKey: Guid(0934a3eb8623484489b357f278941c88) Importer(2089858483,0ecaa5967403d082aa24f35e1b516d23)
Start importing Assets/Course Library/_Source_Files/Misc/SM_Prop_Barrel_01.fbx using Guid(0934a3eb8623484489b357f278941c88) Importer(2089858483,0ecaa5967403d082aa24f35e1b516d23) [PhysX] Initialized MultithreadedTaskDispatcher with 8 workers.
 -> (artifact id: '8ec5088bb3cd4cc6a41b9f736248d316') in 0.004954 seconds
Number of updated asset objects reloaded before import = 0
Number of asset objects unloaded after import = 7
========================================================================
Received Import Request.
  Time since last request: 0.000261 seconds.
  path: Assets/Course Library/_Source_Files/Textures/SimplePeople_Waitress_Brown.png
  artifactKey: Guid(0000894bdf64f1b468a3c75f66de34ab) Importer(2089858483,0ecaa5967403d082aa24f35e1b516d23)
Start importing Assets/Course Library/_Source_Files/Textures/SimplePeople_Waitress_Brown.png using Guid(0000894bdf64f1b468a3c75f66de34ab) Importer(2089858483,0ecaa5967403d082aa24f35e1b516d23) [PhysX] Initialized MultithreadedTaskDispatcher with 8 workers.
 -> (artifact id: '116fb621e9528a4122a3563b96ecd8ec') in 0.008059 seconds
Number of updated asset objects reloaded before import = 0
Number of asset objects unloaded after import = 1
========================================================================
Received Import Request.
  Time since last request: 0.000684 seconds.
  path: Assets/TerrainSampleAssets/Textures/Details/BushDry_Thickness.tif
  artifactKey: Guid(100a50e8b1d0bc04b95bc2f03cb760db) Importer(2089858483,0ecaa5967403d082aa24f35e1b516d23)
Start importing Assets/TerrainSampleAssets/Textures/Details/BushDry_Thickness.tif using Guid(100a50e8b1d0bc04b95bc2f03cb760db) Importer(2089858483,0ecaa5967403d082aa24f35e1b516d23) [PhysX] Initialized MultithreadedTaskDispatcher with 8 workers.
 -> (artifact id: '45a656eaed89456b06885f69472eca6f') in 0.007388 seconds
Number of updated asset objects reloaded before import = 0
Number of asset objects unloaded after import = 1
========================================================================
Received Import Request.
  Time since last request: 0.001535 seconds.
  path: Assets/TerrainSampleAssets/Textures/Details/Bush_A_MaskMap.tif
  artifactKey: Guid(0e1771a5cd057014db71494d5a458d40) Importer(2089858483,0ecaa5967403d082aa24f35e1b516d23)
Start importing Assets/TerrainSampleAssets/Textures/Details/Bush_A_MaskMap.tif using Guid(0e1771a5cd057014db71494d5a458d40) Importer(2089858483,0ecaa5967403d082aa24f35e1b516d23) [PhysX] Initialized MultithreadedTaskDispatcher with 8 workers.
 -> (artifact id: 'f33e17a6e5260a673793d715f23924e4') in 0.004322 seconds
Number of updated asset objects reloaded before import = 0
Number of asset objects unloaded after import = 1
========================================================================
Received Import Request.
  Time since last request: 0.001004 seconds.
  path: Assets/Course Library/_Source_Files/Textures/PolygonCity_Texture_Metallic.tga
  artifactKey: Guid(2da74f2130b2ca74faacbcaaa83c5a44) Importer(2089858483,0ecaa5967403d082aa24f35e1b516d23)
Start importing Assets/Course Library/_Source_Files/Textures/PolygonCity_Texture_Metallic.tga using Guid(2da74f2130b2ca74faacbcaaa83c5a44) Importer(2089858483,0ecaa5967403d082aa24f35e1b516d23) [PhysX] Initialized MultithreadedTaskDispatcher with 8 workers.
 -> (artifact id: 'd221f1d30ac9baa7fa43bd64370b19f0') in 0.007065 seconds
Number of updated asset objects reloaded before import = 0
Number of asset objects unloaded after import = 1
========================================================================
Received Import Request.
  Time since last request: 0.002536 seconds.
  path: Assets/Course Library/_Source_Files/Textures/SimpleAnimalsFarm.png
  artifactKey: Guid(3df023afa2d589948af5cb2c34b25809) Importer(2089858483,0ecaa5967403d082aa24f35e1b516d23)
Start importing Assets/Course Library/_Source_Files/Textures/SimpleAnimalsFarm.png using Guid(3df023afa2d589948af5cb2c34b25809) Importer(2089858483,0ecaa5967403d082aa24f35e1b516d23) [PhysX] Initialized MultithreadedTaskDispatcher with 8 workers.
 -> (artifact id: '1a42997278dd2646e27ff30dc253e89b') in 0.004474 seconds
Number of updated asset objects reloaded before import = 0
Number of asset objects unloaded after import = 1
========================================================================
Received Import Request.
  Time since last request: 0.003001 seconds.
  path: Assets/Course Library/_Source_Files/Misc/SA_Animal_Chick.controller
  artifactKey: Guid(fcb5ec06ce1a1d0468b35327576bb69a) Importer(2089858483,0ecaa5967403d082aa24f35e1b516d23)
Start importing Assets/Course Library/_Source_Files/Misc/SA_Animal_Chick.controller using Guid(fcb5ec06ce1a1d0468b35327576bb69a) Importer(2089858483,0ecaa5967403d082aa24f35e1b516d23) [PhysX] Initialized MultithreadedTaskDispatcher with 8 workers.
 -> (artifact id: 'bd81973c6fb1b52ac67919fc3c840adb') in 0.002072 seconds
Number of updated asset objects reloaded before import = 0
Number of asset objects unloaded after import = 11
========================================================================
Received Import Request.
  Time since last request: 0.000298 seconds.
  path: Assets/Course Library/_Source_Files/Materials/SimpleTownLite_Road.mat
  artifactKey: Guid(2191478c1f641c245b4fe9449817a0b7) Importer(2089858483,0ecaa5967403d082aa24f35e1b516d23)
Start importing Assets/Course Library/_Source_Files/Materials/SimpleTownLite_Road.mat using Guid(2191478c1f641c245b4fe9449817a0b7) Importer(2089858483,0ecaa5967403d082aa24f35e1b516d23) [PhysX] Initialized MultithreadedTaskDispatcher with 8 workers.
 -> (artifact id: '4839bdd950f0147976c4021108257c66') in 0.005785 seconds
Number of updated asset objects reloaded before import = 0
Number of asset objects unloaded after import = 2
========================================================================
Received Import Request.
  Time since last request: 0.000771 seconds.
  path: Assets/Course Library/_Source_Files/Materials/SimplePeople_RoadWorker_Brown.mat
  artifactKey: Guid(90dcbab6fadc3d84db8a80a47e8012cf) Importer(2089858483,0ecaa5967403d082aa24f35e1b516d23)
Start importing Assets/Course Library/_Source_Files/Materials/SimplePeople_RoadWorker_Brown.mat using Guid(90dcbab6fadc3d84db8a80a47e8012cf) Importer(2089858483,0ecaa5967403d082aa24f35e1b516d23) [PhysX] Initialized MultithreadedTaskDispatcher with 8 workers.
 -> (artifact id: '64a80aa3decc9e8669a9da2c0b62a841') in 0.005829 seconds
Number of updated asset objects reloaded before import = 0
Number of asset objects unloaded after import = 2
========================================================================
Received Import Request.
  Time since last request: 0.003569 seconds.
  path: Assets/TerrainSampleAssets/Textures/Details/GrassDry_Normal.tif
  artifactKey: Guid(17cc5677d5a413843b9003e53261c859) Importer(2089858483,0ecaa5967403d082aa24f35e1b516d23)
Start importing Assets/TerrainSampleAssets/Textures/Details/GrassDry_Normal.tif using Guid(17cc5677d5a413843b9003e53261c859) Importer(2089858483,0ecaa5967403d082aa24f35e1b516d23) [PhysX] Initialized MultithreadedTaskDispatcher with 8 workers.
 -> (artifact id: '697c89bdf3967d9324c19b6a50c45880') in 0.007184 seconds
Number of updated asset objects reloaded before import = 0
Number of asset objects unloaded after import = 1
========================================================================
Received Import Request.
  Time since last request: 0.001895 seconds.
  path: Assets/Course Library/_Source_Files/Materials/SimplePeople_BeachBabe_Black.mat
  artifactKey: Guid(a40e1f49699c0da4b878646e3acdfad8) Importer(2089858483,0ecaa5967403d082aa24f35e1b516d23)
Start importing Assets/Course Library/_Source_Files/Materials/SimplePeople_BeachBabe_Black.mat using Guid(a40e1f49699c0da4b878646e3acdfad8) Importer(2089858483,0ecaa5967403d082aa24f35e1b516d23) [PhysX] Initialized MultithreadedTaskDispatcher with 8 workers.
 -> (artifact id: '85a7b9405e93a79ace65f3d5116e62dd') in 0.002875 seconds
Number of updated asset objects reloaded before import = 0
Number of asset objects unloaded after import = 2
========================================================================
Received Import Request.
  Time since last request: 0.002281 seconds.
  path: Assets/Course Library/_Source_Files/Textures/SimpleDogs.png
  artifactKey: Guid(9430bf83a61e53642891d8823882b08c) Importer(2089858483,0ecaa5967403d082aa24f35e1b516d23)
Start importing Assets/Course Library/_Source_Files/Textures/SimpleDogs.png using Guid(9430bf83a61e53642891d8823882b08c) Importer(2089858483,0ecaa5967403d082aa24f35e1b516d23) [PhysX] Initialized MultithreadedTaskDispatcher with 8 workers.
 -> (artifact id: '4aaba24576dd60ed4ea266c3b954857f') in 0.005509 seconds
Number of updated asset objects reloaded before import = 0
Number of asset objects unloaded after import = 1
========================================================================
Received Import Request.
  Time since last request: 0.003030 seconds.
  path: Assets/Course Library/_Source_Files/Materials/SimplePeople_Doctor_Brown.mat
  artifactKey: Guid(eb10910f153c6cc4585a14616bd3d32e) Importer(2089858483,0ecaa5967403d082aa24f35e1b516d23)
Start importing Assets/Course Library/_Source_Files/Materials/SimplePeople_Doctor_Brown.mat using Guid(eb10910f153c6cc4585a14616bd3d32e) Importer(2089858483,0ecaa5967403d082aa24f35e1b516d23) [PhysX] Initialized MultithreadedTaskDispatcher with 8 workers.
 -> (artifact id: '4fe72d03ee76f6fc6d27f23bac2e0ad2') in 0.002654 seconds
Number of updated asset objects reloaded before import = 0
Number of asset objects unloaded after import = 2
========================================================================
Received Import Request.
  Time since last request: 0.003553 seconds.
  path: Assets/TerrainSampleAssets/Textures/Details/Bush_A_Normal.tif
  artifactKey: Guid(e1ef57925b58e624bb0ddcc506f28e94) Importer(2089858483,0ecaa5967403d082aa24f35e1b516d23)
Start importing Assets/TerrainSampleAssets/Textures/Details/Bush_A_Normal.tif using Guid(e1ef57925b58e624bb0ddcc506f28e94) Importer(2089858483,0ecaa5967403d082aa24f35e1b516d23) [PhysX] Initialized MultithreadedTaskDispatcher with 8 workers.
 -> (artifact id: '719e6eb0fe07ee59f9fe969f51fcff61') in 0.008717 seconds
Number of updated asset objects reloaded before import = 0
Number of asset objects unloaded after import = 1
========================================================================
Received Import Request.
  Time since last request: 0.002623 seconds.
  path: Assets/TerrainSampleAssets/Textures/Details/Grass_A_Thickness.tif
  artifactKey: Guid(5bdbe53dce2414e458937234dce49479) Importer(2089858483,0ecaa5967403d082aa24f35e1b516d23)
Start importing Assets/TerrainSampleAssets/Textures/Details/Grass_A_Thickness.tif using Guid(5bdbe53dce2414e458937234dce49479) Importer(2089858483,0ecaa5967403d082aa24f35e1b516d23) [PhysX] Initialized MultithreadedTaskDispatcher with 8 workers.
 -> (artifact id: 'af49465044f98932d1188072d2895f3f') in 0.018904 seconds
Number of updated asset objects reloaded before import = 0
Number of asset objects unloaded after import = 1
========================================================================
Received Import Request.
  Time since last request: 0.000550 seconds.
  path: Assets/Course Library/_Source_Files/Misc/SFA_Animal_Deer.controller
  artifactKey: Guid(76f55cbd3070de9459d9f9978299228c) Importer(2089858483,0ecaa5967403d082aa24f35e1b516d23)
Start importing Assets/Course Library/_Source_Files/Misc/SFA_Animal_Deer.controller using Guid(76f55cbd3070de9459d9f9978299228c) Importer(2089858483,0ecaa5967403d082aa24f35e1b516d23) [PhysX] Initialized MultithreadedTaskDispatcher with 8 workers.
 -> (artifact id: '76d09cd8fe1a0e17f7a0c572e949eac3') in 0.003498 seconds
Number of updated asset objects reloaded before import = 0
Number of asset objects unloaded after import = 11
========================================================================
Received Import Request.
  Time since last request: 0.001718 seconds.
  path: Assets/Course Library/_Source_Files/Textures/SimpleFarmer_FarmWrangler_White.png
  artifactKey: Guid(38afee6b97f1660489dfceac21653a3d) Importer(2089858483,0ecaa5967403d082aa24f35e1b516d23)
Start importing Assets/Course Library/_Source_Files/Textures/SimpleFarmer_FarmWrangler_White.png using Guid(38afee6b97f1660489dfceac21653a3d) Importer(2089858483,0ecaa5967403d082aa24f35e1b516d23) [PhysX] Initialized MultithreadedTaskDispatcher with 8 workers.
 -> (artifact id: '70ef4be1970ee60fd64ecdf5a2e9dbe3') in 0.005073 seconds
Number of updated asset objects reloaded before import = 0
Number of asset objects unloaded after import = 1
========================================================================
Received Import Request.
  Time since last request: 0.003936 seconds.
  path: Assets/TerrainSampleAssets/Textures/Details/Fern_Thickness.tif
  artifactKey: Guid(daa49585c030643489dad5c6e4680dca) Importer(2089858483,0ecaa5967403d082aa24f35e1b516d23)
Start importing Assets/TerrainSampleAssets/Textures/Details/Fern_Thickness.tif using Guid(daa49585c030643489dad5c6e4680dca) Importer(2089858483,0ecaa5967403d082aa24f35e1b516d23) [PhysX] Initialized MultithreadedTaskDispatcher with 8 workers.
 -> (artifact id: '38613a06a08cf3d5e1a585cde7dfe074') in 0.005189 seconds
Number of updated asset objects reloaded before import = 0
Number of asset objects unloaded after import = 1
========================================================================
Received Import Request.
  Time since last request: 0.004608 seconds.
  path: Assets/Course Library/_Source_Files/Textures/SimplePeople_Doctor_White.png
  artifactKey: Guid(fe1471620c6980246afa8143d135e9fc) Importer(2089858483,0ecaa5967403d082aa24f35e1b516d23)
Start importing Assets/Course Library/_Source_Files/Textures/SimplePeople_Doctor_White.png using Guid(fe1471620c6980246afa8143d135e9fc) Importer(2089858483,0ecaa5967403d082aa24f35e1b516d23) [PhysX] Initialized MultithreadedTaskDispatcher with 8 workers.
 -> (artifact id: 'f7d0c70fb9a23b137b9652551e99bebb') in 0.007599 seconds
Number of updated asset objects reloaded before import = 0
Number of asset objects unloaded after import = 1
========================================================================
Received Import Request.
  Time since last request: 0.275044 seconds.
  path: Assets/TerrainSampleAssets/Textures/Heightmaps/Clouds_Heightmap.tif
  artifactKey: Guid(791ebe8a3d329b34ca7dc4616ec3cd34) Importer(2089858483,0ecaa5967403d082aa24f35e1b516d23)
Start importing Assets/TerrainSampleAssets/Textures/Heightmaps/Clouds_Heightmap.tif using Guid(791ebe8a3d329b34ca7dc4616ec3cd34) Importer(2089858483,0ecaa5967403d082aa24f35e1b516d23) [PhysX] Initialized MultithreadedTaskDispatcher with 8 workers.
 -> (artifact id: '117c26fe28dacd9e769992f60a880cdd') in 0.008016 seconds
Number of updated asset objects reloaded before import = 0
Number of asset objects unloaded after import = 1
========================================================================
Received Import Request.
  Time since last request: 0.000934 seconds.
  path: Assets/TerrainSampleAssets/Textures/Heightmaps/Mountain03_Heightmap.tif
  artifactKey: Guid(eb8981774e4509b4ba09dcceaf8814d1) Importer(2089858483,0ecaa5967403d082aa24f35e1b516d23)
Start importing Assets/TerrainSampleAssets/Textures/Heightmaps/Mountain03_Heightmap.tif using Guid(eb8981774e4509b4ba09dcceaf8814d1) Importer(2089858483,0ecaa5967403d082aa24f35e1b516d23) [PhysX] Initialized MultithreadedTaskDispatcher with 8 workers.
 -> (artifact id: 'cc365b5df8f4e9ca6494baa0455b657b') in 0.006883 seconds
Number of updated asset objects reloaded before import = 0
Number of asset objects unloaded after import = 1
========================================================================
Received Import Request.
  Time since last request: 0.001205 seconds.
  path: Assets/Course Library/Environments/Sky/Clouds/Cloud_03.prefab
  artifactKey: Guid(2df72ec125264584faa40cb1beef0481) Importer(2089858483,0ecaa5967403d082aa24f35e1b516d23)
Start importing Assets/Course Library/Environments/Sky/Clouds/Cloud_03.prefab using Guid(2df72ec125264584faa40cb1beef0481) Importer(2089858483,0ecaa5967403d082aa24f35e1b516d23) [PhysX] Initialized MultithreadedTaskDispatcher with 8 workers.
 -> (artifact id: '8c26105dba550595baae70c3b88b792e') in 0.003126 seconds
Number of updated asset objects reloaded before import = 0
Number of asset objects unloaded after import = 7
========================================================================
Received Import Request.
  Time since last request: 0.001436 seconds.
  path: Assets/TerrainSampleAssets/Textures/Terrain/Soil_Rocks_Normal.tif
  artifactKey: Guid(773f0cf0efc85a14a9f70e559642746f) Importer(2089858483,0ecaa5967403d082aa24f35e1b516d23)
Start importing Assets/TerrainSampleAssets/Textures/Terrain/Soil_Rocks_Normal.tif using Guid(773f0cf0efc85a14a9f70e559642746f) Importer(2089858483,0ecaa5967403d082aa24f35e1b516d23) [PhysX] Initialized MultithreadedTaskDispatcher with 8 workers.
 -> (artifact id: '334ffc24e69d426edaf6435282e61536') in 0.010261 seconds
Number of updated asset objects reloaded before import = 0
Number of asset objects unloaded after import = 1
========================================================================
Received Import Request.
  Time since last request: 0.005114 seconds.
  path: Assets/Course Library/Audio/Sound Effects/Gameplay/Boom_C_07_8-Bit_11025Hz.wav
  artifactKey: Guid(c40d1b26de66d4a3a8cc9b58a973e3c5) Importer(2089858483,0ecaa5967403d082aa24f35e1b516d23)
Start importing Assets/Course Library/Audio/Sound Effects/Gameplay/Boom_C_07_8-Bit_11025Hz.wav using Guid(c40d1b26de66d4a3a8cc9b58a973e3c5) Importer(2089858483,0ecaa5967403d082aa24f35e1b516d23) [PhysX] Initialized MultithreadedTaskDispatcher with 8 workers.
 -> (artifact id: '395c12fb48cd6ab3345018a8020dc0b1') in 0.015013 seconds
Number of updated asset objects reloaded before import = 0
Number of asset objects unloaded after import = 1
========================================================================
Received Import Request.
  Time since last request: 0.000415 seconds.
  path: Assets/Course Library/Audio/Sound Effects/Gameplay/Hurt_C_08_8-Bit_11025Hz.wav
  artifactKey: Guid(2662a34448ad7451dbb0fcc4c936754a) Importer(2089858483,0ecaa5967403d082aa24f35e1b516d23)
Start importing Assets/Course Library/Audio/Sound Effects/Gameplay/Hurt_C_08_8-Bit_11025Hz.wav using Guid(2662a34448ad7451dbb0fcc4c936754a) Importer(2089858483,0ecaa5967403d082aa24f35e1b516d23) [PhysX] Initialized MultithreadedTaskDispatcher with 8 workers.
 -> (artifact id: '8642e866d60be0855ce73d2030013f4a') in 0.011280 seconds
Number of updated asset objects reloaded before import = 0
Number of asset objects unloaded after import = 1
========================================================================
Received Import Request.
  Time since last request: 0.001393 seconds.
  path: Assets/TerrainSampleAssets/Textures/Terrain/Grass_Dry_MaskMap.tif
  artifactKey: Guid(9f2c593ad6e69ad4ab880e57ce9b69d6) Importer(2089858483,0ecaa5967403d082aa24f35e1b516d23)
Start importing Assets/TerrainSampleAssets/Textures/Terrain/Grass_Dry_MaskMap.tif using Guid(9f2c593ad6e69ad4ab880e57ce9b69d6) Importer(2089858483,0ecaa5967403d082aa24f35e1b516d23) [PhysX] Initialized MultithreadedTaskDispatcher with 8 workers.
 -> (artifact id: 'e08c6ca631df0f649678b4eea6ccbdb1') in 0.007508 seconds
Number of updated asset objects reloaded before import = 0
Number of asset objects unloaded after import = 1
========================================================================
Received Import Request.
  Time since last request: 0.003943 seconds.
  path: Assets/Course Library/Environments/Sky/Clouds/Cloud_01.prefab
  artifactKey: Guid(09062dc0008857b46aaacdb7206f1453) Importer(2089858483,0ecaa5967403d082aa24f35e1b516d23)
Start importing Assets/Course Library/Environments/Sky/Clouds/Cloud_01.prefab using Guid(09062dc0008857b46aaacdb7206f1453) Importer(2089858483,0ecaa5967403d082aa24f35e1b516d23) [PhysX] Initialized MultithreadedTaskDispatcher with 8 workers.
 -> (artifact id: '0b837810ba6a955221780410f59fd635') in 0.002540 seconds
Number of updated asset objects reloaded before import = 0
Number of asset objects unloaded after import = 7
========================================================================
Received Import Request.
  Time since last request: 0.000350 seconds.
  path: Assets/TerrainSampleAssets/Textures/Terrain/Soil_Rocks_BaseColor.tif
  artifactKey: Guid(e257fa53a087b404d8579225e1c7cddb) Importer(2089858483,0ecaa5967403d082aa24f35e1b516d23)
Start importing Assets/TerrainSampleAssets/Textures/Terrain/Soil_Rocks_BaseColor.tif using Guid(e257fa53a087b404d8579225e1c7cddb) Importer(2089858483,0ecaa5967403d082aa24f35e1b516d23) [PhysX] Initialized MultithreadedTaskDispatcher with 8 workers.
 -> (artifact id: '1f25108131d9a515aaa2ff4626ee3cbf') in 0.007656 seconds
Number of updated asset objects reloaded before import = 0
Number of asset objects unloaded after import = 1
========================================================================
Received Import Request.
  Time since last request: 0.007478 seconds.
  path: Assets/Course Library/Audio/Sound Effects/Gameplay/Zap_C_01_8-Bit_11025Hz.wav
  artifactKey: Guid(dc028d92bd81f4023ae9b67676dad909) Importer(2089858483,0ecaa5967403d082aa24f35e1b516d23)
Start importing Assets/Course Library/Audio/Sound Effects/Gameplay/Zap_C_01_8-Bit_11025Hz.wav using Guid(dc028d92bd81f4023ae9b67676dad909) Importer(2089858483,0ecaa5967403d082aa24f35e1b516d23) [PhysX] Initialized MultithreadedTaskDispatcher with 8 workers.
 -> (artifact id: 'f363041613fa604d6aed9669c864554d') in 0.019959 seconds
Number of updated asset objects reloaded before import = 0
Number of asset objects unloaded after import = 1
========================================================================
Received Import Request.
  Time since last request: 0.003547 seconds.
  path: Assets/TerrainSampleAssets/Textures/Terrain/Muddy_BaseColor.tif
  artifactKey: Guid(311fa94216ea77342a20e99b01ed6e69) Importer(2089858483,0ecaa5967403d082aa24f35e1b516d23)
Start importing Assets/TerrainSampleAssets/Textures/Terrain/Muddy_BaseColor.tif using Guid(311fa94216ea77342a20e99b01ed6e69) Importer(2089858483,0ecaa5967403d082aa24f35e1b516d23) [PhysX] Initialized MultithreadedTaskDispatcher with 8 workers.
 -> (artifact id: 'f7282de5a54452a35f0d4712017b2cf1') in 0.016066 seconds
Number of updated asset objects reloaded before import = 0
Number of asset objects unloaded after import = 1
========================================================================
Received Import Request.
  Time since last request: 0.005329 seconds.
  path: Assets/TerrainSampleAssets/Textures/Terrain/Grass_Soil_MaskMap.tif
  artifactKey: Guid(61a6ad6be0be2b444addf88107c0fda2) Importer(2089858483,0ecaa5967403d082aa24f35e1b516d23)
Start importing Assets/TerrainSampleAssets/Textures/Terrain/Grass_Soil_MaskMap.tif using Guid(61a6ad6be0be2b444addf88107c0fda2) Importer(2089858483,0ecaa5967403d082aa24f35e1b516d23) [PhysX] Initialized MultithreadedTaskDispatcher with 8 workers.
 -> (artifact id: '6b96407d840a2566c1e02e9ab3eed17b') in 0.007727 seconds
Number of updated asset objects reloaded before import = 0
Number of asset objects unloaded after import = 1
========================================================================
Received Import Request.
  Time since last request: 0.003104 seconds.
  path: Assets/TerrainSampleAssets/Textures/Heightmaps/Mountain09_Heightmap.tiff
  artifactKey: Guid(c1873143642071347b9e3544696e5d6f) Importer(2089858483,0ecaa5967403d082aa24f35e1b516d23)
Start importing Assets/TerrainSampleAssets/Textures/Heightmaps/Mountain09_Heightmap.tiff using Guid(c1873143642071347b9e3544696e5d6f) Importer(2089858483,0ecaa5967403d082aa24f35e1b516d23) [PhysX] Initialized MultithreadedTaskDispatcher with 8 workers.
 -> (artifact id: '70f7a617504178ee863b516455e014a0') in 0.010381 seconds
Number of updated asset objects reloaded before import = 0
Number of asset objects unloaded after import = 1
========================================================================
Received Import Request.
  Time since last request: 0.004204 seconds.
  path: Assets/Course Library/Audio/Sound Effects/UI/Clack_Minimal UI Sounds.wav
  artifactKey: Guid(c33b0c5db5b354f099e05fa30b4605e8) Importer(2089858483,0ecaa5967403d082aa24f35e1b516d23)
Start importing Assets/Course Library/Audio/Sound Effects/UI/Clack_Minimal UI Sounds.wav using Guid(c33b0c5db5b354f099e05fa30b4605e8) Importer(2089858483,0ecaa5967403d082aa24f35e1b516d23) [PhysX] Initialized MultithreadedTaskDispatcher with 8 workers.
 -> (artifact id: '97dc0b2a6e38899951c180ab24007608') in 0.011618 seconds
Number of updated asset objects reloaded before import = 0
Number of asset objects unloaded after import = 1
========================================================================
Received Import Request.
  Time since last request: 0.004921 seconds.
  path: Assets/Course Library/Audio/Sound Effects/Gameplay/Boom_C_06_8-Bit_11025Hz.wav
  artifactKey: Guid(af2b012ecebc34a91b65a0351bd46cc7) Importer(2089858483,0ecaa5967403d082aa24f35e1b516d23)
Start importing Assets/Course Library/Audio/Sound Effects/Gameplay/Boom_C_06_8-Bit_11025Hz.wav using Guid(af2b012ecebc34a91b65a0351bd46cc7) Importer(2089858483,0ecaa5967403d082aa24f35e1b516d23) [PhysX] Initialized MultithreadedTaskDispatcher with 8 workers.
 -> (artifact id: '9907d0df834ade41d4d365404ecb7fc7') in 0.021799 seconds
Number of updated asset objects reloaded before import = 0
Number of asset objects unloaded after import = 1
========================================================================
Received Import Request.
  Time since last request: 0.001811 seconds.
  path: Assets/TerrainSampleAssets/Textures/Terrain/Grass_B_Normal.tif
  artifactKey: Guid(eb70932bab3d971408c011dbb45767a9) Importer(2089858483,0ecaa5967403d082aa24f35e1b516d23)
Start importing Assets/TerrainSampleAssets/Textures/Terrain/Grass_B_Normal.tif using Guid(eb70932bab3d971408c011dbb45767a9) Importer(2089858483,0ecaa5967403d082aa24f35e1b516d23) [PhysX] Initialized MultithreadedTaskDispatcher with 8 workers.
 -> (artifact id: '80ace6ce0791ec085cbc23d07a1472d8') in 0.006666 seconds
Number of updated asset objects reloaded before import = 0
Number of asset objects unloaded after import = 1
========================================================================
Received Import Request.
  Time since last request: 0.002096 seconds.
  path: Assets/TerrainSampleAssets/Textures/Terrain/Pebbles_B_MaskMap.tif
  artifactKey: Guid(5c4a8c65594fb714388c177bbed315bc) Importer(2089858483,0ecaa5967403d082aa24f35e1b516d23)
Start importing Assets/TerrainSampleAssets/Textures/Terrain/Pebbles_B_MaskMap.tif using Guid(5c4a8c65594fb714388c177bbed315bc) Importer(2089858483,0ecaa5967403d082aa24f35e1b516d23) [PhysX] Initialized MultithreadedTaskDispatcher with 8 workers.
 -> (artifact id: 'fc19efba5d7f2ba620dcd8a65c2aaf71') in 0.010121 seconds
Number of updated asset objects reloaded before import = 0
Number of asset objects unloaded after import = 1
========================================================================
Received Import Request.
  Time since last request: 0.001751 seconds.
  path: Assets/TerrainSampleAssets/Textures/Heightmaps/Plateau01_Heightmap.tif
  artifactKey: Guid(626e11c44313fda43a6979c9a04cd12e) Importer(2089858483,0ecaa5967403d082aa24f35e1b516d23)
Start importing Assets/TerrainSampleAssets/Textures/Heightmaps/Plateau01_Heightmap.tif using Guid(626e11c44313fda43a6979c9a04cd12e) Importer(2089858483,0ecaa5967403d082aa24f35e1b516d23) [PhysX] Initialized MultithreadedTaskDispatcher with 8 workers.
 -> (artifact id: '8cf130fcf5d4e97b8fbe2410da657d2e') in 0.006839 seconds
Number of updated asset objects reloaded before import = 0
Number of asset objects unloaded after import = 1
========================================================================
Received Import Request.
  Time since last request: 0.003484 seconds.
  path: Assets/TerrainSampleAssets/Textures/Heightmaps/Mountain11_Heightmap.tiff
  artifactKey: Guid(70e652ab807bd5c4ca36dc57a1ed6339) Importer(2089858483,0ecaa5967403d082aa24f35e1b516d23)
Start importing Assets/TerrainSampleAssets/Textures/Heightmaps/Mountain11_Heightmap.tiff using Guid(70e652ab807bd5c4ca36dc57a1ed6339) Importer(2089858483,0ecaa5967403d082aa24f35e1b516d23) [PhysX] Initialized MultithreadedTaskDispatcher with 8 workers.
 -> (artifact id: '355eba1860d5c560639cc4671dc0036f') in 0.006671 seconds
Number of updated asset objects reloaded before import = 0
Number of asset objects unloaded after import = 1
========================================================================
Received Import Request.
  Time since last request: 0.000381 seconds.
  path: Assets/TerrainSampleAssets/Textures/Terrain/Soil_Rocks_MaskMap.tif
  artifactKey: Guid(b1c590e575d73224eb6773fd8c1cbb64) Importer(2089858483,0ecaa5967403d082aa24f35e1b516d23)
Start importing Assets/TerrainSampleAssets/Textures/Terrain/Soil_Rocks_MaskMap.tif using Guid(b1c590e575d73224eb6773fd8c1cbb64) Importer(2089858483,0ecaa5967403d082aa24f35e1b516d23) [PhysX] Initialized MultithreadedTaskDispatcher with 8 workers.
 -> (artifact id: 'fd044255cca153cff96336ba742fad8b') in 0.008036 seconds
Number of updated asset objects reloaded before import = 0
Number of asset objects unloaded after import = 1
========================================================================
Received Import Request.
  Time since last request: 0.001548 seconds.
  path: Assets/Course Library/Audio/Sound Effects/Gameplay/Boom_C_05_8-Bit_11025Hz.wav
  artifactKey: Guid(eb8998f3b3d3a49db96a634bf39ed153) Importer(2089858483,0ecaa5967403d082aa24f35e1b516d23)
Start importing Assets/Course Library/Audio/Sound Effects/Gameplay/Boom_C_05_8-Bit_11025Hz.wav using Guid(eb8998f3b3d3a49db96a634bf39ed153) Importer(2089858483,0ecaa5967403d082aa24f35e1b516d23) [PhysX] Initialized MultithreadedTaskDispatcher with 8 workers.
 -> (artifact id: 'cdce7d6e19785ee6965b9224ec10e578') in 0.009273 seconds
Number of updated asset objects reloaded before import = 0
Number of asset objects unloaded after import = 1
========================================================================
Received Import Request.
  Time since last request: 0.000101 seconds.
  path: Assets/TerrainSampleAssets/Textures/Heightmaps/Volcano02_Heightmap.tif
  artifactKey: Guid(bd916b355f53ab144901eeb862a0be0b) Importer(2089858483,0ecaa5967403d082aa24f35e1b516d23)
Start importing Assets/TerrainSampleAssets/Textures/Heightmaps/Volcano02_Heightmap.tif using Guid(bd916b355f53ab144901eeb862a0be0b) Importer(2089858483,0ecaa5967403d082aa24f35e1b516d23) [PhysX] Initialized MultithreadedTaskDispatcher with 8 workers.
 -> (artifact id: '40135d228fc02944714e200cb1b766ae') in 0.012592 seconds
Number of updated asset objects reloaded before import = 0
Number of asset objects unloaded after import = 1
========================================================================
Received Import Request.
  Time since last request: 0.157801 seconds.
  path: Assets/Course Library/_Source_Files/Materials/Misc/Veh_Glass.mat
  artifactKey: Guid(28d911d60eed0d64fb122f25adeed646) Importer(2089858483,0ecaa5967403d082aa24f35e1b516d23)
Start importing Assets/Course Library/_Source_Files/Materials/Misc/Veh_Glass.mat using Guid(28d911d60eed0d64fb122f25adeed646) Importer(2089858483,0ecaa5967403d082aa24f35e1b516d23) [PhysX] Initialized MultithreadedTaskDispatcher with 8 workers.
 -> (artifact id: 'e3f21d85468e5fd823585d238e54fe93') in 0.061413 seconds
Number of updated asset objects reloaded before import = 0
Number of asset objects unloaded after import = 1
Editor requested this worker to shutdown with reason: balancing worker count downwards
TcpMessagingSession - receive error: operation aborted. errorcode: 89, details: Operation aborted.
AssetImportWorker is now disconnected from the server
Process exiting
