Unity Editor version:    2022.3.59f1 (630718f645a5)
Branch:                  2022.3/staging
Build type:              Release
Batch mode:              YES
macOS version:           Version 15.3.2 (Build 24D81)
Darwin version:          24.3.0
Architecture:            arm64
Running under Rosetta:   NO
Available memory:        16384 MB
Using pre-set license
Pro License: YES

COMMAND LINE ARGUMENTS:
/Applications/Unity/Hub/Editor/2022.3.59f1/Unity.app/Contents/MacOS/Unity
-adb2
-batchMode
-noUpm
-name
AssetImportWorker5
-projectPath
/Users/oliveswarts/Playground_Scene/Final_Playground_Project
-logFile
Logs/AssetImportWorker5.log
-srvPort
51599
Successfully changed project path to: /Users/oliveswarts/Playground_Scene/Final_Playground_Project
/Users/oliveswarts/Playground_Scene/Final_Playground_Project
[UnityMemory] Configuration Parameters - Can be set up in boot.config
    "memorysetup-bucket-allocator-granularity=16"
    "memorysetup-bucket-allocator-bucket-count=8"
    "memorysetup-bucket-allocator-block-size=33554432"
    "memorysetup-bucket-allocator-block-count=8"
    "memorysetup-main-allocator-block-size=16777216"
    "memorysetup-thread-allocator-block-size=16777216"
    "memorysetup-gfx-main-allocator-block-size=16777216"
    "memorysetup-gfx-thread-allocator-block-size=16777216"
    "memorysetup-cache-allocator-block-size=4194304"
    "memorysetup-typetree-allocator-block-size=2097152"
    "memorysetup-profiler-bucket-allocator-granularity=16"
    "memorysetup-profiler-bucket-allocator-bucket-count=8"
    "memorysetup-profiler-bucket-allocator-block-size=33554432"
    "memorysetup-profiler-bucket-allocator-block-count=8"
    "memorysetup-profiler-allocator-block-size=16777216"
    "memorysetup-profiler-editor-allocator-block-size=1048576"
    "memorysetup-temp-allocator-size-main=16777216"
    "memorysetup-job-temp-allocator-block-size=2097152"
    "memorysetup-job-temp-allocator-block-size-background=1048576"
    "memorysetup-job-temp-allocator-reduction-small-platforms=262144"
    "memorysetup-allocator-temp-initial-block-size-main=262144"
    "memorysetup-allocator-temp-initial-block-size-worker=262144"
    "memorysetup-temp-allocator-size-background-worker=32768"
    "memorysetup-temp-allocator-size-job-worker=262144"
    "memorysetup-temp-allocator-size-preload-manager=33554432"
    "memorysetup-temp-allocator-size-nav-mesh-worker=65536"
    "memorysetup-temp-allocator-size-audio-worker=65536"
    "memorysetup-temp-allocator-size-cloud-worker=32768"
    "memorysetup-temp-allocator-size-gi-baking-worker=262144"
    "memorysetup-temp-allocator-size-gfx=262144"
Player connection [8313096256]  Target information:

Player connection [8313096256]  * "[IP] 100.107.30.155 [Port] 0 [Flags] 2 [Guid] 482744812 [EditorId] 482744812 [Version] 1048832 [Id] OSXEditor(0,Olives-MacBook-Air.local) [Debug] 1 [PackageName] OSXEditor [ProjectName] Editor" 

Player connection [8313096256] Host joined multi-casting on [225.0.0.222:54997]...
Player connection [8313096256] Host joined alternative multi-casting on [225.0.0.222:34997]...
Input System module state changed to: Initialized.
[PhysX] Initialized MultithreadedTaskDispatcher with 8 workers.
Refreshing native plugins compatible for Editor in 15.82 ms, found 2 plugins.
Preloading 0 native plugins for Editor in 0.00 ms.
Initialize engine version: 2022.3.59f1 (630718f645a5)
[Subsystems] Discovering subsystems at path /Applications/Unity/Hub/Editor/2022.3.59f1/Unity.app/Contents/Resources/UnitySubsystems
[Subsystems] Discovering subsystems at path /Users/oliveswarts/Playground_Scene/Final_Playground_Project/Assets
GfxDevice: creating device client; threaded=0; jobified=0
 preferred device: Apple M3 (high power)
Metal devices available: 1
0: Apple M3 (high power)
Using device Apple M3 (high power)
Initializing Metal device caps: Apple M3
Initialize mono
Mono path[0] = '/Applications/Unity/Hub/Editor/2022.3.59f1/Unity.app/Contents/Managed'
Mono path[1] = '/Applications/Unity/Hub/Editor/2022.3.59f1/Unity.app/Contents/MonoBleedingEdge/lib/mono/unityjit-macos'
Mono config path = '/Applications/Unity/Hub/Editor/2022.3.59f1/Unity.app/Contents/MonoBleedingEdge/etc'
Using monoOptions --debugger-agent=transport=dt_socket,embedding=1,server=y,suspend=n,address=127.0.0.1:56621
Begin MonoManager ReloadAssembly
Registering precompiled unity dll's ...
Register platform support module: /Applications/Unity/Hub/Editor/2022.3.59f1/Unity.app/Contents/PlaybackEngines/MacStandaloneSupport/UnityEditor.OSXStandalone.Extensions.dll
Registered in 0.000612 seconds.
- Loaded All Assemblies, in  0.245 seconds
Native extension for OSXStandalone target not found
Mono: successfully reloaded assembly
- Finished resetting the current domain, in  0.171 seconds
Domain Reload Profiling: 416ms
	BeginReloadAssembly (91ms)
		ExecutionOrderSort (0ms)
		DisableScriptedObjects (0ms)
		BackupInstance (0ms)
		ReleaseScriptingObjects (0ms)
		CreateAndSetChildDomain (1ms)
	RebuildCommonClasses (19ms)
	RebuildNativeTypeToScriptingClass (8ms)
	initialDomainReloadingComplete (36ms)
	LoadAllAssembliesAndSetupDomain (89ms)
		LoadAssemblies (90ms)
		RebuildTransferFunctionScriptingTraits (0ms)
		AnalyzeDomain (89ms)
			TypeCache.Refresh (88ms)
				TypeCache.ScanAssembly (77ms)
			ScanForSourceGeneratedMonoScriptInfo (0ms)
			ResolveRequiredComponents (0ms)
	FinalizeReload (171ms)
		ReleaseScriptCaches (0ms)
		RebuildScriptCaches (0ms)
		SetupLoadedEditorAssemblies (142ms)
			LogAssemblyErrors (0ms)
			InitializePlatformSupportModulesInManaged (7ms)
			SetLoadedEditorAssemblies (8ms)
			RefreshPlugins (0ms)
			BeforeProcessingInitializeOnLoad (2ms)
			ProcessInitializeOnLoadAttributes (89ms)
			ProcessInitializeOnLoadMethodAttributes (35ms)
			AfterProcessingInitializeOnLoad (0ms)
			EditorAssembliesLoaded (0ms)
		ExecutionOrderSort2 (0ms)
		AwakeInstancesAfterBackupRestoration (0ms)
========================================================================
Worker process is ready to serve import requests
Caller must complete domain reload
Begin MonoManager ReloadAssembly
- Loaded All Assemblies, in  0.605 seconds
Native extension for OSXStandalone target not found
Mono: successfully reloaded assembly
- Finished resetting the current domain, in  0.391 seconds
Domain Reload Profiling: 996ms
	BeginReloadAssembly (115ms)
		ExecutionOrderSort (0ms)
		DisableScriptedObjects (4ms)
		BackupInstance (0ms)
		ReleaseScriptingObjects (0ms)
		CreateAndSetChildDomain (44ms)
	RebuildCommonClasses (35ms)
	RebuildNativeTypeToScriptingClass (8ms)
	initialDomainReloadingComplete (23ms)
	LoadAllAssembliesAndSetupDomain (424ms)
		LoadAssemblies (263ms)
		RebuildTransferFunctionScriptingTraits (0ms)
		AnalyzeDomain (204ms)
			TypeCache.Refresh (180ms)
				TypeCache.ScanAssembly (144ms)
			ScanForSourceGeneratedMonoScriptInfo (16ms)
			ResolveRequiredComponents (7ms)
	FinalizeReload (391ms)
		ReleaseScriptCaches (0ms)
		RebuildScriptCaches (0ms)
		SetupLoadedEditorAssemblies (289ms)
			LogAssemblyErrors (0ms)
			InitializePlatformSupportModulesInManaged (2ms)
			SetLoadedEditorAssemblies (2ms)
			RefreshPlugins (0ms)
			BeforeProcessingInitializeOnLoad (48ms)
			ProcessInitializeOnLoadAttributes (199ms)
			ProcessInitializeOnLoadMethodAttributes (37ms)
			AfterProcessingInitializeOnLoad (1ms)
			EditorAssembliesLoaded (0ms)
		ExecutionOrderSort2 (0ms)
		AwakeInstancesAfterBackupRestoration (3ms)
Launching external process: /Applications/Unity/Hub/Editor/2022.3.59f1/Unity.app/Contents/Tools/UnityShaderCompiler
Launched and connected shader compiler UnityShaderCompiler after 0.06 seconds
Refreshing native plugins compatible for Editor in 0.62 ms, found 2 plugins.
Preloading 0 native plugins for Editor in 0.00 ms.
Unloading 4889 Unused Serialized files (Serialized files now loaded: 0)
Unloading 25 unused Assets / (363.8 KB). Loaded Objects now: 5350.
Memory consumption went from 203.4 MB to 203.0 MB.
Total: 5.688625 ms (FindLiveObjects: 0.168042 ms CreateObjectMapping: 0.052750 ms MarkObjects: 3.886500 ms  DeleteObjects: 1.580542 ms)

AssetImportParameters requested are different than current active one (requested -> active):
  custom:container-demuxer-ogg: 62fdf1f143b41e24485cea50d1cbac27 -> 
  custom:video-decoder-ogg-theora: a1e56fd34408186e4bbccfd4996cb3dc -> 
  custom:CustomObjectIndexerAttribute: 72b91833f83ae208fae7752999fa3104 -> 
  custom:container-demuxer-webm: 4f35f7cbe854078d1ac9338744f61a02 -> 
  custom:container-muxer-webm: aa71ff27fc2769a1b78a27578f13a17b -> 
  custom:video-decoder-webm-vp8: 9c59270c3fd7afecdb556c50c9e8de78 -> 
  custom:SearchIndexIgnoredProperties: e643bd26f0fe6173181afceb89e7c659 -> 
  custom:AudioImporter_EditorPlatform: 3918e3fc78b5a79bad01e8451be0beb8 -> 
  custom:framework-osx-AVFoundation: e770b220cccbd017edd2c1fefb359320 -> 
  custom:video-encoder-webm-vp8: eb34c28f22e8b96e1ab97ce403110664 -> 
  custom:audio-decoder-ogg-vorbis: bf7c407c2cedff20999df2af8eb42d56 -> 
  custom:audio-encoder-webm-vorbis: bf7c407c2cedff20999df2af8eb42d56 -> 
========================================================================
Received Import Request.
  Time since last request: 337827.756825 seconds.
  path: Assets/TerrainSampleAssets/TerrainLayers/Grass_Moss_TerrainLayer.terrainlayer
  artifactKey: Guid(d25c8def728088547ae6a1024dd9b481) Importer(2089858483,0ecaa5967403d082aa24f35e1b516d23)
Start importing Assets/TerrainSampleAssets/TerrainLayers/Grass_Moss_TerrainLayer.terrainlayer using Guid(d25c8def728088547ae6a1024dd9b481) Importer(2089858483,0ecaa5967403d082aa24f35e1b516d23) [PhysX] Initialized MultithreadedTaskDispatcher with 8 workers.
 -> (artifact id: '0a60580da0f37dda841fdd7282c8b420') in 0.123044 seconds
Number of updated asset objects reloaded before import = 0
Number of asset objects unloaded after import = 4
========================================================================
Received Import Request.
  Time since last request: 0.002275 seconds.
  path: Assets/Course Library/Objects/Food/Food_EnergyCan_01.prefab
  artifactKey: Guid(f9125fa89572f1e40bb082978a85b951) Importer(2089858483,0ecaa5967403d082aa24f35e1b516d23)
Start importing Assets/Course Library/Objects/Food/Food_EnergyCan_01.prefab using Guid(f9125fa89572f1e40bb082978a85b951) Importer(2089858483,0ecaa5967403d082aa24f35e1b516d23) [PhysX] Initialized MultithreadedTaskDispatcher with 8 workers.
 -> (artifact id: '4750f8aa34c0e376cada065014e60475') in 0.015548 seconds
Number of updated asset objects reloaded before import = 0
Number of asset objects unloaded after import = 7
========================================================================
Received Import Request.
  Time since last request: 0.002304 seconds.
  path: Assets/Course Library/Characters/Farm/SimpleFarmer_Man_01_Black.prefab
  artifactKey: Guid(f8abbdd178867d2419ba9feb6ff2cba0) Importer(2089858483,0ecaa5967403d082aa24f35e1b516d23)
Start importing Assets/Course Library/Characters/Farm/SimpleFarmer_Man_01_Black.prefab using Guid(f8abbdd178867d2419ba9feb6ff2cba0) Importer(2089858483,0ecaa5967403d082aa24f35e1b516d23) [PhysX] Initialized MultithreadedTaskDispatcher with 8 workers.
 -> (artifact id: 'bc65d8918c8c5b8ad7acf75c8dcb8f49') in 0.013679 seconds
Number of updated asset objects reloaded before import = 0
Number of asset objects unloaded after import = 348
========================================================================
Received Import Request.
  Time since last request: 0.000118 seconds.
  path: Assets/Course Library/Characters/Farm/SimpleFarmer_Man_01_White.prefab
  artifactKey: Guid(3bd8a450fcb589542a7843ea7bda2ee6) Importer(2089858483,0ecaa5967403d082aa24f35e1b516d23)
Start importing Assets/Course Library/Characters/Farm/SimpleFarmer_Man_01_White.prefab using Guid(3bd8a450fcb589542a7843ea7bda2ee6) Importer(2089858483,0ecaa5967403d082aa24f35e1b516d23) [PhysX] Initialized MultithreadedTaskDispatcher with 8 workers.
 -> (artifact id: '5ed34df8cc0c78eda66ae8dcdea688e5') in 0.016477 seconds
Number of updated asset objects reloaded before import = 0
Number of asset objects unloaded after import = 348
========================================================================
Received Import Request.
  Time since last request: 0.000040 seconds.
  path: Assets/Course Library/Particles/FX_DirtSplatter.prefab
  artifactKey: Guid(834c99069a124aa439d5795c3579843b) Importer(2089858483,3d70f49cd1c2eb9ae422958d1c652c6b)
Start importing Assets/Course Library/Particles/FX_DirtSplatter.prefab using Guid(834c99069a124aa439d5795c3579843b) Importer(2089858483,3d70f49cd1c2eb9ae422958d1c652c6b) [PhysX] Initialized MultithreadedTaskDispatcher with 8 workers.
 -> (artifact id: 'd5fa1c7bf6b9dfee425122659d9d89b4') in 0.013897 seconds
Number of updated asset objects reloaded before import = 0
Number of asset objects unloaded after import = 7
========================================================================
Received Import Request.
  Time since last request: 0.001032 seconds.
  path: Assets/TerrainSampleAssets/Prefabs/GrassDry_B.prefab
  artifactKey: Guid(3d4dd2affe15db043a6502ae256cd0d4) Importer(2089858483,3d70f49cd1c2eb9ae422958d1c652c6b)
Start importing Assets/TerrainSampleAssets/Prefabs/GrassDry_B.prefab using Guid(3d4dd2affe15db043a6502ae256cd0d4) Importer(2089858483,3d70f49cd1c2eb9ae422958d1c652c6b) [PhysX] Initialized MultithreadedTaskDispatcher with 8 workers.
 -> (artifact id: 'c6be65597527c7e1a407cc76792a87dd') in 0.003641 seconds
Number of updated asset objects reloaded before import = 0
Number of asset objects unloaded after import = 9
========================================================================
Received Import Request.
  Time since last request: 0.001091 seconds.
  path: Assets/Course Library/Animals/Farm/Animal_Cow_Brown.prefab
  artifactKey: Guid(50f1d192ccb21a24b95a7e4e403a9bb5) Importer(2089858483,3d70f49cd1c2eb9ae422958d1c652c6b)
Start importing Assets/Course Library/Animals/Farm/Animal_Cow_Brown.prefab using Guid(50f1d192ccb21a24b95a7e4e403a9bb5) Importer(2089858483,3d70f49cd1c2eb9ae422958d1c652c6b) [PhysX] Initialized MultithreadedTaskDispatcher with 8 workers.
 -> (artifact id: '8f50191d1800073811ff456ee636c8bf') in 0.011908 seconds
Number of updated asset objects reloaded before import = 0
Number of asset objects unloaded after import = 112
========================================================================
Received Import Request.
  Time since last request: 0.003298 seconds.
  path: Assets/Course Library/Characters/Town/SimplePeople_Man_Punk_White.prefab
  artifactKey: Guid(f147a01ef442b2345a3546109476c690) Importer(2089858483,0ecaa5967403d082aa24f35e1b516d23)
Start importing Assets/Course Library/Characters/Town/SimplePeople_Man_Punk_White.prefab using Guid(f147a01ef442b2345a3546109476c690) Importer(2089858483,0ecaa5967403d082aa24f35e1b516d23) [PhysX] Initialized MultithreadedTaskDispatcher with 8 workers.
 -> (artifact id: 'd5210e349461fed635bd7327a7b076f1') in 0.015044 seconds
Number of updated asset objects reloaded before import = 0
Number of asset objects unloaded after import = 400
========================================================================
Received Import Request.
  Time since last request: 0.000505 seconds.
  path: Assets/TerrainSampleAssets/Prefabs/Plant_C.prefab
  artifactKey: Guid(d9246f89c4014f749b69f6e963372434) Importer(2089858483,0ecaa5967403d082aa24f35e1b516d23)
Start importing Assets/TerrainSampleAssets/Prefabs/Plant_C.prefab using Guid(d9246f89c4014f749b69f6e963372434) Importer(2089858483,0ecaa5967403d082aa24f35e1b516d23) [PhysX] Initialized MultithreadedTaskDispatcher with 8 workers.
 -> (artifact id: '07e0953fc9ebc04b41f4b62095529bb3') in 0.003128 seconds
Number of updated asset objects reloaded before import = 0
Number of asset objects unloaded after import = 7
========================================================================
Received Import Request.
  Time since last request: 0.000293 seconds.
  path: Assets/Prefabs/Enemy 2.prefab
  artifactKey: Guid(74a025ec598df463fb47b279e5c14fc4) Importer(2089858483,3d70f49cd1c2eb9ae422958d1c652c6b)
Start importing Assets/Prefabs/Enemy 2.prefab using Guid(74a025ec598df463fb47b279e5c14fc4) Importer(2089858483,3d70f49cd1c2eb9ae422958d1c652c6b) [PhysX] Initialized MultithreadedTaskDispatcher with 8 workers.
 -> (artifact id: 'ae98f3f0526d684c4519b70444ff7f90') in 0.006939 seconds
Number of updated asset objects reloaded before import = 0
Number of asset objects unloaded after import = 10
========================================================================
Received Import Request.
  Time since last request: 0.000702 seconds.
  path: Assets/TerrainSampleAssets/Settings/FoliageDiffusionProfile.asset
  artifactKey: Guid(a4f9b0b21cfa10140b76854ccb395dcf) Importer(2089858483,3d70f49cd1c2eb9ae422958d1c652c6b)
Start importing Assets/TerrainSampleAssets/Settings/FoliageDiffusionProfile.asset using Guid(a4f9b0b21cfa10140b76854ccb395dcf) Importer(2089858483,3d70f49cd1c2eb9ae422958d1c652c6b) [PhysX] Initialized MultithreadedTaskDispatcher with 8 workers.
 -> (artifact id: '459ae7f8147b84bf6214db23633baabf') in 0.001263 seconds
Number of updated asset objects reloaded before import = 0
Number of asset objects unloaded after import = 1
========================================================================
Received Import Request.
  Time since last request: 0.001949 seconds.
  path: Assets/TerrainSampleAssets/Models/Plant_C.asset
  artifactKey: Guid(c671cabf34dd5314ca28492ced9c9001) Importer(2089858483,0ecaa5967403d082aa24f35e1b516d23)
Start importing Assets/TerrainSampleAssets/Models/Plant_C.asset using Guid(c671cabf34dd5314ca28492ced9c9001) Importer(2089858483,0ecaa5967403d082aa24f35e1b516d23) [PhysX] Initialized MultithreadedTaskDispatcher with 8 workers.
 -> (artifact id: '6998502541f7e45b923be42458dd3c26') in 0.004318 seconds
Number of updated asset objects reloaded before import = 0
Number of asset objects unloaded after import = 1
========================================================================
Received Import Request.
  Time since last request: 0.002378 seconds.
  path: Assets/Course Library/Environments/Ground/Ground_Tile_Hex_Flat_01.prefab
  artifactKey: Guid(f610f1f30b970024b86dcc1a05308bc8) Importer(2089858483,3d70f49cd1c2eb9ae422958d1c652c6b)
Start importing Assets/Course Library/Environments/Ground/Ground_Tile_Hex_Flat_01.prefab using Guid(f610f1f30b970024b86dcc1a05308bc8) Importer(2089858483,3d70f49cd1c2eb9ae422958d1c652c6b) [PhysX] Initialized MultithreadedTaskDispatcher with 8 workers.
 -> (artifact id: 'f163225c80e9c0abaaf7d4047165778b') in 0.003741 seconds
Number of updated asset objects reloaded before import = 0
Number of asset objects unloaded after import = 9
========================================================================
Received Import Request.
  Time since last request: 0.002977 seconds.
  path: Assets/Course Library/Textures/Abstract/PolygonPrototype_Texture_Grid_06.png
  artifactKey: Guid(bbc54c0e722a346408cd09eef6dc0cd6) Importer(2089858483,0ecaa5967403d082aa24f35e1b516d23)
Start importing Assets/Course Library/Textures/Abstract/PolygonPrototype_Texture_Grid_06.png using Guid(bbc54c0e722a346408cd09eef6dc0cd6) Importer(2089858483,0ecaa5967403d082aa24f35e1b516d23) [PhysX] Initialized MultithreadedTaskDispatcher with 8 workers.
 -> (artifact id: '8103397c08c57c91edb089231680dbcf') in 0.033703 seconds
Number of updated asset objects reloaded before import = 0
Number of asset objects unloaded after import = 1
========================================================================
Received Import Request.
  Time since last request: 0.001180 seconds.
  path: Assets/Course Library/Objects/Props/FieldGunRound_01.prefab
  artifactKey: Guid(f127d05270a025740aac64185803fd55) Importer(2089858483,0ecaa5967403d082aa24f35e1b516d23)
Start importing Assets/Course Library/Objects/Props/FieldGunRound_01.prefab using Guid(f127d05270a025740aac64185803fd55) Importer(2089858483,0ecaa5967403d082aa24f35e1b516d23) [PhysX] Initialized MultithreadedTaskDispatcher with 8 workers.
 -> (artifact id: '4d6650affc4b67808c079f0b91f785b9') in 0.005825 seconds
Number of updated asset objects reloaded before import = 0
Number of asset objects unloaded after import = 7
========================================================================
Received Import Request.
  Time since last request: 0.005089 seconds.
  path: Assets/Course Library/Objects/Props/Ball_Eye.prefab
  artifactKey: Guid(9fd6919c6e21fed429290a0f10ca4548) Importer(2089858483,0ecaa5967403d082aa24f35e1b516d23)
Start importing Assets/Course Library/Objects/Props/Ball_Eye.prefab using Guid(9fd6919c6e21fed429290a0f10ca4548) Importer(2089858483,0ecaa5967403d082aa24f35e1b516d23) [PhysX] Initialized MultithreadedTaskDispatcher with 8 workers.
 -> (artifact id: '487c7482ce74a2bfa8a6f302bd489890') in 0.004638 seconds
Number of updated asset objects reloaded before import = 0
Number of asset objects unloaded after import = 7
========================================================================
Received Import Request.
  Time since last request: 0.007521 seconds.
  path: Assets/Course Library/_Source_Files/FBX/FX_Rubble.fbx
  artifactKey: Guid(42e0384be8104584cbcc3a1fadaafb79) Importer(2089858483,0ecaa5967403d082aa24f35e1b516d23)
Start importing Assets/Course Library/_Source_Files/FBX/FX_Rubble.fbx using Guid(42e0384be8104584cbcc3a1fadaafb79) Importer(2089858483,0ecaa5967403d082aa24f35e1b516d23) [PhysX] Initialized MultithreadedTaskDispatcher with 8 workers.
 -> (artifact id: 'd5796b096b7892214d1f34396cf6c934') in 0.013671 seconds
Number of updated asset objects reloaded before import = 0
Number of asset objects unloaded after import = 7
========================================================================
Received Import Request.
  Time since last request: 0.000712 seconds.
  path: Assets/Course Library/Objects/Props/Ball_Beachball.prefab
  artifactKey: Guid(d9532b099f8dfb045844414b0b707bb3) Importer(2089858483,0ecaa5967403d082aa24f35e1b516d23)
Start importing Assets/Course Library/Objects/Props/Ball_Beachball.prefab using Guid(d9532b099f8dfb045844414b0b707bb3) Importer(2089858483,0ecaa5967403d082aa24f35e1b516d23) [PhysX] Initialized MultithreadedTaskDispatcher with 8 workers.
 -> (artifact id: 'f1bfda996fa7f046aeb0d0b0ff8f9466') in 0.002526 seconds
Number of updated asset objects reloaded before import = 0
Number of asset objects unloaded after import = 7
========================================================================
Received Import Request.
  Time since last request: 0.001178 seconds.
  path: Assets/Course Library/Vehicles/Boats/Veh_Sailboat_01.prefab
  artifactKey: Guid(f3f3c144a36edb34d95cc4bf1406a9f0) Importer(2089858483,0ecaa5967403d082aa24f35e1b516d23)
Start importing Assets/Course Library/Vehicles/Boats/Veh_Sailboat_01.prefab using Guid(f3f3c144a36edb34d95cc4bf1406a9f0) Importer(2089858483,0ecaa5967403d082aa24f35e1b516d23) [PhysX] Initialized MultithreadedTaskDispatcher with 8 workers.
 -> (artifact id: '7aea2ff9ea9f8f1309bcf8eaddebbd44') in 0.007343 seconds
Number of updated asset objects reloaded before import = 0
Number of asset objects unloaded after import = 7
========================================================================
Received Import Request.
  Time since last request: 0.001179 seconds.
  path: Assets/Course Library/Textures/Ground/Grass.png
  artifactKey: Guid(3cf543484d2fb7347b203b934a632fa6) Importer(2089858483,0ecaa5967403d082aa24f35e1b516d23)
Start importing Assets/Course Library/Textures/Ground/Grass.png using Guid(3cf543484d2fb7347b203b934a632fa6) Importer(2089858483,0ecaa5967403d082aa24f35e1b516d23) [PhysX] Initialized MultithreadedTaskDispatcher with 8 workers.
 -> (artifact id: '10de138f82b9407328946e06fe9e8323') in 0.008124 seconds
Number of updated asset objects reloaded before import = 0
Number of asset objects unloaded after import = 1
========================================================================
Received Import Request.
  Time since last request: 0.002551 seconds.
  path: Assets/Course Library/Vehicles/Planes/Veh_Drone_01.prefab
  artifactKey: Guid(d230e4bfad140384bac0f92f6e33f220) Importer(2089858483,0ecaa5967403d082aa24f35e1b516d23)
Start importing Assets/Course Library/Vehicles/Planes/Veh_Drone_01.prefab using Guid(d230e4bfad140384bac0f92f6e33f220) Importer(2089858483,0ecaa5967403d082aa24f35e1b516d23) [PhysX] Initialized MultithreadedTaskDispatcher with 8 workers.
 -> (artifact id: 'e2912226025017d08b03c6631b2749f2') in 0.002946 seconds
Number of updated asset objects reloaded before import = 0
Number of asset objects unloaded after import = 22
========================================================================
Received Import Request.
  Time since last request: 0.001858 seconds.
  path: Assets/Course Library/_Source_Files/FBX/FX_PoolSplash_02.fbx
  artifactKey: Guid(7f803617a1072ec42820168bc40edb46) Importer(2089858483,0ecaa5967403d082aa24f35e1b516d23)
Start importing Assets/Course Library/_Source_Files/FBX/FX_PoolSplash_02.fbx using Guid(7f803617a1072ec42820168bc40edb46) Importer(2089858483,0ecaa5967403d082aa24f35e1b516d23) [PhysX] Initialized MultithreadedTaskDispatcher with 8 workers.
 -> (artifact id: '1b6cb5431389e2bfce334c386fab8639') in 0.009270 seconds
Number of updated asset objects reloaded before import = 0
Number of asset objects unloaded after import = 7
========================================================================
Received Import Request.
  Time since last request: 0.000359 seconds.
  path: Assets/Course Library/Vehicles/Boats/Veh_Boat_01.prefab
  artifactKey: Guid(9427ad0b999d0784fa3a660535722f1d) Importer(2089858483,0ecaa5967403d082aa24f35e1b516d23)
Start importing Assets/Course Library/Vehicles/Boats/Veh_Boat_01.prefab using Guid(9427ad0b999d0784fa3a660535722f1d) Importer(2089858483,0ecaa5967403d082aa24f35e1b516d23) [PhysX] Initialized MultithreadedTaskDispatcher with 8 workers.
 -> (artifact id: '7e2ed1d733a10177de476ea2b9589381') in 0.002640 seconds
Number of updated asset objects reloaded before import = 0
Number of asset objects unloaded after import = 7
========================================================================
Received Import Request.
  Time since last request: 0.004423 seconds.
  path: Assets/Course Library/_Source_Files/FBX/Fighter_Jet04.fbx
  artifactKey: Guid(5da23b2a425a66843b695e5ce1a71d18) Importer(2089858483,0ecaa5967403d082aa24f35e1b516d23)
Start importing Assets/Course Library/_Source_Files/FBX/Fighter_Jet04.fbx using Guid(5da23b2a425a66843b695e5ce1a71d18) Importer(2089858483,0ecaa5967403d082aa24f35e1b516d23) [PhysX] Initialized MultithreadedTaskDispatcher with 8 workers.
 -> (artifact id: '625cefbd0281bfccdb63c7b4b7fdf7f1') in 0.016852 seconds
Number of updated asset objects reloaded before import = 0
Number of asset objects unloaded after import = 42
========================================================================
Received Import Request.
  Time since last request: 0.001934 seconds.
  path: Assets/Course Library/Particles/FX_WaterSplatter.prefab
  artifactKey: Guid(263867d4955e3644f9a1dfa779ab7d1e) Importer(2089858483,3d70f49cd1c2eb9ae422958d1c652c6b)
Start importing Assets/Course Library/Particles/FX_WaterSplatter.prefab using Guid(263867d4955e3644f9a1dfa779ab7d1e) Importer(2089858483,3d70f49cd1c2eb9ae422958d1c652c6b) [PhysX] Initialized MultithreadedTaskDispatcher with 8 workers.
 -> (artifact id: '7a9e974feb9fb40d9efdf78cd6f3e393') in 0.002170 seconds
Number of updated asset objects reloaded before import = 0
Number of asset objects unloaded after import = 7
========================================================================
Received Import Request.
  Time since last request: 0.001550 seconds.
  path: Assets/Scripts/PlayerController.cs
  artifactKey: Guid(8236637e7cf3249a0a6baa50e1cf6b2d) Importer(2089858483,0ecaa5967403d082aa24f35e1b516d23)
Start importing Assets/Scripts/PlayerController.cs using Guid(8236637e7cf3249a0a6baa50e1cf6b2d) Importer(2089858483,0ecaa5967403d082aa24f35e1b516d23) [PhysX] Initialized MultithreadedTaskDispatcher with 8 workers.
 -> (artifact id: 'c28dcb35d39ed3c403fa56bc941b2f45') in 0.002108 seconds
Number of updated asset objects reloaded before import = 0
Number of asset objects unloaded after import = 1
========================================================================
Received Import Request.
  Time since last request: 0.000610 seconds.
  path: Assets/Course Library/Environments/Sky/SkyDome.prefab
  artifactKey: Guid(363a8f737719f4d2eafb35f885f3706f) Importer(2089858483,3d70f49cd1c2eb9ae422958d1c652c6b)
Start importing Assets/Course Library/Environments/Sky/SkyDome.prefab using Guid(363a8f737719f4d2eafb35f885f3706f) Importer(2089858483,3d70f49cd1c2eb9ae422958d1c652c6b) [PhysX] Initialized MultithreadedTaskDispatcher with 8 workers.
 -> (artifact id: '78c939e2481c8c43f39e75b5e243c255') in 0.004602 seconds
Number of updated asset objects reloaded before import = 0
Number of asset objects unloaded after import = 27
========================================================================
Received Import Request.
  Time since last request: 0.006156 seconds.
  path: Assets/Course Library/Environments/Sky/Clouds/Cloud_05.prefab
  artifactKey: Guid(c37b1ccfbc7ed274eb99f9d40e72c4e6) Importer(2089858483,3d70f49cd1c2eb9ae422958d1c652c6b)
Start importing Assets/Course Library/Environments/Sky/Clouds/Cloud_05.prefab using Guid(c37b1ccfbc7ed274eb99f9d40e72c4e6) Importer(2089858483,3d70f49cd1c2eb9ae422958d1c652c6b) [PhysX] Initialized MultithreadedTaskDispatcher with 8 workers.
 -> (artifact id: '60cde6f17b465e6fcccd02d72564066a') in 0.003500 seconds
Number of updated asset objects reloaded before import = 0
Number of asset objects unloaded after import = 8
========================================================================
Received Import Request.
  Time since last request: 0.000965 seconds.
  path: Assets/TerrainSampleAssets/Models/Fern_B.asset
  artifactKey: Guid(2f9d2984488477d498e8d5c61756f557) Importer(2089858483,0ecaa5967403d082aa24f35e1b516d23)
Start importing Assets/TerrainSampleAssets/Models/Fern_B.asset using Guid(2f9d2984488477d498e8d5c61756f557) Importer(2089858483,0ecaa5967403d082aa24f35e1b516d23) [PhysX] Initialized MultithreadedTaskDispatcher with 8 workers.
 -> (artifact id: 'e9d014bbbc79c6a6bd2305cf590ff2db') in 0.001509 seconds
Number of updated asset objects reloaded before import = 0
Number of asset objects unloaded after import = 1
========================================================================
Received Import Request.
  Time since last request: 0.000592 seconds.
  path: Assets/TerrainSampleAssets/Models/Grass_C.asset
  artifactKey: Guid(e4775a09ccd762a42b26cb448a2763f0) Importer(2089858483,0ecaa5967403d082aa24f35e1b516d23)
Start importing Assets/TerrainSampleAssets/Models/Grass_C.asset using Guid(e4775a09ccd762a42b26cb448a2763f0) Importer(2089858483,0ecaa5967403d082aa24f35e1b516d23) [PhysX] Initialized MultithreadedTaskDispatcher with 8 workers.
 -> (artifact id: 'a1437c2fc0058c76c746adac9198bce6') in 0.001812 seconds
Number of updated asset objects reloaded before import = 0
Number of asset objects unloaded after import = 1
========================================================================
Received Import Request.
  Time since last request: 0.000610 seconds.
  path: Assets/Course Library/Characters/Town/SimplePeople_Woman_Waitress_White.prefab
  artifactKey: Guid(fe520ce6663e67348a964bf7b4318e26) Importer(2089858483,3d70f49cd1c2eb9ae422958d1c652c6b)
Start importing Assets/Course Library/Characters/Town/SimplePeople_Woman_Waitress_White.prefab using Guid(fe520ce6663e67348a964bf7b4318e26) Importer(2089858483,3d70f49cd1c2eb9ae422958d1c652c6b) [PhysX] Initialized MultithreadedTaskDispatcher with 8 workers.
 -> (artifact id: '59512b1ffef2e543a1646fb94ccb34f5') in 0.013986 seconds
Number of updated asset objects reloaded before import = 0
Number of asset objects unloaded after import = 98
========================================================================
Received Import Request.
  Time since last request: 0.004432 seconds.
  path: Assets/Course Library/Characters/Town/SimplePeople_Man_Business_Black.prefab
  artifactKey: Guid(2f8d00bf5057f624e949aef802595da9) Importer(2089858483,0ecaa5967403d082aa24f35e1b516d23)
Start importing Assets/Course Library/Characters/Town/SimplePeople_Man_Business_Black.prefab using Guid(2f8d00bf5057f624e949aef802595da9) Importer(2089858483,0ecaa5967403d082aa24f35e1b516d23) [PhysX] Initialized MultithreadedTaskDispatcher with 8 workers.
 -> (artifact id: '76c904b3fec7b8a8b8c18d57ed49777f') in 0.016019 seconds
Number of updated asset objects reloaded before import = 0
Number of asset objects unloaded after import = 400
========================================================================
Received Import Request.
  Time since last request: 0.003010 seconds.
  path: Assets/Course Library/Animals/Dogs/Dog_Labrador_01.prefab
  artifactKey: Guid(938147f6ad7eebe4cb99d4a14cb96757) Importer(2089858483,3d70f49cd1c2eb9ae422958d1c652c6b)
Start importing Assets/Course Library/Animals/Dogs/Dog_Labrador_01.prefab using Guid(938147f6ad7eebe4cb99d4a14cb96757) Importer(2089858483,3d70f49cd1c2eb9ae422958d1c652c6b) [PhysX] Initialized MultithreadedTaskDispatcher with 8 workers.
 -> (artifact id: 'bf014cbb9742a1a98cb12abdc0b0ea58') in 0.026807 seconds
Number of updated asset objects reloaded before import = 0
Number of asset objects unloaded after import = 244
========================================================================
Received Import Request.
  Time since last request: 0.164332 seconds.
  path: Assets/Course Library/_Source_Files/FBX/Prop_Barrier03.fbx
  artifactKey: Guid(947c86850380c7e49b600f53144ccc14) Importer(2089858483,0ecaa5967403d082aa24f35e1b516d23)
Start importing Assets/Course Library/_Source_Files/FBX/Prop_Barrier03.fbx using Guid(947c86850380c7e49b600f53144ccc14) Importer(2089858483,0ecaa5967403d082aa24f35e1b516d23) [PhysX] Initialized MultithreadedTaskDispatcher with 8 workers.
 -> (artifact id: 'cdcfadea368b6b9efe6ad1ec0b9daf76') in 0.007221 seconds
Number of updated asset objects reloaded before import = 0
Number of asset objects unloaded after import = 9
========================================================================
Received Import Request.
  Time since last request: 0.002211 seconds.
  path: Assets/Course Library/_Source_Files/FBX/ST_Veh_Bus_Blue_Z.fbx
  artifactKey: Guid(7799a29fdee308341b16b65d8a002357) Importer(2089858483,0ecaa5967403d082aa24f35e1b516d23)
Start importing Assets/Course Library/_Source_Files/FBX/ST_Veh_Bus_Blue_Z.fbx using Guid(7799a29fdee308341b16b65d8a002357) Importer(2089858483,0ecaa5967403d082aa24f35e1b516d23) [PhysX] Initialized MultithreadedTaskDispatcher with 8 workers.
 -> (artifact id: 'fbc9cc5c5d637af865b29e7b5b347aa5') in 0.020754 seconds
Number of updated asset objects reloaded before import = 0
Number of asset objects unloaded after import = 27
========================================================================
Received Import Request.
  Time since last request: 0.002237 seconds.
  path: Assets/Course Library/_Source_Files/FBX/SM_Primitive_Cube_01.fbx
  artifactKey: Guid(2d56fe2ad841a4f429c64626c08eaae5) Importer(2089858483,0ecaa5967403d082aa24f35e1b516d23)
Start importing Assets/Course Library/_Source_Files/FBX/SM_Primitive_Cube_01.fbx using Guid(2d56fe2ad841a4f429c64626c08eaae5) Importer(2089858483,0ecaa5967403d082aa24f35e1b516d23) [PhysX] Initialized MultithreadedTaskDispatcher with 8 workers.
 -> (artifact id: '172499e4a66cce264fcb0e2dbefd69bc') in 0.005662 seconds
Number of updated asset objects reloaded before import = 0
Number of asset objects unloaded after import = 7
========================================================================
Received Import Request.
  Time since last request: 0.009792 seconds.
  path: Assets/Course Library/_Source_Files/FBX/SM_Prop_Barrel_01.fbx
  artifactKey: Guid(270efc4fb3c7ef74cb77f88b77cefaa1) Importer(2089858483,0ecaa5967403d082aa24f35e1b516d23)
Start importing Assets/Course Library/_Source_Files/FBX/SM_Prop_Barrel_01.fbx using Guid(270efc4fb3c7ef74cb77f88b77cefaa1) Importer(2089858483,0ecaa5967403d082aa24f35e1b516d23) [PhysX] Initialized MultithreadedTaskDispatcher with 8 workers.
 -> (artifact id: '851d672bb8b3c903b4640fccc131c72a') in 0.007165 seconds
Number of updated asset objects reloaded before import = 0
Number of asset objects unloaded after import = 7
========================================================================
Received Import Request.
  Time since last request: 0.006277 seconds.
  path: Assets/Course Library/_Source_Files/FBX/SM_Icon_Gem_01.fbx
  artifactKey: Guid(c8e9a715daac24048a124a1f8e3487fa) Importer(2089858483,0ecaa5967403d082aa24f35e1b516d23)
Start importing Assets/Course Library/_Source_Files/FBX/SM_Icon_Gem_01.fbx using Guid(c8e9a715daac24048a124a1f8e3487fa) Importer(2089858483,0ecaa5967403d082aa24f35e1b516d23) [PhysX] Initialized MultithreadedTaskDispatcher with 8 workers.
 -> (artifact id: 'e5100347fcf69bd4a08aaf85af04c1ba') in 0.005699 seconds
Number of updated asset objects reloaded before import = 0
Number of asset objects unloaded after import = 7
========================================================================
Received Import Request.
  Time since last request: 0.001359 seconds.
  path: Assets/Course Library/_Source_Files/FBX/SK_Veh_Small_Heli_01.fbx
  artifactKey: Guid(bc7d0b7e66a1b714b80b0739682d3b1b) Importer(2089858483,0ecaa5967403d082aa24f35e1b516d23)
Start importing Assets/Course Library/_Source_Files/FBX/SK_Veh_Small_Heli_01.fbx using Guid(bc7d0b7e66a1b714b80b0739682d3b1b) Importer(2089858483,0ecaa5967403d082aa24f35e1b516d23) [PhysX] Initialized MultithreadedTaskDispatcher with 8 workers.
 -> (artifact id: 'f750a81724d80703f96094fb75f3e3c3') in 0.014709 seconds
Number of updated asset objects reloaded before import = 0
Number of asset objects unloaded after import = 17
========================================================================
Received Import Request.
  Time since last request: 0.000610 seconds.
  path: Assets/Course Library/_Source_Files/Materials/PolygonPrototype_Texture_04.mat
  artifactKey: Guid(7d22fc6b9a431b043a917fb89a80bcfc) Importer(2089858483,0ecaa5967403d082aa24f35e1b516d23)
Start importing Assets/Course Library/_Source_Files/Materials/PolygonPrototype_Texture_04.mat using Guid(7d22fc6b9a431b043a917fb89a80bcfc) Importer(2089858483,0ecaa5967403d082aa24f35e1b516d23) [PhysX] Initialized MultithreadedTaskDispatcher with 8 workers.
 -> (artifact id: '632bbc27a36f2dd7e97762383b18c3b4') in 0.010821 seconds
Number of updated asset objects reloaded before import = 0
Number of asset objects unloaded after import = 2
========================================================================
Received Import Request.
  Time since last request: 0.001030 seconds.
  path: Assets/Course Library/_Source_Files/FBX/SI_Food_Fish_Cooked.fbx
  artifactKey: Guid(85e4a8c480f09dc4183af326bee29e93) Importer(2089858483,0ecaa5967403d082aa24f35e1b516d23)
Start importing Assets/Course Library/_Source_Files/FBX/SI_Food_Fish_Cooked.fbx using Guid(85e4a8c480f09dc4183af326bee29e93) Importer(2089858483,0ecaa5967403d082aa24f35e1b516d23) [PhysX] Initialized MultithreadedTaskDispatcher with 8 workers.
 -> (artifact id: '254bd7b58b6dc24c1ea8a9fa3501452a') in 0.007130 seconds
Number of updated asset objects reloaded before import = 0
Number of asset objects unloaded after import = 7
========================================================================
Received Import Request.
  Time since last request: 0.000373 seconds.
  path: Assets/Course Library/_Source_Files/Materials/SimpleFarmer_FarmWrangler_White.mat
  artifactKey: Guid(6bc0b76677d86c84bae40c11173940a2) Importer(2089858483,0ecaa5967403d082aa24f35e1b516d23)
Start importing Assets/Course Library/_Source_Files/Materials/SimpleFarmer_FarmWrangler_White.mat using Guid(6bc0b76677d86c84bae40c11173940a2) Importer(2089858483,0ecaa5967403d082aa24f35e1b516d23) [PhysX] Initialized MultithreadedTaskDispatcher with 8 workers.
 -> (artifact id: 'baf4754788d97046375ec24e0b678a91') in 0.006818 seconds
Number of updated asset objects reloaded before import = 0
Number of asset objects unloaded after import = 2
========================================================================
Received Import Request.
  Time since last request: 0.004448 seconds.
  path: Assets/Course Library/_Source_Files/Materials/SimpleAirport.mat
  artifactKey: Guid(f9063a172dec5824f87a148932421f2d) Importer(2089858483,0ecaa5967403d082aa24f35e1b516d23)
Start importing Assets/Course Library/_Source_Files/Materials/SimpleAirport.mat using Guid(f9063a172dec5824f87a148932421f2d) Importer(2089858483,0ecaa5967403d082aa24f35e1b516d23) [PhysX] Initialized MultithreadedTaskDispatcher with 8 workers.
 -> (artifact id: '625267b4ae9a93fafebcd4a84de01b47') in 0.005287 seconds
Number of updated asset objects reloaded before import = 0
Number of asset objects unloaded after import = 2
========================================================================
Received Import Request.
  Time since last request: 0.003997 seconds.
  path: Assets/Course Library/_Source_Files/FBX/SM_Rock_Boulder_01.fbx
  artifactKey: Guid(3bf1797a1e906ed419074e5bd4b7ff3b) Importer(2089858483,0ecaa5967403d082aa24f35e1b516d23)
Start importing Assets/Course Library/_Source_Files/FBX/SM_Rock_Boulder_01.fbx using Guid(3bf1797a1e906ed419074e5bd4b7ff3b) Importer(2089858483,0ecaa5967403d082aa24f35e1b516d23) [PhysX] Initialized MultithreadedTaskDispatcher with 8 workers.
 -> (artifact id: 'c19fc79666b00256e206313d2b88be52') in 0.006642 seconds
Number of updated asset objects reloaded before import = 0
Number of asset objects unloaded after import = 7
========================================================================
Received Import Request.
  Time since last request: 0.006392 seconds.
  path: Assets/Course Library/_Source_Files/FBX/ST_Veh_Car_Blue_Z.fbx
  artifactKey: Guid(6df34ee591500634282ce8431bcb6976) Importer(2089858483,0ecaa5967403d082aa24f35e1b516d23)
Start importing Assets/Course Library/_Source_Files/FBX/ST_Veh_Car_Blue_Z.fbx using Guid(6df34ee591500634282ce8431bcb6976) Importer(2089858483,0ecaa5967403d082aa24f35e1b516d23) [PhysX] Initialized MultithreadedTaskDispatcher with 8 workers.
 -> (artifact id: '7fe542d96edd6c4ea996708c0e7116c6') in 0.011785 seconds
Number of updated asset objects reloaded before import = 0
Number of asset objects unloaded after import = 27
========================================================================
Received Import Request.
  Time since last request: 0.001135 seconds.
  path: Assets/Course Library/_Source_Files/FBX/SI_GoldCupIcon.fbx
  artifactKey: Guid(823dde28ac754a14380d87d04313647b) Importer(2089858483,0ecaa5967403d082aa24f35e1b516d23)
Start importing Assets/Course Library/_Source_Files/FBX/SI_GoldCupIcon.fbx using Guid(823dde28ac754a14380d87d04313647b) Importer(2089858483,0ecaa5967403d082aa24f35e1b516d23) [PhysX] Initialized MultithreadedTaskDispatcher with 8 workers.
 -> (artifact id: '8d18f1b870e063b210a2c0c33a450fb0') in 0.004665 seconds
Number of updated asset objects reloaded before import = 0
Number of asset objects unloaded after import = 7
========================================================================
Received Import Request.
  Time since last request: 0.001015 seconds.
  path: Assets/Course Library/_Source_Files/Materials/SimpleFarmer_Farmer_Brown.mat
  artifactKey: Guid(d4f57b669d9639544b1d50ba3f22dbe4) Importer(2089858483,0ecaa5967403d082aa24f35e1b516d23)
Start importing Assets/Course Library/_Source_Files/Materials/SimpleFarmer_Farmer_Brown.mat using Guid(d4f57b669d9639544b1d50ba3f22dbe4) Importer(2089858483,0ecaa5967403d082aa24f35e1b516d23) [PhysX] Initialized MultithreadedTaskDispatcher with 8 workers.
 -> (artifact id: '21dde62a5685b41bbf69fd81298985a5') in 0.003813 seconds
Number of updated asset objects reloaded before import = 0
Number of asset objects unloaded after import = 2
========================================================================
Received Import Request.
  Time since last request: 0.000533 seconds.
  path: Assets/Course Library/_Source_Files/FBX/SM_Prop_Spool_02.fbx
  artifactKey: Guid(0398a1d1d554d19429b04a7c7413037a) Importer(2089858483,0ecaa5967403d082aa24f35e1b516d23)
Start importing Assets/Course Library/_Source_Files/FBX/SM_Prop_Spool_02.fbx using Guid(0398a1d1d554d19429b04a7c7413037a) Importer(2089858483,0ecaa5967403d082aa24f35e1b516d23) [PhysX] Initialized MultithreadedTaskDispatcher with 8 workers.
 -> (artifact id: 'c602aaa38c9cdb82cc62d248f23afd60') in 0.006942 seconds
Number of updated asset objects reloaded before import = 0
Number of asset objects unloaded after import = 7
========================================================================
Received Import Request.
  Time since last request: 0.002917 seconds.
  path: Assets/Course Library/_Source_Files/FBX/SM_Prop_Synty_Cube_01.fbx
  artifactKey: Guid(6cfe01e70a444224f8eb725e2b22452d) Importer(2089858483,0ecaa5967403d082aa24f35e1b516d23)
Start importing Assets/Course Library/_Source_Files/FBX/SM_Prop_Synty_Cube_01.fbx using Guid(6cfe01e70a444224f8eb725e2b22452d) Importer(2089858483,0ecaa5967403d082aa24f35e1b516d23) [PhysX] Initialized MultithreadedTaskDispatcher with 8 workers.
 -> (artifact id: '4294ca537b42c199a394b968daf9f12a') in 0.005462 seconds
Number of updated asset objects reloaded before import = 0
Number of asset objects unloaded after import = 7
========================================================================
Received Import Request.
  Time since last request: 0.225597 seconds.
  path: Assets/Course Library/_Source_Files/Materials/SimpleIcons.mat
  artifactKey: Guid(9c0880e4cd8a8704e82b6940624b569a) Importer(2089858483,0ecaa5967403d082aa24f35e1b516d23)
Start importing Assets/Course Library/_Source_Files/Materials/SimpleIcons.mat using Guid(9c0880e4cd8a8704e82b6940624b569a) Importer(2089858483,0ecaa5967403d082aa24f35e1b516d23) [PhysX] Initialized MultithreadedTaskDispatcher with 8 workers.
 -> (artifact id: '2d5f67577dae5e48b4c2bc11fa465703') in 0.049158 seconds
Number of updated asset objects reloaded before import = 0
Number of asset objects unloaded after import = 2
========================================================================
Received Import Request.
  Time since last request: 0.000251 seconds.
  path: Assets/Course Library/_Source_Files/Textures/SimpleShopInterior_Texture.png
  artifactKey: Guid(9feefa8c65de5d748bcef29e7e150c3a) Importer(2089858483,0ecaa5967403d082aa24f35e1b516d23)
Start importing Assets/Course Library/_Source_Files/Textures/SimpleShopInterior_Texture.png using Guid(9feefa8c65de5d748bcef29e7e150c3a) Importer(2089858483,0ecaa5967403d082aa24f35e1b516d23) [PhysX] Initialized MultithreadedTaskDispatcher with 8 workers.
 -> (artifact id: '0e793e3a963ee516e07f5f325cfcf18d') in 0.008823 seconds
Number of updated asset objects reloaded before import = 0
Number of asset objects unloaded after import = 1
========================================================================
Received Import Request.
  Time since last request: 0.002120 seconds.
  path: Assets/TerrainSampleAssets/ShaderGraphs/Subgraphs/MainLight.shadersubgraph
  artifactKey: Guid(22848ae0b35f9cb4f830ade382bd4f44) Importer(2089858483,0ecaa5967403d082aa24f35e1b516d23)
Start importing Assets/TerrainSampleAssets/ShaderGraphs/Subgraphs/MainLight.shadersubgraph using Guid(22848ae0b35f9cb4f830ade382bd4f44) Importer(2089858483,0ecaa5967403d082aa24f35e1b516d23) [PhysX] Initialized MultithreadedTaskDispatcher with 8 workers.
 -> (artifact id: 'bef95556b7432ed9945e7f0b4ed552d6') in 0.012073 seconds
Number of updated asset objects reloaded before import = 0
Number of asset objects unloaded after import = 1
========================================================================
Received Import Request.
  Time since last request: 0.000685 seconds.
  path: Assets/Course Library/_Source_Files/Textures/SimplePeople_Waitress_Black.png
  artifactKey: Guid(28ef5d1be2c3e0f469599dcb97b6ca17) Importer(2089858483,0ecaa5967403d082aa24f35e1b516d23)
Start importing Assets/Course Library/_Source_Files/Textures/SimplePeople_Waitress_Black.png using Guid(28ef5d1be2c3e0f469599dcb97b6ca17) Importer(2089858483,0ecaa5967403d082aa24f35e1b516d23) [PhysX] Initialized MultithreadedTaskDispatcher with 8 workers.
 -> (artifact id: 'ff27f033ea0350a658256f5726c96302') in 0.012973 seconds
Number of updated asset objects reloaded before import = 0
Number of asset objects unloaded after import = 1
========================================================================
Received Import Request.
  Time since last request: 0.000568 seconds.
  path: Assets/Course Library/_Source_Files/Textures/SimpleFarmer_FarmersDaughter_White.png
  artifactKey: Guid(bde8e4ecd0b2f344bb3b0d5bc6f7fc9c) Importer(2089858483,0ecaa5967403d082aa24f35e1b516d23)
Start importing Assets/Course Library/_Source_Files/Textures/SimpleFarmer_FarmersDaughter_White.png using Guid(bde8e4ecd0b2f344bb3b0d5bc6f7fc9c) Importer(2089858483,0ecaa5967403d082aa24f35e1b516d23) [PhysX] Initialized MultithreadedTaskDispatcher with 8 workers.
 -> (artifact id: '318e3d7df27da74733fbbe7b10ae98db') in 0.008533 seconds
Number of updated asset objects reloaded before import = 0
Number of asset objects unloaded after import = 1
========================================================================
Received Import Request.
  Time since last request: 0.004274 seconds.
  path: Assets/Course Library/_Source_Files/Textures/SimpleFarmer_Farmer_Brown.png
  artifactKey: Guid(065c4bcb58412d949a264763a07a818a) Importer(2089858483,0ecaa5967403d082aa24f35e1b516d23)
Start importing Assets/Course Library/_Source_Files/Textures/SimpleFarmer_Farmer_Brown.png using Guid(065c4bcb58412d949a264763a07a818a) Importer(2089858483,0ecaa5967403d082aa24f35e1b516d23) [PhysX] Initialized MultithreadedTaskDispatcher with 8 workers.
 -> (artifact id: 'd70766281618ffec5f27c78c39c26367') in 0.010360 seconds
Number of updated asset objects reloaded before import = 0
Number of asset objects unloaded after import = 1
========================================================================
Received Import Request.
  Time since last request: 0.003831 seconds.
  path: Assets/Course Library/_Source_Files/Textures/SimpleIcons_Texture.png
  artifactKey: Guid(3e3e7739c37f6df4a9ac958352bdd251) Importer(2089858483,0ecaa5967403d082aa24f35e1b516d23)
Start importing Assets/Course Library/_Source_Files/Textures/SimpleIcons_Texture.png using Guid(3e3e7739c37f6df4a9ac958352bdd251) Importer(2089858483,0ecaa5967403d082aa24f35e1b516d23) [PhysX] Initialized MultithreadedTaskDispatcher with 8 workers.
 -> (artifact id: '37fff3f4f39ba060c7f1170315810a26') in 0.005693 seconds
Number of updated asset objects reloaded before import = 0
Number of asset objects unloaded after import = 1
========================================================================
Received Import Request.
  Time since last request: 0.001932 seconds.
  path: Assets/Course Library/_Source_Files/Misc/Cloud_06.fbx
  artifactKey: Guid(9eee4a1abc7933341a548cf4c5fa26cb) Importer(2089858483,0ecaa5967403d082aa24f35e1b516d23)
Start importing Assets/Course Library/_Source_Files/Misc/Cloud_06.fbx using Guid(9eee4a1abc7933341a548cf4c5fa26cb) Importer(2089858483,0ecaa5967403d082aa24f35e1b516d23) [PhysX] Initialized MultithreadedTaskDispatcher with 8 workers.
 -> (artifact id: '3582adb1619b27c49e82da6ce47ff9b6') in 0.004659 seconds
Number of updated asset objects reloaded before import = 0
Number of asset objects unloaded after import = 7
========================================================================
Received Import Request.
  Time since last request: 0.004321 seconds.
  path: Assets/Course Library/_Source_Files/Textures/SimpleFarmer_Farmer_Black.png
  artifactKey: Guid(8fddee26d7af656469060882f739f16a) Importer(2089858483,0ecaa5967403d082aa24f35e1b516d23)
Start importing Assets/Course Library/_Source_Files/Textures/SimpleFarmer_Farmer_Black.png using Guid(8fddee26d7af656469060882f739f16a) Importer(2089858483,0ecaa5967403d082aa24f35e1b516d23) [PhysX] Initialized MultithreadedTaskDispatcher with 8 workers.
 -> (artifact id: 'bb1216fe210bba57ea004e666bcda402') in 0.008181 seconds
Number of updated asset objects reloaded before import = 0
Number of asset objects unloaded after import = 1
========================================================================
Received Import Request.
  Time since last request: 0.001560 seconds.
  path: Assets/Course Library/_Source_Files/Textures/PolygonPrototype_Texture_04.png
  artifactKey: Guid(56d0dcfd4f388074b86b2ca24191e027) Importer(2089858483,0ecaa5967403d082aa24f35e1b516d23)
Start importing Assets/Course Library/_Source_Files/Textures/PolygonPrototype_Texture_04.png using Guid(56d0dcfd4f388074b86b2ca24191e027) Importer(2089858483,0ecaa5967403d082aa24f35e1b516d23) [PhysX] Initialized MultithreadedTaskDispatcher with 8 workers.
 -> (artifact id: 'f28201a30ab886621f75e1c6bfeb8e46') in 0.004882 seconds
Number of updated asset objects reloaded before import = 0
Number of asset objects unloaded after import = 1
========================================================================
Received Import Request.
  Time since last request: 0.001149 seconds.
  path: Assets/Course Library/_Source_Files/Textures/SimplePort.png
  artifactKey: Guid(eddd954894fbf3c42aedd49856d24e81) Importer(2089858483,0ecaa5967403d082aa24f35e1b516d23)
Start importing Assets/Course Library/_Source_Files/Textures/SimplePort.png using Guid(eddd954894fbf3c42aedd49856d24e81) Importer(2089858483,0ecaa5967403d082aa24f35e1b516d23) [PhysX] Initialized MultithreadedTaskDispatcher with 8 workers.
 -> (artifact id: '5b68b33b084e509bacc2d6c8993b9e78') in 0.008580 seconds
Number of updated asset objects reloaded before import = 0
Number of asset objects unloaded after import = 1
========================================================================
Received Import Request.
  Time since last request: 0.002399 seconds.
  path: Assets/Course Library/_Source_Files/Misc/Cloud_01.fbx
  artifactKey: Guid(d6a294bdf7386d64f8c846e5ac334ffa) Importer(2089858483,0ecaa5967403d082aa24f35e1b516d23)
Start importing Assets/Course Library/_Source_Files/Misc/Cloud_01.fbx using Guid(d6a294bdf7386d64f8c846e5ac334ffa) Importer(2089858483,0ecaa5967403d082aa24f35e1b516d23) [PhysX] Initialized MultithreadedTaskDispatcher with 8 workers.
 -> (artifact id: '63d4672ae71507b55814a7e3526a464b') in 0.007435 seconds
Number of updated asset objects reloaded before import = 0
Number of asset objects unloaded after import = 7
========================================================================
Received Import Request.
  Time since last request: 0.005946 seconds.
  path: Assets/TerrainSampleAssets/Textures/Details/Plant_BaseColor.tif
  artifactKey: Guid(2d6f4b0351691d54aadd4f4283b63025) Importer(2089858483,0ecaa5967403d082aa24f35e1b516d23)
Start importing Assets/TerrainSampleAssets/Textures/Details/Plant_BaseColor.tif using Guid(2d6f4b0351691d54aadd4f4283b63025) Importer(2089858483,0ecaa5967403d082aa24f35e1b516d23) [PhysX] Initialized MultithreadedTaskDispatcher with 8 workers.
 -> (artifact id: 'ef987140df9c30d114a81e6ba5721c53') in 0.006032 seconds
Number of updated asset objects reloaded before import = 0
Number of asset objects unloaded after import = 1
========================================================================
Received Import Request.
  Time since last request: 0.000305 seconds.
  path: Assets/TerrainSampleAssets/Textures/Details/Heather_A_MaskMap.tif
  artifactKey: Guid(2acdbd081c9f4e7448a4885ecf259aaf) Importer(2089858483,0ecaa5967403d082aa24f35e1b516d23)
Start importing Assets/TerrainSampleAssets/Textures/Details/Heather_A_MaskMap.tif using Guid(2acdbd081c9f4e7448a4885ecf259aaf) Importer(2089858483,0ecaa5967403d082aa24f35e1b516d23) [PhysX] Initialized MultithreadedTaskDispatcher with 8 workers.
 -> (artifact id: '6da78b2b7c966535941dd43f87c2aeba') in 0.005046 seconds
Number of updated asset objects reloaded before import = 0
Number of asset objects unloaded after import = 1
========================================================================
Received Import Request.
  Time since last request: 0.001371 seconds.
  path: Assets/Course Library/_Source_Files/Textures/Signs_00.png
  artifactKey: Guid(c050c2762aa6b874bac5c0b0c224bc9f) Importer(2089858483,0ecaa5967403d082aa24f35e1b516d23)
Start importing Assets/Course Library/_Source_Files/Textures/Signs_00.png using Guid(c050c2762aa6b874bac5c0b0c224bc9f) Importer(2089858483,0ecaa5967403d082aa24f35e1b516d23) [PhysX] Initialized MultithreadedTaskDispatcher with 8 workers.
 -> (artifact id: '6b117b5adb887c299cb5e1ec996aa047') in 0.006845 seconds
Number of updated asset objects reloaded before import = 0
Number of asset objects unloaded after import = 1
========================================================================
Received Import Request.
  Time since last request: 0.000393 seconds.
  path: Assets/TerrainSampleAssets/Textures/Details/Grass_C_BaseColor.tif
  artifactKey: Guid(696617d4dc7551d4cb58b7f30d022160) Importer(2089858483,0ecaa5967403d082aa24f35e1b516d23)
Start importing Assets/TerrainSampleAssets/Textures/Details/Grass_C_BaseColor.tif using Guid(696617d4dc7551d4cb58b7f30d022160) Importer(2089858483,0ecaa5967403d082aa24f35e1b516d23) [PhysX] Initialized MultithreadedTaskDispatcher with 8 workers.
 -> (artifact id: '5d3be02786014f5ab0813377c835db59') in 0.006101 seconds
Number of updated asset objects reloaded before import = 0
Number of asset objects unloaded after import = 1
========================================================================
Received Import Request.
  Time since last request: 0.000985 seconds.
  path: Assets/TerrainSampleAssets/ShaderGraphs/Subgraphs/Wind.shadersubgraph
  artifactKey: Guid(43040687acbef31438764c0a962e143f) Importer(2089858483,0ecaa5967403d082aa24f35e1b516d23)
Start importing Assets/TerrainSampleAssets/ShaderGraphs/Subgraphs/Wind.shadersubgraph using Guid(43040687acbef31438764c0a962e143f) Importer(2089858483,0ecaa5967403d082aa24f35e1b516d23) [PhysX] Initialized MultithreadedTaskDispatcher with 8 workers.
 -> (artifact id: '720f7b14bc6f30c84e2d813d3e61ef7b') in 0.004338 seconds
Number of updated asset objects reloaded before import = 0
Number of asset objects unloaded after import = 1
========================================================================
Received Import Request.
  Time since last request: 0.001058 seconds.
  path: Assets/Course Library/_Source_Files/Misc/Cloud_02.fbx
  artifactKey: Guid(c943ee3841fcbd94d9630c5e4529b603) Importer(2089858483,0ecaa5967403d082aa24f35e1b516d23)
Start importing Assets/Course Library/_Source_Files/Misc/Cloud_02.fbx using Guid(c943ee3841fcbd94d9630c5e4529b603) Importer(2089858483,0ecaa5967403d082aa24f35e1b516d23) [PhysX] Initialized MultithreadedTaskDispatcher with 8 workers.
 -> (artifact id: '268d3f5b46bc9f339cadfaf2a5223bc0') in 0.006664 seconds
Number of updated asset objects reloaded before import = 0
Number of asset objects unloaded after import = 7
========================================================================
Received Import Request.
  Time since last request: 0.275861 seconds.
  path: Assets/TerrainSampleAssets/Textures/Heightmaps/Default_White.tif
  artifactKey: Guid(63c633526981fac49b5eb44c0212bf2f) Importer(2089858483,0ecaa5967403d082aa24f35e1b516d23)
Start importing Assets/TerrainSampleAssets/Textures/Heightmaps/Default_White.tif using Guid(63c633526981fac49b5eb44c0212bf2f) Importer(2089858483,0ecaa5967403d082aa24f35e1b516d23) [PhysX] Initialized MultithreadedTaskDispatcher with 8 workers.
 -> (artifact id: 'b5b9948816550bfe0f1c62bb1f8bfba0') in 0.007850 seconds
Number of updated asset objects reloaded before import = 0
Number of asset objects unloaded after import = 1
========================================================================
Received Import Request.
  Time since last request: 0.004056 seconds.
  path: Assets/Course Library/Audio/Sound Effects/Gameplay/Zap_C_07_8-Bit_11025Hz.wav
  artifactKey: Guid(55ee0e07cc1304ec4aa0dacba6a249c2) Importer(2089858483,0ecaa5967403d082aa24f35e1b516d23)
Start importing Assets/Course Library/Audio/Sound Effects/Gameplay/Zap_C_07_8-Bit_11025Hz.wav using Guid(55ee0e07cc1304ec4aa0dacba6a249c2) Importer(2089858483,0ecaa5967403d082aa24f35e1b516d23) [PhysX] Initialized MultithreadedTaskDispatcher with 8 workers.
 -> (artifact id: 'a09578b291d658dddd5c7d17e6b105af') in 0.018547 seconds
Number of updated asset objects reloaded before import = 0
Number of asset objects unloaded after import = 1
========================================================================
Received Import Request.
  Time since last request: 0.003680 seconds.
  path: Assets/Course Library/Environments/Sky/Clouds/Cloud_04.prefab
  artifactKey: Guid(420bde364644a314396dc8ed24ee99d6) Importer(2089858483,0ecaa5967403d082aa24f35e1b516d23)
Start importing Assets/Course Library/Environments/Sky/Clouds/Cloud_04.prefab using Guid(420bde364644a314396dc8ed24ee99d6) Importer(2089858483,0ecaa5967403d082aa24f35e1b516d23) [PhysX] Initialized MultithreadedTaskDispatcher with 8 workers.
 -> (artifact id: 'bff865d38993e4c7fecb05baca522710') in 0.004487 seconds
Number of updated asset objects reloaded before import = 0
Number of asset objects unloaded after import = 7
========================================================================
Received Import Request.
  Time since last request: 0.000429 seconds.
  path: Assets/TerrainSampleAssets/Textures/Terrain/Snow_MaskMap.tif
  artifactKey: Guid(5d46f74cdeedd7941ba8cd7cb7ebb40c) Importer(2089858483,0ecaa5967403d082aa24f35e1b516d23)
Start importing Assets/TerrainSampleAssets/Textures/Terrain/Snow_MaskMap.tif using Guid(5d46f74cdeedd7941ba8cd7cb7ebb40c) Importer(2089858483,0ecaa5967403d082aa24f35e1b516d23) [PhysX] Initialized MultithreadedTaskDispatcher with 8 workers.
 -> (artifact id: 'a7498eb2b4e736e06083ddab84fcae6e') in 0.007052 seconds
Number of updated asset objects reloaded before import = 0
Number of asset objects unloaded after import = 1
========================================================================
Received Import Request.
  Time since last request: 0.002205 seconds.
  path: Assets/TerrainSampleAssets/Textures/Terrain/Grass_Soil_Normal.tif
  artifactKey: Guid(b5fff5575723f4a40bfa0f147cb9c27f) Importer(2089858483,0ecaa5967403d082aa24f35e1b516d23)
Start importing Assets/TerrainSampleAssets/Textures/Terrain/Grass_Soil_Normal.tif using Guid(b5fff5575723f4a40bfa0f147cb9c27f) Importer(2089858483,0ecaa5967403d082aa24f35e1b516d23) [PhysX] Initialized MultithreadedTaskDispatcher with 8 workers.
 -> (artifact id: '010d767543164b3be426f7d3d913b13c') in 0.007451 seconds
Number of updated asset objects reloaded before import = 0
Number of asset objects unloaded after import = 1
========================================================================
Received Import Request.
  Time since last request: 0.001242 seconds.
  path: Assets/TerrainSampleAssets/Textures/Heightmaps/Volcano01_Heightmap.tif
  artifactKey: Guid(363319f155d126f42babcdde1483c92d) Importer(2089858483,0ecaa5967403d082aa24f35e1b516d23)
Start importing Assets/TerrainSampleAssets/Textures/Heightmaps/Volcano01_Heightmap.tif using Guid(363319f155d126f42babcdde1483c92d) Importer(2089858483,0ecaa5967403d082aa24f35e1b516d23) [PhysX] Initialized MultithreadedTaskDispatcher with 8 workers.
 -> (artifact id: 'd7e6d80a2ece98b5fc23c15541fdafbb') in 0.006791 seconds
Number of updated asset objects reloaded before import = 0
Number of asset objects unloaded after import = 1
========================================================================
Received Import Request.
  Time since last request: 0.006074 seconds.
  path: Assets/TerrainSampleAssets/Textures/Heightmaps/Hills01_Heightmap.tiff
  artifactKey: Guid(0a9c4cb001d0620468e11a00fbe9e94e) Importer(2089858483,0ecaa5967403d082aa24f35e1b516d23)
Start importing Assets/TerrainSampleAssets/Textures/Heightmaps/Hills01_Heightmap.tiff using Guid(0a9c4cb001d0620468e11a00fbe9e94e) Importer(2089858483,0ecaa5967403d082aa24f35e1b516d23) [PhysX] Initialized MultithreadedTaskDispatcher with 8 workers.
 -> (artifact id: '47bfafe90b562ed4ffb7a54dace15aa6') in 0.009658 seconds
Number of updated asset objects reloaded before import = 0
Number of asset objects unloaded after import = 1
========================================================================
Received Import Request.
  Time since last request: 0.005178 seconds.
  path: Assets/Course Library/Audio/Sound Effects/Gameplay/Blip_C_08_8-Bit_11025Hz.wav
  artifactKey: Guid(63cf76284fcc3490da472b96e723eb53) Importer(2089858483,0ecaa5967403d082aa24f35e1b516d23)
Start importing Assets/Course Library/Audio/Sound Effects/Gameplay/Blip_C_08_8-Bit_11025Hz.wav using Guid(63cf76284fcc3490da472b96e723eb53) Importer(2089858483,0ecaa5967403d082aa24f35e1b516d23) [PhysX] Initialized MultithreadedTaskDispatcher with 8 workers.
 -> (artifact id: '42b43b62243817b10d0138b63b75a01d') in 0.013734 seconds
Number of updated asset objects reloaded before import = 0
Number of asset objects unloaded after import = 1
========================================================================
Received Import Request.
  Time since last request: 0.006221 seconds.
  path: Assets/TerrainSampleAssets/Textures/Terrain/Black_Sand_BaseColor.tif
  artifactKey: Guid(0b59c495bf285c442b1b799c94a9f8aa) Importer(2089858483,0ecaa5967403d082aa24f35e1b516d23)
Start importing Assets/TerrainSampleAssets/Textures/Terrain/Black_Sand_BaseColor.tif using Guid(0b59c495bf285c442b1b799c94a9f8aa) Importer(2089858483,0ecaa5967403d082aa24f35e1b516d23) [PhysX] Initialized MultithreadedTaskDispatcher with 8 workers.
 -> (artifact id: '9ebc3029bd0ecb28a50349a7d3e4689c') in 0.006420 seconds
Number of updated asset objects reloaded before import = 0
Number of asset objects unloaded after import = 1
========================================================================
Received Import Request.
  Time since last request: 0.000708 seconds.
  path: Assets/TerrainSampleAssets/Textures/Terrain/Pebbles_B_Normal.tif
  artifactKey: Guid(abaa3d4f433df074389559003412235d) Importer(2089858483,0ecaa5967403d082aa24f35e1b516d23)
Start importing Assets/TerrainSampleAssets/Textures/Terrain/Pebbles_B_Normal.tif using Guid(abaa3d4f433df074389559003412235d) Importer(2089858483,0ecaa5967403d082aa24f35e1b516d23) [PhysX] Initialized MultithreadedTaskDispatcher with 8 workers.
 -> (artifact id: 'bc10e72554521b3c0557e8a63e784d56') in 0.006259 seconds
Number of updated asset objects reloaded before import = 0
Number of asset objects unloaded after import = 1
========================================================================
Received Import Request.
  Time since last request: 0.008887 seconds.
  path: Assets/TerrainSampleAssets/Textures/Terrain/Pebbles_C_Normal.tif
  artifactKey: Guid(297a3ddfc901318499e15b3a0c8ec74d) Importer(2089858483,0ecaa5967403d082aa24f35e1b516d23)
Start importing Assets/TerrainSampleAssets/Textures/Terrain/Pebbles_C_Normal.tif using Guid(297a3ddfc901318499e15b3a0c8ec74d) Importer(2089858483,0ecaa5967403d082aa24f35e1b516d23) [PhysX] Initialized MultithreadedTaskDispatcher with 8 workers.
 -> (artifact id: '07908995a497057ef676721cdf648784') in 0.018697 seconds
Number of updated asset objects reloaded before import = 0
Number of asset objects unloaded after import = 1
========================================================================
Received Import Request.
  Time since last request: 0.004709 seconds.
  path: Assets/TerrainSampleAssets/Textures/Heightmaps/Ridge_Edge01_Heightmap.tif
  artifactKey: Guid(b38901ae2e7149540aaa7fe2697aba3e) Importer(2089858483,0ecaa5967403d082aa24f35e1b516d23)
Start importing Assets/TerrainSampleAssets/Textures/Heightmaps/Ridge_Edge01_Heightmap.tif using Guid(b38901ae2e7149540aaa7fe2697aba3e) Importer(2089858483,0ecaa5967403d082aa24f35e1b516d23) [PhysX] Initialized MultithreadedTaskDispatcher with 8 workers.
 -> (artifact id: '4690d6f61e802cece05168997168d398') in 0.008432 seconds
Number of updated asset objects reloaded before import = 0
Number of asset objects unloaded after import = 1
========================================================================
Received Import Request.
  Time since last request: 0.005065 seconds.
  path: Assets/TerrainSampleAssets/Textures/Heightmaps/Mountain01_Heightmap.tif
  artifactKey: Guid(6cfb129191988d84eafe31848415a233) Importer(2089858483,0ecaa5967403d082aa24f35e1b516d23)
Start importing Assets/TerrainSampleAssets/Textures/Heightmaps/Mountain01_Heightmap.tif using Guid(6cfb129191988d84eafe31848415a233) Importer(2089858483,0ecaa5967403d082aa24f35e1b516d23) [PhysX] Initialized MultithreadedTaskDispatcher with 8 workers.
 -> (artifact id: '0f67e837731c9aa3a216aa3eac08ff90') in 0.014819 seconds
Number of updated asset objects reloaded before import = 0
Number of asset objects unloaded after import = 1
========================================================================
Received Import Request.
  Time since last request: 0.001889 seconds.
  path: Assets/Course Library/Audio/Sound Effects/Gameplay/Blip_C_04_8-Bit_11025Hz.wav
  artifactKey: Guid(9ee6fa16d1507404dbad73bc796dd25c) Importer(2089858483,0ecaa5967403d082aa24f35e1b516d23)
Start importing Assets/Course Library/Audio/Sound Effects/Gameplay/Blip_C_04_8-Bit_11025Hz.wav using Guid(9ee6fa16d1507404dbad73bc796dd25c) Importer(2089858483,0ecaa5967403d082aa24f35e1b516d23) [PhysX] Initialized MultithreadedTaskDispatcher with 8 workers.
 -> (artifact id: 'e7bcec829318591ed6cf6ec783783343') in 0.015109 seconds
Number of updated asset objects reloaded before import = 0
Number of asset objects unloaded after import = 1
========================================================================
Received Import Request.
  Time since last request: 0.003756 seconds.
  path: Assets/Course Library/Audio/Sound Effects/UI/Funny Click_Minimal UI Sounds.wav
  artifactKey: Guid(c053c3d2a711144dcb83ba80730f20a6) Importer(2089858483,0ecaa5967403d082aa24f35e1b516d23)
Start importing Assets/Course Library/Audio/Sound Effects/UI/Funny Click_Minimal UI Sounds.wav using Guid(c053c3d2a711144dcb83ba80730f20a6) Importer(2089858483,0ecaa5967403d082aa24f35e1b516d23) [PhysX] Initialized MultithreadedTaskDispatcher with 8 workers.
 -> (artifact id: '2ca35f4db95bd7dc66f0cc90aa0b8148') in 0.013372 seconds
Number of updated asset objects reloaded before import = 0
Number of asset objects unloaded after import = 1
========================================================================
Received Import Request.
  Time since last request: 0.002697 seconds.
  path: Assets/TerrainSampleAssets/Textures/Heightmaps/Mountain10_Heightmap.tiff
  artifactKey: Guid(54acc9c7b90e7844c8110362dbe968ad) Importer(2089858483,0ecaa5967403d082aa24f35e1b516d23)
Start importing Assets/TerrainSampleAssets/Textures/Heightmaps/Mountain10_Heightmap.tiff using Guid(54acc9c7b90e7844c8110362dbe968ad) Importer(2089858483,0ecaa5967403d082aa24f35e1b516d23) [PhysX] Initialized MultithreadedTaskDispatcher with 8 workers.
 -> (artifact id: 'ffde199ed4fa303663b0685674a7c2fe') in 0.011142 seconds
Number of updated asset objects reloaded before import = 0
Number of asset objects unloaded after import = 1
========================================================================
Received Import Request.
  Time since last request: 0.001723 seconds.
  path: Assets/TerrainSampleAssets/Textures/Heightmaps/Errosion01_Heightmap.tif
  artifactKey: Guid(228af47692a8c7c49b93049646ac6c46) Importer(2089858483,0ecaa5967403d082aa24f35e1b516d23)
Start importing Assets/TerrainSampleAssets/Textures/Heightmaps/Errosion01_Heightmap.tif using Guid(228af47692a8c7c49b93049646ac6c46) Importer(2089858483,0ecaa5967403d082aa24f35e1b516d23) [PhysX] Initialized MultithreadedTaskDispatcher with 8 workers.
 -> (artifact id: '549ea85e2380f1d29d05268818eb4390') in 0.009554 seconds
Number of updated asset objects reloaded before import = 0
Number of asset objects unloaded after import = 1
========================================================================
Received Import Request.
  Time since last request: 0.004745 seconds.
  path: Assets/Course Library/Audio/Sound Effects/Gameplay/Blip_C_02_8-Bit_11025Hz.wav
  artifactKey: Guid(67357478fa899460198f84822b54cc8d) Importer(2089858483,0ecaa5967403d082aa24f35e1b516d23)
Start importing Assets/Course Library/Audio/Sound Effects/Gameplay/Blip_C_02_8-Bit_11025Hz.wav using Guid(67357478fa899460198f84822b54cc8d) Importer(2089858483,0ecaa5967403d082aa24f35e1b516d23) [PhysX] Initialized MultithreadedTaskDispatcher with 8 workers.
 -> (artifact id: 'f4eff996eb797331d75afb5a0c038d19') in 0.016113 seconds
Number of updated asset objects reloaded before import = 0
Number of asset objects unloaded after import = 1
========================================================================
Received Import Request.
  Time since last request: 0.005551 seconds.
  path: Assets/TerrainSampleAssets/Textures/Heightmaps/Island01_Heightmap.tif
  artifactKey: Guid(043a3cc82df9fb94aba4f90d2009efc7) Importer(2089858483,0ecaa5967403d082aa24f35e1b516d23)
Start importing Assets/TerrainSampleAssets/Textures/Heightmaps/Island01_Heightmap.tif using Guid(043a3cc82df9fb94aba4f90d2009efc7) Importer(2089858483,0ecaa5967403d082aa24f35e1b516d23) [PhysX] Initialized MultithreadedTaskDispatcher with 8 workers.
 -> (artifact id: '918393a584879924ac07ce37a879ac2d') in 0.007043 seconds
Number of updated asset objects reloaded before import = 0
Number of asset objects unloaded after import = 1
========================================================================
Received Import Request.
  Time since last request: 0.003354 seconds.
  path: Assets/Course Library/Audio/Sound Effects/Gameplay/Boom_C_09_8-Bit_11025Hz.wav
  artifactKey: Guid(86e4d514bc68143ff95357c93ddf0525) Importer(2089858483,0ecaa5967403d082aa24f35e1b516d23)
Start importing Assets/Course Library/Audio/Sound Effects/Gameplay/Boom_C_09_8-Bit_11025Hz.wav using Guid(86e4d514bc68143ff95357c93ddf0525) Importer(2089858483,0ecaa5967403d082aa24f35e1b516d23) [PhysX] Initialized MultithreadedTaskDispatcher with 8 workers.
 -> (artifact id: '49a71474777ffd44f34903ea98d901a2') in 0.011148 seconds
Number of updated asset objects reloaded before import = 0
Number of asset objects unloaded after import = 1
========================================================================
Received Import Request.
  Time since last request: 0.152039 seconds.
  path: Assets/Course Library/_Source_Files/Textures/Misc/PolygonTown_Texture_Normal_A.png
  artifactKey: Guid(f19d91fb55c31f3489e749e808679b35) Importer(2089858483,0ecaa5967403d082aa24f35e1b516d23)
Start importing Assets/Course Library/_Source_Files/Textures/Misc/PolygonTown_Texture_Normal_A.png using Guid(f19d91fb55c31f3489e749e808679b35) Importer(2089858483,0ecaa5967403d082aa24f35e1b516d23) [PhysX] Initialized MultithreadedTaskDispatcher with 8 workers.
 -> (artifact id: '95d340ee2aa2e9c1eaf58d4a273d0f01') in 0.006970 seconds
Number of updated asset objects reloaded before import = 0
Number of asset objects unloaded after import = 1
========================================================================
Received Import Request.
  Time since last request: 0.000178 seconds.
  path: Assets/TerrainSampleAssets/Textures/Details/Materials/Bush_A_Normal.mat
  artifactKey: Guid(e6f9ad1ed740b49ef8102dbad95f543e) Importer(2089858483,0ecaa5967403d082aa24f35e1b516d23)
Start importing Assets/TerrainSampleAssets/Textures/Details/Materials/Bush_A_Normal.mat using Guid(e6f9ad1ed740b49ef8102dbad95f543e) Importer(2089858483,0ecaa5967403d082aa24f35e1b516d23) [PhysX] Initialized MultithreadedTaskDispatcher with 8 workers.
 -> (artifact id: 'c531945f17fdab5c1ffb64105ebe96f1') in 0.007964 seconds
Number of updated asset objects reloaded before import = 0
Number of asset objects unloaded after import = 2
========================================================================
Received Import Request.
  Time since last request: 10.182805 seconds.
  path: Assets/Course Library/_Source_Files/Materials/SimpleForestAnimals.mat
  artifactKey: Guid(a47734c228690c7408645b04cd1a2550) Importer(2089858483,0ecaa5967403d082aa24f35e1b516d23)
Start importing Assets/Course Library/_Source_Files/Materials/SimpleForestAnimals.mat using Guid(a47734c228690c7408645b04cd1a2550) Importer(2089858483,0ecaa5967403d082aa24f35e1b516d23) [PhysX] Initialized MultithreadedTaskDispatcher with 8 workers.
 -> (artifact id: '4214ba1b4cb39d96f0548735e222d7e7') in 0.005702 seconds
Number of updated asset objects reloaded before import = 0
Number of asset objects unloaded after import = 2
========================================================================
Received Import Request.
  Time since last request: 0.000049 seconds.
  path: Assets/Course Library/_Source_Files/Materials/FX_GunFlash.mat
  artifactKey: Guid(f1b0fea076fb0574d868f6e3d9523f52) Importer(2089858483,0ecaa5967403d082aa24f35e1b516d23)
Start importing Assets/Course Library/_Source_Files/Materials/FX_GunFlash.mat using Guid(f1b0fea076fb0574d868f6e3d9523f52) Importer(2089858483,0ecaa5967403d082aa24f35e1b516d23) [PhysX] Initialized MultithreadedTaskDispatcher with 8 workers.
 -> (artifact id: '4db5b211772abebc5e3a4992043cf330') in 0.002839 seconds
Number of updated asset objects reloaded before import = 0
Number of asset objects unloaded after import = 1
========================================================================
Received Import Request.
  Time since last request: 0.000066 seconds.
  path: Assets/Course Library/Characters/Town/SimplePeople_Man_Punk_Brown.prefab
  artifactKey: Guid(4a7c3ad7168bb834b87a91e3f94ad3d6) Importer(2089858483,0ecaa5967403d082aa24f35e1b516d23)
Start importing Assets/Course Library/Characters/Town/SimplePeople_Man_Punk_Brown.prefab using Guid(4a7c3ad7168bb834b87a91e3f94ad3d6) Importer(2089858483,0ecaa5967403d082aa24f35e1b516d23) [PhysX] Initialized MultithreadedTaskDispatcher with 8 workers.
 -> (artifact id: '4c1b12b7f50988c568c8f2cc231916ff') in 0.015158 seconds
Number of updated asset objects reloaded before import = 0
Number of asset objects unloaded after import = 400
========================================================================
Received Import Request.
  Time since last request: 0.000063 seconds.
  path: Assets/Course Library/_Source_Files/Materials/SimplePeople_Waitress_Brown.mat
  artifactKey: Guid(7a72a6e6dc8f7894b982c3d079fd3272) Importer(2089858483,0ecaa5967403d082aa24f35e1b516d23)
Start importing Assets/Course Library/_Source_Files/Materials/SimplePeople_Waitress_Brown.mat using Guid(7a72a6e6dc8f7894b982c3d079fd3272) Importer(2089858483,0ecaa5967403d082aa24f35e1b516d23) [PhysX] Initialized MultithreadedTaskDispatcher with 8 workers.
 -> (artifact id: '106fa6ec12f3558922bf923b22df6af7') in 0.005093 seconds
Number of updated asset objects reloaded before import = 0
Number of asset objects unloaded after import = 2
========================================================================
Received Import Request.
  Time since last request: 0.000055 seconds.
  path: Assets/Course Library/_Source_Files/Materials/SimplePeople_Punk_Black.mat
  artifactKey: Guid(cba661a44d31ac342b6e3f75f0701f9e) Importer(2089858483,0ecaa5967403d082aa24f35e1b516d23)
Start importing Assets/Course Library/_Source_Files/Materials/SimplePeople_Punk_Black.mat using Guid(cba661a44d31ac342b6e3f75f0701f9e) Importer(2089858483,0ecaa5967403d082aa24f35e1b516d23) [PhysX] Initialized MultithreadedTaskDispatcher with 8 workers.
 -> (artifact id: '6b7fa37e21b3edaf883502437a60a4be') in 0.003190 seconds
Number of updated asset objects reloaded before import = 0
Number of asset objects unloaded after import = 2
========================================================================
Received Import Request.
  Time since last request: 0.000029 seconds.
  path: Assets/Course Library/_Source_Files/Materials/FX_Glow.mat
  artifactKey: Guid(040cfa3c61ad57946ae16c627e338920) Importer(2089858483,0ecaa5967403d082aa24f35e1b516d23)
Start importing Assets/Course Library/_Source_Files/Materials/FX_Glow.mat using Guid(040cfa3c61ad57946ae16c627e338920) Importer(2089858483,0ecaa5967403d082aa24f35e1b516d23) [PhysX] Initialized MultithreadedTaskDispatcher with 8 workers.
 -> (artifact id: '33d4368fe22de47a252443bf68252411') in 0.002094 seconds
Number of updated asset objects reloaded before import = 0
Number of asset objects unloaded after import = 1
========================================================================
Received Import Request.
  Time since last request: 0.000026 seconds.
  path: Assets/Course Library/_Source_Files/Materials/MilitaryProps.mat
  artifactKey: Guid(af9d3101091f90d4db78a2097d5dcb84) Importer(2089858483,0ecaa5967403d082aa24f35e1b516d23)
Start importing Assets/Course Library/_Source_Files/Materials/MilitaryProps.mat using Guid(af9d3101091f90d4db78a2097d5dcb84) Importer(2089858483,0ecaa5967403d082aa24f35e1b516d23) [PhysX] Initialized MultithreadedTaskDispatcher with 8 workers.
 -> (artifact id: '7d4b3dbf4bf6fde69ae514d297ef6d48') in 0.003501 seconds
Number of updated asset objects reloaded before import = 0
Number of asset objects unloaded after import = 2
========================================================================
Received Import Request.
  Time since last request: 0.000027 seconds.
  path: Assets/Course Library/_Source_Files/Materials/PolygonNature_MountainSkybox_Snow.mat
  artifactKey: Guid(fb87686c53fbcc24a867e24f6b622498) Importer(2089858483,0ecaa5967403d082aa24f35e1b516d23)
Start importing Assets/Course Library/_Source_Files/Materials/PolygonNature_MountainSkybox_Snow.mat using Guid(fb87686c53fbcc24a867e24f6b622498) Importer(2089858483,0ecaa5967403d082aa24f35e1b516d23) [PhysX] Initialized MultithreadedTaskDispatcher with 8 workers.
 -> (artifact id: '136ee3c9fd6b3935a3b49345356be6ff') in 0.003378 seconds
Number of updated asset objects reloaded before import = 0
Number of asset objects unloaded after import = 2
========================================================================
Received Import Request.
  Time since last request: 0.000142 seconds.
  path: Assets/Course Library/_Source_Files/Materials/SimplePeople_Punk_White.mat
  artifactKey: Guid(34c2d8b1b19253547badb55d82bb8103) Importer(2089858483,0ecaa5967403d082aa24f35e1b516d23)
Start importing Assets/Course Library/_Source_Files/Materials/SimplePeople_Punk_White.mat using Guid(34c2d8b1b19253547badb55d82bb8103) Importer(2089858483,0ecaa5967403d082aa24f35e1b516d23) [PhysX] Initialized MultithreadedTaskDispatcher with 8 workers.
 -> (artifact id: '6b199d8cf3d715c48e3c25e03be9be2a') in 0.002848 seconds
Number of updated asset objects reloaded before import = 0
Number of asset objects unloaded after import = 2
========================================================================
Received Import Request.
  Time since last request: 0.000039 seconds.
  path: Assets/Course Library/_Source_Files/Materials/PolygonCity_Texture_01_A.mat
  artifactKey: Guid(f846a97524f98f44bae9b13d72a2fc49) Importer(2089858483,0ecaa5967403d082aa24f35e1b516d23)
Start importing Assets/Course Library/_Source_Files/Materials/PolygonCity_Texture_01_A.mat using Guid(f846a97524f98f44bae9b13d72a2fc49) Importer(2089858483,0ecaa5967403d082aa24f35e1b516d23) [PhysX] Initialized MultithreadedTaskDispatcher with 8 workers.
 -> (artifact id: 'db24a7265b55eae6913694c97574ec12') in 0.004249 seconds
Number of updated asset objects reloaded before import = 0
Number of asset objects unloaded after import = 2
========================================================================
Received Import Request.
  Time since last request: 0.000162 seconds.
  path: Assets/Course Library/_Source_Files/Materials/SimplePeople_BusinessMan_White.mat
  artifactKey: Guid(497bbddce010fea4da3dcb5c5210ad16) Importer(2089858483,0ecaa5967403d082aa24f35e1b516d23)
Start importing Assets/Course Library/_Source_Files/Materials/SimplePeople_BusinessMan_White.mat using Guid(497bbddce010fea4da3dcb5c5210ad16) Importer(2089858483,0ecaa5967403d082aa24f35e1b516d23) [PhysX] Initialized MultithreadedTaskDispatcher with 8 workers.
 -> (artifact id: 'acd6667eb68406404fcfb7a162db45d8') in 0.002867 seconds
Number of updated asset objects reloaded before import = 0
Number of asset objects unloaded after import = 2
========================================================================
Received Import Request.
  Time since last request: 0.000034 seconds.
  path: Assets/Course Library/_Source_Files/Materials/SimpleFarmer_FarmersWife_Black.mat
  artifactKey: Guid(f98c6192bf2545644bb912bfaf19f832) Importer(2089858483,0ecaa5967403d082aa24f35e1b516d23)
Start importing Assets/Course Library/_Source_Files/Materials/SimpleFarmer_FarmersWife_Black.mat using Guid(f98c6192bf2545644bb912bfaf19f832) Importer(2089858483,0ecaa5967403d082aa24f35e1b516d23) [PhysX] Initialized MultithreadedTaskDispatcher with 8 workers.
 -> (artifact id: '13bac4c7b25bb4a54f88d48820f0eea1') in 0.002921 seconds
Number of updated asset objects reloaded before import = 0
Number of asset objects unloaded after import = 2
========================================================================
Received Import Request.
  Time since last request: 0.000097 seconds.
  path: Assets/Course Library/_Source_Files/Materials/SimplePeople_Doctor_Black.mat
  artifactKey: Guid(fbe960bc30150b14789f737d9e137d68) Importer(2089858483,0ecaa5967403d082aa24f35e1b516d23)
Start importing Assets/Course Library/_Source_Files/Materials/SimplePeople_Doctor_Black.mat using Guid(fbe960bc30150b14789f737d9e137d68) Importer(2089858483,0ecaa5967403d082aa24f35e1b516d23) [PhysX] Initialized MultithreadedTaskDispatcher with 8 workers.
 -> (artifact id: '340645c904b0cbf84f930fd2e1a00dbc') in 0.002888 seconds
Number of updated asset objects reloaded before import = 0
Number of asset objects unloaded after import = 2
========================================================================
Received Import Request.
  Time since last request: 0.000042 seconds.
  path: Assets/Course Library/_Source_Files/Materials/SimpleFarmer_FarmWrangler_Brown.mat
  artifactKey: Guid(98fbfc47bde97094b8c2f009de847406) Importer(2089858483,0ecaa5967403d082aa24f35e1b516d23)
Start importing Assets/Course Library/_Source_Files/Materials/SimpleFarmer_FarmWrangler_Brown.mat using Guid(98fbfc47bde97094b8c2f009de847406) Importer(2089858483,0ecaa5967403d082aa24f35e1b516d23) [PhysX] Initialized MultithreadedTaskDispatcher with 8 workers.
 -> (artifact id: '70303973880679522c98c561363d0ab2') in 0.002698 seconds
Number of updated asset objects reloaded before import = 0
Number of asset objects unloaded after import = 2
========================================================================
Received Import Request.
  Time since last request: 0.000029 seconds.
  path: Assets/Course Library/_Source_Files/Materials/SimplePeople_Punk_Brown.mat
  artifactKey: Guid(848858d55d6e52e46a6c23cbb76aa006) Importer(2089858483,0ecaa5967403d082aa24f35e1b516d23)
Start importing Assets/Course Library/_Source_Files/Materials/SimplePeople_Punk_Brown.mat using Guid(848858d55d6e52e46a6c23cbb76aa006) Importer(2089858483,0ecaa5967403d082aa24f35e1b516d23) [PhysX] Initialized MultithreadedTaskDispatcher with 8 workers.
 -> (artifact id: 'f263a123be75d98edc5e1505b552dce6') in 0.004106 seconds
Number of updated asset objects reloaded before import = 0
Number of asset objects unloaded after import = 2
========================================================================
Received Import Request.
  Time since last request: 0.000027 seconds.
  path: Assets/Course Library/_Source_Files/Materials/SimplePeople_Doctor_White.mat
  artifactKey: Guid(ce7f710feeb678b41b9487e80c4b85dd) Importer(2089858483,0ecaa5967403d082aa24f35e1b516d23)
Start importing Assets/Course Library/_Source_Files/Materials/SimplePeople_Doctor_White.mat using Guid(ce7f710feeb678b41b9487e80c4b85dd) Importer(2089858483,0ecaa5967403d082aa24f35e1b516d23) [PhysX] Initialized MultithreadedTaskDispatcher with 8 workers.
 -> (artifact id: '97080e278c88193def5167af2f8d3f14') in 0.002813 seconds
Number of updated asset objects reloaded before import = 0
Number of asset objects unloaded after import = 2
========================================================================
Received Import Request.
  Time since last request: 0.000051 seconds.
  path: Assets/Course Library/_Source_Files/Materials/SimpleFarmer_FarmersDaughter_Black.mat
  artifactKey: Guid(e4d5a3e7cf15bcd4a919ec0bb9c42188) Importer(2089858483,0ecaa5967403d082aa24f35e1b516d23)
Start importing Assets/Course Library/_Source_Files/Materials/SimpleFarmer_FarmersDaughter_Black.mat using Guid(e4d5a3e7cf15bcd4a919ec0bb9c42188) Importer(2089858483,0ecaa5967403d082aa24f35e1b516d23) [PhysX] Initialized MultithreadedTaskDispatcher with 8 workers.
 -> (artifact id: 'b10334fb1bb6db3dc6e98681085c4939') in 0.002866 seconds
Number of updated asset objects reloaded before import = 0
Number of asset objects unloaded after import = 2
========================================================================
Received Import Request.
  Time since last request: 0.000027 seconds.
  path: Assets/Course Library/_Source_Files/Materials/SimplePeople_RoadWorker_White.mat
  artifactKey: Guid(7cbaac20d34fa5d4eb775ebf3e14e643) Importer(2089858483,0ecaa5967403d082aa24f35e1b516d23)
Start importing Assets/Course Library/_Source_Files/Materials/SimplePeople_RoadWorker_White.mat using Guid(7cbaac20d34fa5d4eb775ebf3e14e643) Importer(2089858483,0ecaa5967403d082aa24f35e1b516d23) [PhysX] Initialized MultithreadedTaskDispatcher with 8 workers.
 -> (artifact id: '6ab93bd63db2c0a76792a413db7c9cd8') in 0.002817 seconds
Number of updated asset objects reloaded before import = 0
Number of asset objects unloaded after import = 2
========================================================================
Received Import Request.
  Time since last request: 0.000028 seconds.
  path: Assets/Course Library/_Source_Files/Materials/SimpleTownLite_Road.mat
  artifactKey: Guid(2191478c1f641c245b4fe9449817a0b7) Importer(2089858483,0ecaa5967403d082aa24f35e1b516d23)
Start importing Assets/Course Library/_Source_Files/Materials/SimpleTownLite_Road.mat using Guid(2191478c1f641c245b4fe9449817a0b7) Importer(2089858483,0ecaa5967403d082aa24f35e1b516d23) [PhysX] Initialized MultithreadedTaskDispatcher with 8 workers.
 -> (artifact id: '680529a405dfaaded2d8e5344e5350c5') in 0.002335 seconds
Number of updated asset objects reloaded before import = 0
Number of asset objects unloaded after import = 2
========================================================================
Received Import Request.
  Time since last request: 0.000027 seconds.
  path: Assets/Course Library/_Source_Files/Materials/SimpleFarmer_FarmWrangler_White.mat
  artifactKey: Guid(6bc0b76677d86c84bae40c11173940a2) Importer(2089858483,0ecaa5967403d082aa24f35e1b516d23)
Start importing Assets/Course Library/_Source_Files/Materials/SimpleFarmer_FarmWrangler_White.mat using Guid(6bc0b76677d86c84bae40c11173940a2) Importer(2089858483,0ecaa5967403d082aa24f35e1b516d23) [PhysX] Initialized MultithreadedTaskDispatcher with 8 workers.
 -> (artifact id: '397564e2a5030645d0df38851f88dcf6') in 0.004160 seconds
Number of updated asset objects reloaded before import = 0
Number of asset objects unloaded after import = 2
========================================================================
Received Import Request.
  Time since last request: 0.000026 seconds.
  path: Assets/Course Library/_Source_Files/Materials/SimplePeople_RoadWorker_Brown.mat
  artifactKey: Guid(90dcbab6fadc3d84db8a80a47e8012cf) Importer(2089858483,0ecaa5967403d082aa24f35e1b516d23)
Start importing Assets/Course Library/_Source_Files/Materials/SimplePeople_RoadWorker_Brown.mat using Guid(90dcbab6fadc3d84db8a80a47e8012cf) Importer(2089858483,0ecaa5967403d082aa24f35e1b516d23) [PhysX] Initialized MultithreadedTaskDispatcher with 8 workers.
 -> (artifact id: '0a5e78b9bd59c6be0c718c5c98366bb9') in 0.002716 seconds
Number of updated asset objects reloaded before import = 0
Number of asset objects unloaded after import = 2
========================================================================
Received Import Request.
  Time since last request: 0.000070 seconds.
  path: Assets/Course Library/Characters/Town/SimplePeople_Woman_Waitress_Black.prefab
  artifactKey: Guid(20847b8e912bc604b99e748a676d067b) Importer(2089858483,0ecaa5967403d082aa24f35e1b516d23)
Start importing Assets/Course Library/Characters/Town/SimplePeople_Woman_Waitress_Black.prefab using Guid(20847b8e912bc604b99e748a676d067b) Importer(2089858483,0ecaa5967403d082aa24f35e1b516d23) [PhysX] Initialized MultithreadedTaskDispatcher with 8 workers.
 -> (artifact id: '8a77e5d5da86c907da14897bb9413096') in 0.012388 seconds
Number of updated asset objects reloaded before import = 0
Number of asset objects unloaded after import = 400
========================================================================
Received Import Request.
  Time since last request: 0.000030 seconds.
  path: Assets/Course Library/_Source_Files/Materials/FX_Splash.mat
  artifactKey: Guid(1ee00051305bdb049b02c923f047227d) Importer(2089858483,0ecaa5967403d082aa24f35e1b516d23)
Start importing Assets/Course Library/_Source_Files/Materials/FX_Splash.mat using Guid(1ee00051305bdb049b02c923f047227d) Importer(2089858483,0ecaa5967403d082aa24f35e1b516d23) [PhysX] Initialized MultithreadedTaskDispatcher with 8 workers.
 -> (artifact id: '20953af1225b75e3babbfa045817dd47') in 0.002115 seconds
Number of updated asset objects reloaded before import = 0
Number of asset objects unloaded after import = 1
========================================================================
Received Import Request.
  Time since last request: 0.000146 seconds.
  path: Assets/Course Library/_Source_Files/Materials/SimpleShopInteriors.mat
  artifactKey: Guid(b243f1f84ea457945900d7c80e573112) Importer(2089858483,0ecaa5967403d082aa24f35e1b516d23)
Start importing Assets/Course Library/_Source_Files/Materials/SimpleShopInteriors.mat using Guid(b243f1f84ea457945900d7c80e573112) Importer(2089858483,0ecaa5967403d082aa24f35e1b516d23) [PhysX] Initialized MultithreadedTaskDispatcher with 8 workers.
 -> (artifact id: 'f0b0093b231263925b25d89e078c58b4') in 0.003963 seconds
Number of updated asset objects reloaded before import = 0
Number of asset objects unloaded after import = 2
========================================================================
Received Import Request.
  Time since last request: 0.000030 seconds.
  path: Assets/Course Library/_Source_Files/Materials/FX_Rubble.mat
  artifactKey: Guid(7a9bced7715b2c047b5413e33bc60d5c) Importer(2089858483,0ecaa5967403d082aa24f35e1b516d23)
Start importing Assets/Course Library/_Source_Files/Materials/FX_Rubble.mat using Guid(7a9bced7715b2c047b5413e33bc60d5c) Importer(2089858483,0ecaa5967403d082aa24f35e1b516d23) [PhysX] Initialized MultithreadedTaskDispatcher with 8 workers.
 -> (artifact id: 'f53e1c3abe50f2eda18ef9030518be02') in 0.002232 seconds
Number of updated asset objects reloaded before import = 0
Number of asset objects unloaded after import = 1
========================================================================
Received Import Request.
  Time since last request: 0.000054 seconds.
  path: Assets/Course Library/_Source_Files/Materials/SimpleFarmer_Farmer_White.mat
  artifactKey: Guid(76856409e42797647857f1675c1b6ef9) Importer(2089858483,0ecaa5967403d082aa24f35e1b516d23)
Start importing Assets/Course Library/_Source_Files/Materials/SimpleFarmer_Farmer_White.mat using Guid(76856409e42797647857f1675c1b6ef9) Importer(2089858483,0ecaa5967403d082aa24f35e1b516d23) [PhysX] Initialized MultithreadedTaskDispatcher with 8 workers.
 -> (artifact id: '52177804a78cdef4f98396b75c24d25c') in 0.002510 seconds
Number of updated asset objects reloaded before import = 0
Number of asset objects unloaded after import = 2
========================================================================
Received Import Request.
  Time since last request: 0.000026 seconds.
  path: Assets/Course Library/_Source_Files/Materials/SimpleFarmer_FarmersWife_Brown.mat
  artifactKey: Guid(dea8da5c59fb63f43bdae7f3ae6f83e9) Importer(2089858483,0ecaa5967403d082aa24f35e1b516d23)
Start importing Assets/Course Library/_Source_Files/Materials/SimpleFarmer_FarmersWife_Brown.mat using Guid(dea8da5c59fb63f43bdae7f3ae6f83e9) Importer(2089858483,0ecaa5967403d082aa24f35e1b516d23) [PhysX] Initialized MultithreadedTaskDispatcher with 8 workers.
 -> (artifact id: 'f6f46f2a282988507288dc33adebaa6d') in 0.002817 seconds
Number of updated asset objects reloaded before import = 0
Number of asset objects unloaded after import = 2
========================================================================
Received Import Request.
  Time since last request: 0.000030 seconds.
  path: Assets/Course Library/Characters/Town/SimplePeople_Man_Punk_Black.prefab
  artifactKey: Guid(fe32ce89f99911a478ea9e6736294382) Importer(2089858483,0ecaa5967403d082aa24f35e1b516d23)
Start importing Assets/Course Library/Characters/Town/SimplePeople_Man_Punk_Black.prefab using Guid(fe32ce89f99911a478ea9e6736294382) Importer(2089858483,0ecaa5967403d082aa24f35e1b516d23) [PhysX] Initialized MultithreadedTaskDispatcher with 8 workers.
 -> (artifact id: '9a00121e20e4c33d1fc18482e18beef9') in 0.012077 seconds
Number of updated asset objects reloaded before import = 0
Number of asset objects unloaded after import = 400
========================================================================
Received Import Request.
  Time since last request: 0.000051 seconds.
  path: Assets/Course Library/_Source_Files/Materials/SimpleFarmer_Farmer_Black.mat
  artifactKey: Guid(4ffb04dab08f3bc46b4bae49c8873e63) Importer(2089858483,0ecaa5967403d082aa24f35e1b516d23)
Start importing Assets/Course Library/_Source_Files/Materials/SimpleFarmer_Farmer_Black.mat using Guid(4ffb04dab08f3bc46b4bae49c8873e63) Importer(2089858483,0ecaa5967403d082aa24f35e1b516d23) [PhysX] Initialized MultithreadedTaskDispatcher with 8 workers.
 -> (artifact id: '87f64b29b6624ade2f01d036d39aeaa9') in 0.004210 seconds
Number of updated asset objects reloaded before import = 0
Number of asset objects unloaded after import = 2
========================================================================
Received Import Request.
  Time since last request: 0.000026 seconds.
  path: Assets/Course Library/_Source_Files/Materials/SimplePeople_BusinessMan_Brown.mat
  artifactKey: Guid(af9d542d86ca4fc4f842a8266577ae5e) Importer(2089858483,0ecaa5967403d082aa24f35e1b516d23)
Start importing Assets/Course Library/_Source_Files/Materials/SimplePeople_BusinessMan_Brown.mat using Guid(af9d542d86ca4fc4f842a8266577ae5e) Importer(2089858483,0ecaa5967403d082aa24f35e1b516d23) [PhysX] Initialized MultithreadedTaskDispatcher with 8 workers.
 -> (artifact id: 'c8d97df3a0f1198db5c517902b192527') in 0.002935 seconds
Number of updated asset objects reloaded before import = 0
Number of asset objects unloaded after import = 2
========================================================================
Received Import Request.
  Time since last request: 0.000033 seconds.
  path: Assets/Course Library/_Source_Files/Materials/Military_Green.mat
  artifactKey: Guid(7bc72f97a09670a4f9b072e70f88f4cd) Importer(2089858483,0ecaa5967403d082aa24f35e1b516d23)
Start importing Assets/Course Library/_Source_Files/Materials/Military_Green.mat using Guid(7bc72f97a09670a4f9b072e70f88f4cd) Importer(2089858483,0ecaa5967403d082aa24f35e1b516d23) [PhysX] Initialized MultithreadedTaskDispatcher with 8 workers.
 -> (artifact id: 'c9ff2efe2dada333805c3f4c56911a94') in 0.003487 seconds
Number of updated asset objects reloaded before import = 0
Number of asset objects unloaded after import = 2
========================================================================
Received Import Request.
  Time since last request: 0.000066 seconds.
  path: Assets/Course Library/_Source_Files/Materials/SimplePeople_Waitress_White.mat
  artifactKey: Guid(3d7b59a287cb2c444baeeaaaba1f7468) Importer(2089858483,0ecaa5967403d082aa24f35e1b516d23)
Start importing Assets/Course Library/_Source_Files/Materials/SimplePeople_Waitress_White.mat using Guid(3d7b59a287cb2c444baeeaaaba1f7468) Importer(2089858483,0ecaa5967403d082aa24f35e1b516d23) [PhysX] Initialized MultithreadedTaskDispatcher with 8 workers.
 -> (artifact id: '4a0236831e3422ac1e7b79f67f54417d') in 0.002873 seconds
Number of updated asset objects reloaded before import = 0
Number of asset objects unloaded after import = 2
========================================================================
Received Import Request.
  Time since last request: 0.000038 seconds.
  path: Assets/Course Library/Characters/Town/SimplePeople_Man_Punk_White.prefab
  artifactKey: Guid(f147a01ef442b2345a3546109476c690) Importer(2089858483,0ecaa5967403d082aa24f35e1b516d23)
Start importing Assets/Course Library/Characters/Town/SimplePeople_Man_Punk_White.prefab using Guid(f147a01ef442b2345a3546109476c690) Importer(2089858483,0ecaa5967403d082aa24f35e1b516d23) [PhysX] Initialized MultithreadedTaskDispatcher with 8 workers.
 -> (artifact id: '99640466b4db9aaca9835215400a23e9') in 0.012147 seconds
Number of updated asset objects reloaded before import = 0
Number of asset objects unloaded after import = 400
========================================================================
Received Import Request.
  Time since last request: 0.000046 seconds.
  path: Assets/Course Library/_Source_Files/Materials/Prop_Signs_00.mat
  artifactKey: Guid(16907a240f508cc46bb9ee1d37bc94ec) Importer(2089858483,0ecaa5967403d082aa24f35e1b516d23)
Start importing Assets/Course Library/_Source_Files/Materials/Prop_Signs_00.mat using Guid(16907a240f508cc46bb9ee1d37bc94ec) Importer(2089858483,0ecaa5967403d082aa24f35e1b516d23) [PhysX] Initialized MultithreadedTaskDispatcher with 8 workers.
 -> (artifact id: 'd3dc726d31d9a3e72423d57451613b86') in 0.003923 seconds
Number of updated asset objects reloaded before import = 0
Number of asset objects unloaded after import = 2
========================================================================
Received Import Request.
  Time since last request: 0.000093 seconds.
  path: Assets/Course Library/_Source_Files/Materials/SumoBalls_Material.mat
  artifactKey: Guid(ae4ff49dfb4c229488b12d99e4b0e3fc) Importer(2089858483,0ecaa5967403d082aa24f35e1b516d23)
Start importing Assets/Course Library/_Source_Files/Materials/SumoBalls_Material.mat using Guid(ae4ff49dfb4c229488b12d99e4b0e3fc) Importer(2089858483,0ecaa5967403d082aa24f35e1b516d23) [PhysX] Initialized MultithreadedTaskDispatcher with 8 workers.
 -> (artifact id: 'cdadba9a6439211f1b83ec6e8b9ba47d') in 0.002531 seconds
Number of updated asset objects reloaded before import = 0
Number of asset objects unloaded after import = 2
========================================================================
Received Import Request.
  Time since last request: 0.000099 seconds.
  path: Assets/Course Library/_Source_Files/Materials/PolygonTown_01_A.mat
  artifactKey: Guid(28646867ddcf90a4989276acd313ea43) Importer(2089858483,0ecaa5967403d082aa24f35e1b516d23)
Start importing Assets/Course Library/_Source_Files/Materials/PolygonTown_01_A.mat using Guid(28646867ddcf90a4989276acd313ea43) Importer(2089858483,0ecaa5967403d082aa24f35e1b516d23) [PhysX] Initialized MultithreadedTaskDispatcher with 8 workers.
 -> (artifact id: 'a970817a6de8ba3bf5eeba4f33f7ce40') in 0.006136 seconds
Number of updated asset objects reloaded before import = 0
Number of asset objects unloaded after import = 5
========================================================================
Received Import Request.
  Time since last request: 0.000049 seconds.
  path: Assets/Course Library/Characters/Town/SimplePeople_Woman_Doctor_Black.prefab
  artifactKey: Guid(03ffd135f81a3fb4cb6f2e6e944f979d) Importer(2089858483,0ecaa5967403d082aa24f35e1b516d23)
Start importing Assets/Course Library/Characters/Town/SimplePeople_Woman_Doctor_Black.prefab using Guid(03ffd135f81a3fb4cb6f2e6e944f979d) Importer(2089858483,0ecaa5967403d082aa24f35e1b516d23) [PhysX] Initialized MultithreadedTaskDispatcher with 8 workers.
 -> (artifact id: '71a8dbe10195922df1d116906a5792fc') in 0.012391 seconds
Number of updated asset objects reloaded before import = 0
Number of asset objects unloaded after import = 400
========================================================================
Received Import Request.
  Time since last request: 0.000024 seconds.
  path: Assets/Course Library/_Source_Files/Materials/SimpleDogs.mat
  artifactKey: Guid(5a3559dc71a3dee46a71f5627f48bb36) Importer(2089858483,0ecaa5967403d082aa24f35e1b516d23)
Start importing Assets/Course Library/_Source_Files/Materials/SimpleDogs.mat using Guid(5a3559dc71a3dee46a71f5627f48bb36) Importer(2089858483,0ecaa5967403d082aa24f35e1b516d23) [PhysX] Initialized MultithreadedTaskDispatcher with 8 workers.
 -> (artifact id: 'd00174497612a466f8e1f448b9e3eda5') in 0.002803 seconds
Number of updated asset objects reloaded before import = 0
Number of asset objects unloaded after import = 2
========================================================================
Received Import Request.
  Time since last request: 0.000251 seconds.
  path: Assets/Course Library/Characters/Town/SimplePeople_Man_Business_White.prefab
  artifactKey: Guid(b186f9485a0828b468f98fe846ae1a68) Importer(2089858483,0ecaa5967403d082aa24f35e1b516d23)
Start importing Assets/Course Library/Characters/Town/SimplePeople_Man_Business_White.prefab using Guid(b186f9485a0828b468f98fe846ae1a68) Importer(2089858483,0ecaa5967403d082aa24f35e1b516d23) [PhysX] Initialized MultithreadedTaskDispatcher with 8 workers.
 -> (artifact id: '0f32c72b0c8261420ea0583c2d388a78') in 0.013137 seconds
Number of updated asset objects reloaded before import = 0
Number of asset objects unloaded after import = 400
========================================================================
Received Prepare
Caller must complete domain reload
Begin MonoManager ReloadAssembly
Thread 0x16f787000 may have been prematurely finalized
- Loaded All Assemblies, in  0.245 seconds
Native extension for OSXStandalone target not found
Mono: successfully reloaded assembly
- Finished resetting the current domain, in  0.760 seconds
Domain Reload Profiling: 1005ms
	BeginReloadAssembly (99ms)
		ExecutionOrderSort (0ms)
		DisableScriptedObjects (3ms)
		BackupInstance (0ms)
		ReleaseScriptingObjects (0ms)
		CreateAndSetChildDomain (45ms)
	RebuildCommonClasses (19ms)
	RebuildNativeTypeToScriptingClass (7ms)
	initialDomainReloadingComplete (13ms)
	LoadAllAssembliesAndSetupDomain (108ms)
		LoadAssemblies (127ms)
		RebuildTransferFunctionScriptingTraits (0ms)
		AnalyzeDomain (11ms)
			TypeCache.Refresh (4ms)
				TypeCache.ScanAssembly (0ms)
			ScanForSourceGeneratedMonoScriptInfo (0ms)
			ResolveRequiredComponents (6ms)
	FinalizeReload (760ms)
		ReleaseScriptCaches (0ms)
		RebuildScriptCaches (0ms)
		SetupLoadedEditorAssemblies (210ms)
			LogAssemblyErrors (0ms)
			InitializePlatformSupportModulesInManaged (2ms)
			SetLoadedEditorAssemblies (2ms)
			RefreshPlugins (0ms)
			BeforeProcessingInitializeOnLoad (32ms)
			ProcessInitializeOnLoadAttributes (142ms)
			ProcessInitializeOnLoadMethodAttributes (32ms)
			AfterProcessingInitializeOnLoad (1ms)
			EditorAssembliesLoaded (0ms)
		ExecutionOrderSort2 (0ms)
		AwakeInstancesAfterBackupRestoration (7ms)
Refreshing native plugins compatible for Editor in 0.72 ms, found 2 plugins.
Preloading 0 native plugins for Editor in 0.00 ms.
Unloading 4737 Unused Serialized files (Serialized files now loaded: 0)
Unloading 22 unused Assets / (364.5 KB). Loaded Objects now: 5359.
Memory consumption went from 187.3 MB to 187.0 MB.
Total: 2.559875 ms (FindLiveObjects: 0.154667 ms CreateObjectMapping: 0.051625 ms MarkObjects: 2.211083 ms  DeleteObjects: 0.142042 ms)

Prepare: number of updated asset objects reloaded= 0
AssetImportParameters requested are different than current active one (requested -> active):
  custom:container-demuxer-ogg: 62fdf1f143b41e24485cea50d1cbac27 -> 
  custom:video-decoder-ogg-theora: a1e56fd34408186e4bbccfd4996cb3dc -> 
  custom:CustomObjectIndexerAttribute: 72b91833f83ae208fae7752999fa3104 -> 
  custom:container-demuxer-webm: 4f35f7cbe854078d1ac9338744f61a02 -> 
  custom:container-muxer-webm: aa71ff27fc2769a1b78a27578f13a17b -> 
  custom:video-decoder-webm-vp8: 9c59270c3fd7afecdb556c50c9e8de78 -> 
  custom:SearchIndexIgnoredProperties: e643bd26f0fe6173181afceb89e7c659 -> 
  custom:AudioImporter_EditorPlatform: 3918e3fc78b5a79bad01e8451be0beb8 -> 
  custom:framework-osx-AVFoundation: e770b220cccbd017edd2c1fefb359320 -> 
  custom:video-encoder-webm-vp8: eb34c28f22e8b96e1ab97ce403110664 -> 
  custom:audio-decoder-ogg-vorbis: bf7c407c2cedff20999df2af8eb42d56 -> 
  custom:audio-encoder-webm-vorbis: bf7c407c2cedff20999df2af8eb42d56 -> 
========================================================================
Received Import Request.
  Time since last request: 1380.136418 seconds.
  path: Assets/Course Library/_Source_Files/Materials/SimplePeople_Punk_Brown.mat
  artifactKey: Guid(848858d55d6e52e46a6c23cbb76aa006) Importer(2089858483,0ecaa5967403d082aa24f35e1b516d23)
Start importing Assets/Course Library/_Source_Files/Materials/SimplePeople_Punk_Brown.mat using Guid(848858d55d6e52e46a6c23cbb76aa006) Importer(2089858483,0ecaa5967403d082aa24f35e1b516d23) [PhysX] Initialized MultithreadedTaskDispatcher with 8 workers.
 -> (artifact id: 'c4eb2128b98ab7f2a57ca71fc829076c') in 0.153924 seconds
Number of updated asset objects reloaded before import = 0
Number of asset objects unloaded after import = 2
========================================================================
Received Import Request.
  Time since last request: 0.000072 seconds.
  path: Assets/Asset Store/TerrainSampleAssets/ShaderGraphs
  artifactKey: Guid(214f6da7065a69346b1ec423d8756968) Importer(2089858483,0ecaa5967403d082aa24f35e1b516d23)
Start importing Assets/Asset Store/TerrainSampleAssets/ShaderGraphs using Guid(214f6da7065a69346b1ec423d8756968) Importer(2089858483,0ecaa5967403d082aa24f35e1b516d23) [PhysX] Initialized MultithreadedTaskDispatcher with 8 workers.
 -> (artifact id: '6d30c51b3fe63ae57fe7cd7ff5deaff7') in 0.001867 seconds
Number of updated asset objects reloaded before import = 0
Number of asset objects unloaded after import = 1
========================================================================
Received Import Request.
  Time since last request: 0.000114 seconds.
  path: Assets/Course Library/Characters/Town/SimplePeople_Man_Punk_Black.prefab
  artifactKey: Guid(fe32ce89f99911a478ea9e6736294382) Importer(2089858483,3d70f49cd1c2eb9ae422958d1c652c6b)
Start importing Assets/Course Library/Characters/Town/SimplePeople_Man_Punk_Black.prefab using Guid(fe32ce89f99911a478ea9e6736294382) Importer(2089858483,3d70f49cd1c2eb9ae422958d1c652c6b) [PhysX] Initialized MultithreadedTaskDispatcher with 8 workers.
 -> (artifact id: 'a799a375c49209164bf54e694cfda612') in 0.015587 seconds
Number of updated asset objects reloaded before import = 0
Number of asset objects unloaded after import = 99
========================================================================
Received Import Request.
  Time since last request: 0.000039 seconds.
  path: Assets/Asset Store/TerrainSampleAssets/Models/Grass_B.asset
  artifactKey: Guid(255522b0d4257624f93e110d4a6135ed) Importer(2089858483,3d70f49cd1c2eb9ae422958d1c652c6b)
Start importing Assets/Asset Store/TerrainSampleAssets/Models/Grass_B.asset using Guid(255522b0d4257624f93e110d4a6135ed) Importer(2089858483,3d70f49cd1c2eb9ae422958d1c652c6b) [PhysX] Initialized MultithreadedTaskDispatcher with 8 workers.
 -> (artifact id: '3c72f67743cc87e2cdb6d3ba999e3a54') in 0.003412 seconds
Number of updated asset objects reloaded before import = 0
Number of asset objects unloaded after import = 0
========================================================================
Received Import Request.
  Time since last request: 0.000095 seconds.
  path: Assets/Asset Store/TerrainSampleAssets/Textures/Details/Heather_A_Thickness.tif
  artifactKey: Guid(0942f310de78e664aaaca6d7d276cb61) Importer(2089858483,0ecaa5967403d082aa24f35e1b516d23)
Start importing Assets/Asset Store/TerrainSampleAssets/Textures/Details/Heather_A_Thickness.tif using Guid(0942f310de78e664aaaca6d7d276cb61) Importer(2089858483,0ecaa5967403d082aa24f35e1b516d23) [PhysX] Initialized MultithreadedTaskDispatcher with 8 workers.
 -> (artifact id: 'ae5fbf1cc36215f9a7e2c1aa88629145') in 0.021385 seconds
Number of updated asset objects reloaded before import = 0
Number of asset objects unloaded after import = 1
========================================================================
Received Import Request.
  Time since last request: 0.000642 seconds.
  path: Assets/Asset Store/TerrainSampleAssets/Models/Fern_A.asset
  artifactKey: Guid(2532d22dd52b5854189d40a50540b705) Importer(2089858483,3d70f49cd1c2eb9ae422958d1c652c6b)
Start importing Assets/Asset Store/TerrainSampleAssets/Models/Fern_A.asset using Guid(2532d22dd52b5854189d40a50540b705) Importer(2089858483,3d70f49cd1c2eb9ae422958d1c652c6b) [PhysX] Initialized MultithreadedTaskDispatcher with 8 workers.
 -> (artifact id: 'eb64cee49f2670874dce5fdaa816e65f') in 0.002147 seconds
Number of updated asset objects reloaded before import = 0
Number of asset objects unloaded after import = 0
========================================================================
Received Import Request.
  Time since last request: 0.000138 seconds.
  path: Assets/Asset Store/TerrainSampleAssets/Prefabs/Grass_B.prefab
  artifactKey: Guid(7b3e6db10d22f504dbc606110b2cb5e7) Importer(2089858483,3d70f49cd1c2eb9ae422958d1c652c6b)
Start importing Assets/Asset Store/TerrainSampleAssets/Prefabs/Grass_B.prefab using Guid(7b3e6db10d22f504dbc606110b2cb5e7) Importer(2089858483,3d70f49cd1c2eb9ae422958d1c652c6b) [PhysX] Initialized MultithreadedTaskDispatcher with 8 workers.
 -> (artifact id: '91b444da37beafc6d40aca7c74c76f62') in 0.005045 seconds
Number of updated asset objects reloaded before import = 0
Number of asset objects unloaded after import = 9
========================================================================
Received Import Request.
  Time since last request: 0.000239 seconds.
  path: Assets/Course Library/_Source_Files/Materials/SimplePeople_Punk_Black.mat
  artifactKey: Guid(cba661a44d31ac342b6e3f75f0701f9e) Importer(2089858483,0ecaa5967403d082aa24f35e1b516d23)
Start importing Assets/Course Library/_Source_Files/Materials/SimplePeople_Punk_Black.mat using Guid(cba661a44d31ac342b6e3f75f0701f9e) Importer(2089858483,0ecaa5967403d082aa24f35e1b516d23) [PhysX] Initialized MultithreadedTaskDispatcher with 8 workers.
 -> (artifact id: 'bac95fcb9567d6cd685bafeef11f5de4') in 0.005041 seconds
Number of updated asset objects reloaded before import = 0
Number of asset objects unloaded after import = 2
========================================================================
Received Import Request.
  Time since last request: 0.000067 seconds.
  path: Assets/Asset Store/LowPolyTropicalEnvironment_LITE/Prefabs/Chest_01.prefab
  artifactKey: Guid(2269c5cfaa7f7314bba868f540b5ddad) Importer(2089858483,3d70f49cd1c2eb9ae422958d1c652c6b)
Start importing Assets/Asset Store/LowPolyTropicalEnvironment_LITE/Prefabs/Chest_01.prefab using Guid(2269c5cfaa7f7314bba868f540b5ddad) Importer(2089858483,3d70f49cd1c2eb9ae422958d1c652c6b) [PhysX] Initialized MultithreadedTaskDispatcher with 8 workers.
 -> (artifact id: '63b1c5af0d08ed17d9d3ec0cec8c09bc') in 0.007101 seconds
Number of updated asset objects reloaded before import = 0
Number of asset objects unloaded after import = 58
========================================================================
Received Import Request.
  Time since last request: 0.000039 seconds.
  path: Assets/Asset Store/LowPolyTropicalEnvironment_LITE/Prefabs/Rock_01.prefab
  artifactKey: Guid(c8a2815ff94c8cf4c817008d9af097ad) Importer(2089858483,0ecaa5967403d082aa24f35e1b516d23)
Start importing Assets/Asset Store/LowPolyTropicalEnvironment_LITE/Prefabs/Rock_01.prefab using Guid(c8a2815ff94c8cf4c817008d9af097ad) Importer(2089858483,0ecaa5967403d082aa24f35e1b516d23) [PhysX] Initialized MultithreadedTaskDispatcher with 8 workers.
 -> (artifact id: '42c26d04f0e29204f91bea5aa89676b5') in 0.011277 seconds
Number of updated asset objects reloaded before import = 0
Number of asset objects unloaded after import = 16
========================================================================
Received Import Request.
  Time since last request: 0.000056 seconds.
  path: Assets/Asset Store/LowPolyTropicalEnvironment_LITE/Prefabs/Plant_01.prefab
  artifactKey: Guid(cb8023970bbd62147ba1b145685c0a02) Importer(2089858483,0ecaa5967403d082aa24f35e1b516d23)
Start importing Assets/Asset Store/LowPolyTropicalEnvironment_LITE/Prefabs/Plant_01.prefab using Guid(cb8023970bbd62147ba1b145685c0a02) Importer(2089858483,0ecaa5967403d082aa24f35e1b516d23) [PhysX] Initialized MultithreadedTaskDispatcher with 8 workers.
 -> (artifact id: '261849863d239a173fb6e252b249625c') in 0.004455 seconds
Number of updated asset objects reloaded before import = 0
Number of asset objects unloaded after import = 20
========================================================================
Received Import Request.
  Time since last request: 0.000598 seconds.
  path: Assets/Asset Store/LowPolyTropicalEnvironment_LITE/Models/Chest_01_2.fbx
  artifactKey: Guid(2676e78c7f3295e4fafa83bedcf2c7af) Importer(2089858483,0ecaa5967403d082aa24f35e1b516d23)
Start importing Assets/Asset Store/LowPolyTropicalEnvironment_LITE/Models/Chest_01_2.fbx using Guid(2676e78c7f3295e4fafa83bedcf2c7af) Importer(2089858483,0ecaa5967403d082aa24f35e1b516d23) [PhysX] Initialized MultithreadedTaskDispatcher with 8 workers.
 -> (artifact id: 'b0ebf4bb5cb1f78d8afb1ebedf0cc7be') in 0.021932 seconds
Number of updated asset objects reloaded before import = 0
Number of asset objects unloaded after import = 20
========================================================================
Received Import Request.
  Time since last request: 0.001842 seconds.
  path: Assets/Asset Store/LowPolyTropicalEnvironment_LITE/Textures
  artifactKey: Guid(fc9599f2911e4cf458e5df04efce8af4) Importer(2089858483,0ecaa5967403d082aa24f35e1b516d23)
Start importing Assets/Asset Store/LowPolyTropicalEnvironment_LITE/Textures using Guid(fc9599f2911e4cf458e5df04efce8af4) Importer(2089858483,0ecaa5967403d082aa24f35e1b516d23) [PhysX] Initialized MultithreadedTaskDispatcher with 8 workers.
 -> (artifact id: 'c7ae1437834380a4ae3320f2ac0e51b5') in 0.001459 seconds
Number of updated asset objects reloaded before import = 0
Number of asset objects unloaded after import = 1
========================================================================
Received Import Request.
  Time since last request: 0.000667 seconds.
  path: Assets/Course Library/_Source_Files/Materials/SimpleFarmer_FarmWrangler_Black.mat
  artifactKey: Guid(9d9526852cc4b0b42bf5de686168e78d) Importer(2089858483,0ecaa5967403d082aa24f35e1b516d23)
Start importing Assets/Course Library/_Source_Files/Materials/SimpleFarmer_FarmWrangler_Black.mat using Guid(9d9526852cc4b0b42bf5de686168e78d) Importer(2089858483,0ecaa5967403d082aa24f35e1b516d23) [PhysX] Initialized MultithreadedTaskDispatcher with 8 workers.
 -> (artifact id: 'ac746836bb04ff9f9fbdf14cbd23ac5e') in 0.006233 seconds
Number of updated asset objects reloaded before import = 0
Number of asset objects unloaded after import = 2
========================================================================
Received Import Request.
  Time since last request: 0.000250 seconds.
  path: Assets/Asset Store/TerrainSampleAssets/ShaderGraphs/TerrainGrass.shadergraph
  artifactKey: Guid(dfa3b96612ed4df4a97b7fd06217ba23) Importer(2089858483,0ecaa5967403d082aa24f35e1b516d23)
Start importing Assets/Asset Store/TerrainSampleAssets/ShaderGraphs/TerrainGrass.shadergraph using Guid(dfa3b96612ed4df4a97b7fd06217ba23) Importer(2089858483,0ecaa5967403d082aa24f35e1b516d23) [PhysX] Initialized MultithreadedTaskDispatcher with 8 workers.
 -> (artifact id: 'b8a02304c8be6a736e905b16d95ce9fe') in 0.288715 seconds
Number of updated asset objects reloaded before import = 0
Number of asset objects unloaded after import = 3
========================================================================
Received Import Request.
  Time since last request: 0.000031 seconds.
  path: Assets/Course Library/_Source_Files/Materials/SimplePeople_Punk_White.mat
  artifactKey: Guid(34c2d8b1b19253547badb55d82bb8103) Importer(2089858483,0ecaa5967403d082aa24f35e1b516d23)
Start importing Assets/Course Library/_Source_Files/Materials/SimplePeople_Punk_White.mat using Guid(34c2d8b1b19253547badb55d82bb8103) Importer(2089858483,0ecaa5967403d082aa24f35e1b516d23) [PhysX] Initialized MultithreadedTaskDispatcher with 8 workers.
 -> (artifact id: '73b50e473fa394015040c07f171cb744') in 0.003736 seconds
Number of updated asset objects reloaded before import = 0
Number of asset objects unloaded after import = 2
========================================================================
Received Import Request.
  Time since last request: 0.000045 seconds.
  path: Assets/Asset Store/LowPolyTropicalEnvironment_LITE/Textures/TropicalEnvironmentLite_Sand_Normal.png
  artifactKey: Guid(86fee28dea7862e4bae99889b0682a28) Importer(2089858483,0ecaa5967403d082aa24f35e1b516d23)
Start importing Assets/Asset Store/LowPolyTropicalEnvironment_LITE/Textures/TropicalEnvironmentLite_Sand_Normal.png using Guid(86fee28dea7862e4bae99889b0682a28) Importer(2089858483,0ecaa5967403d082aa24f35e1b516d23) [PhysX] Initialized MultithreadedTaskDispatcher with 8 workers.
 -> (artifact id: '8e369d7a66082e0c219ebbe96869e8e9') in 0.007001 seconds
Number of updated asset objects reloaded before import = 0
Number of asset objects unloaded after import = 1
========================================================================
Received Import Request.
  Time since last request: 0.000034 seconds.
  path: Assets/Asset Store/TerrainSampleAssets/Prefabs/Plant_B.prefab
  artifactKey: Guid(0a701dc0b49cb264c88918e012866821) Importer(2089858483,3d70f49cd1c2eb9ae422958d1c652c6b)
Start importing Assets/Asset Store/TerrainSampleAssets/Prefabs/Plant_B.prefab using Guid(0a701dc0b49cb264c88918e012866821) Importer(2089858483,3d70f49cd1c2eb9ae422958d1c652c6b) [PhysX] Initialized MultithreadedTaskDispatcher with 8 workers.
 -> (artifact id: 'db1535753815d766b4dc29ff0bcf33d5') in 0.003266 seconds
Number of updated asset objects reloaded before import = 0
Number of asset objects unloaded after import = 9
========================================================================
Received Import Request.
  Time since last request: 0.000025 seconds.
  path: Assets/Asset Store/LowPolyTropicalEnvironment_LITE/Materials/TropicalEnvironmentLite_MAIN.mat
  artifactKey: Guid(fd0f411072abac7438aba85e685bbb81) Importer(2089858483,0ecaa5967403d082aa24f35e1b516d23)
Start importing Assets/Asset Store/LowPolyTropicalEnvironment_LITE/Materials/TropicalEnvironmentLite_MAIN.mat using Guid(fd0f411072abac7438aba85e685bbb81) Importer(2089858483,0ecaa5967403d082aa24f35e1b516d23) [PhysX] Initialized MultithreadedTaskDispatcher with 8 workers.
 -> (artifact id: '50ea503f13061c5767c53a50ae4c81b1') in 0.004998 seconds
Number of updated asset objects reloaded before import = 0
Number of asset objects unloaded after import = 2
========================================================================
Received Import Request.
  Time since last request: 0.000085 seconds.
  path: Assets/Course Library/_Source_Files/Materials/SimpleFarmer_FarmersWife_Black.mat
  artifactKey: Guid(f98c6192bf2545644bb912bfaf19f832) Importer(2089858483,0ecaa5967403d082aa24f35e1b516d23)
Start importing Assets/Course Library/_Source_Files/Materials/SimpleFarmer_FarmersWife_Black.mat using Guid(f98c6192bf2545644bb912bfaf19f832) Importer(2089858483,0ecaa5967403d082aa24f35e1b516d23) [PhysX] Initialized MultithreadedTaskDispatcher with 8 workers.
 -> (artifact id: 'dee04e65260d7c9ae68d1af039d9cc9d') in 0.007188 seconds
Number of updated asset objects reloaded before import = 0
Number of asset objects unloaded after import = 2
========================================================================
Received Import Request.
  Time since last request: 0.003658 seconds.
  path: Assets/Course Library/_Source_Files/Materials/SimplePeople_BusinessMan_White.mat
  artifactKey: Guid(497bbddce010fea4da3dcb5c5210ad16) Importer(2089858483,0ecaa5967403d082aa24f35e1b516d23)
Start importing Assets/Course Library/_Source_Files/Materials/SimplePeople_BusinessMan_White.mat using Guid(497bbddce010fea4da3dcb5c5210ad16) Importer(2089858483,0ecaa5967403d082aa24f35e1b516d23) [PhysX] Initialized MultithreadedTaskDispatcher with 8 workers.
 -> (artifact id: '740b2f946f3b8ef5d460b48def012f60') in 0.007971 seconds
Number of updated asset objects reloaded before import = 0
Number of asset objects unloaded after import = 2
========================================================================
Received Import Request.
  Time since last request: 0.000281 seconds.
  path: Assets/Asset Store/TerrainSampleAssets/Textures/Details/Materials
  artifactKey: Guid(fa1d30f26c1dd4a68b550177777e84d3) Importer(2089858483,0ecaa5967403d082aa24f35e1b516d23)
Start importing Assets/Asset Store/TerrainSampleAssets/Textures/Details/Materials using Guid(fa1d30f26c1dd4a68b550177777e84d3) Importer(2089858483,0ecaa5967403d082aa24f35e1b516d23) [PhysX] Initialized MultithreadedTaskDispatcher with 8 workers.
 -> (artifact id: 'be41a9cbeec6358ede67eb17f0c1fc53') in 0.002192 seconds
Number of updated asset objects reloaded before import = 0
Number of asset objects unloaded after import = 1
========================================================================
Received Import Request.
  Time since last request: 0.001684 seconds.
  path: Assets/Asset Store/TerrainSampleAssets/Textures/Heightmaps/Hills01_Heightmap.tiff
  artifactKey: Guid(0a9c4cb001d0620468e11a00fbe9e94e) Importer(2089858483,0ecaa5967403d082aa24f35e1b516d23)
Start importing Assets/Asset Store/TerrainSampleAssets/Textures/Heightmaps/Hills01_Heightmap.tiff using Guid(0a9c4cb001d0620468e11a00fbe9e94e) Importer(2089858483,0ecaa5967403d082aa24f35e1b516d23) [PhysX] Initialized MultithreadedTaskDispatcher with 8 workers.
 -> (artifact id: '2eff7963d4b235d1a20be069ef79335d') in 0.014896 seconds
Number of updated asset objects reloaded before import = 0
Number of asset objects unloaded after import = 1
========================================================================
Received Import Request.
  Time since last request: 0.002104 seconds.
  path: Assets/Asset Store/TerrainSampleAssets/Textures/Details/Heather_A_Normal.tif
  artifactKey: Guid(b5680c218e8592f489953c2723e3aac4) Importer(2089858483,0ecaa5967403d082aa24f35e1b516d23)
Start importing Assets/Asset Store/TerrainSampleAssets/Textures/Details/Heather_A_Normal.tif using Guid(b5680c218e8592f489953c2723e3aac4) Importer(2089858483,0ecaa5967403d082aa24f35e1b516d23) [PhysX] Initialized MultithreadedTaskDispatcher with 8 workers.
 -> (artifact id: 'f6f31e5e62b2ddc7346c849ac3bdef15') in 0.011767 seconds
Number of updated asset objects reloaded before import = 0
Number of asset objects unloaded after import = 1
========================================================================
Received Import Request.
  Time since last request: 0.000380 seconds.
  path: Assets/Asset Store/TerrainSampleAssets/Prefabs/Grass_D.prefab
  artifactKey: Guid(4dfd50a1f648e984f8188be70774f281) Importer(2089858483,0ecaa5967403d082aa24f35e1b516d23)
Start importing Assets/Asset Store/TerrainSampleAssets/Prefabs/Grass_D.prefab using Guid(4dfd50a1f648e984f8188be70774f281) Importer(2089858483,0ecaa5967403d082aa24f35e1b516d23) [PhysX] Initialized MultithreadedTaskDispatcher with 8 workers.
 -> (artifact id: '2f088e0a032c59ec86ca3b6bb9306966') in 0.010944 seconds
Number of updated asset objects reloaded before import = 0
Number of asset objects unloaded after import = 7
========================================================================
Received Import Request.
  Time since last request: 0.000365 seconds.
  path: Assets/Asset Store/TerrainSampleAssets/Prefabs/Grass_A.prefab
  artifactKey: Guid(4e6885e0d11bd224fa27617a4657c329) Importer(2089858483,0ecaa5967403d082aa24f35e1b516d23)
Start importing Assets/Asset Store/TerrainSampleAssets/Prefabs/Grass_A.prefab using Guid(4e6885e0d11bd224fa27617a4657c329) Importer(2089858483,0ecaa5967403d082aa24f35e1b516d23) [PhysX] Initialized MultithreadedTaskDispatcher with 8 workers.
 -> (artifact id: '92887792f6176471ea9d2c3fd8e2bb20') in 0.004231 seconds
Number of updated asset objects reloaded before import = 0
Number of asset objects unloaded after import = 7
========================================================================
Received Import Request.
  Time since last request: 0.000159 seconds.
  path: Assets/Asset Store/TerrainSampleAssets/Textures/Heightmaps/Canyon04_Heightmap.tif
  artifactKey: Guid(fd3a283142a57bd4aa8029f5e0705fc5) Importer(2089858483,0ecaa5967403d082aa24f35e1b516d23)
Start importing Assets/Asset Store/TerrainSampleAssets/Textures/Heightmaps/Canyon04_Heightmap.tif using Guid(fd3a283142a57bd4aa8029f5e0705fc5) Importer(2089858483,0ecaa5967403d082aa24f35e1b516d23) [PhysX] Initialized MultithreadedTaskDispatcher with 8 workers.
 -> (artifact id: '2b200aafa94de9824d815f2fa70aab5f') in 0.009443 seconds
Number of updated asset objects reloaded before import = 0
Number of asset objects unloaded after import = 1
========================================================================
Received Import Request.
  Time since last request: 0.000180 seconds.
  path: Assets/Asset Store/LowPolyTropicalEnvironment_LITE/Textures/TropicalEnvironmentLite_Grass_Normal.png
  artifactKey: Guid(172f31a5fb9f24a4085dfff56feb24bb) Importer(2089858483,0ecaa5967403d082aa24f35e1b516d23)
Start importing Assets/Asset Store/LowPolyTropicalEnvironment_LITE/Textures/TropicalEnvironmentLite_Grass_Normal.png using Guid(172f31a5fb9f24a4085dfff56feb24bb) Importer(2089858483,0ecaa5967403d082aa24f35e1b516d23) [PhysX] Initialized MultithreadedTaskDispatcher with 8 workers.
 -> (artifact id: '074afb6483c14396848d7e7217075a98') in 0.007547 seconds
Number of updated asset objects reloaded before import = 0
Number of asset objects unloaded after import = 1
========================================================================
Received Import Request.
  Time since last request: 0.000187 seconds.
  path: Assets/Asset Store/TerrainSampleAssets/Materials/Heather.asset
  artifactKey: Guid(9ef29f7651a5050409fa9822d6d4f941) Importer(2089858483,3d70f49cd1c2eb9ae422958d1c652c6b)
Start importing Assets/Asset Store/TerrainSampleAssets/Materials/Heather.asset using Guid(9ef29f7651a5050409fa9822d6d4f941) Importer(2089858483,3d70f49cd1c2eb9ae422958d1c652c6b) [PhysX] Initialized MultithreadedTaskDispatcher with 8 workers.
 -> (artifact id: 'ddf7bc97ea1b655fc21777c229a156f4') in 0.003493 seconds
Number of updated asset objects reloaded before import = 0
Number of asset objects unloaded after import = 1
Editor requested this worker to shutdown with reason: balancing worker count downwards
TcpMessagingSession - receive error: operation aborted. errorcode: 89, details: Operation aborted.
AssetImportWorker is now disconnected from the server
Process exiting
